date,MVO|Sample|GMVP,MVO|Sample|MSRP,SA-cont|Sample|GMVP,SA-cont|Sample|MSRP,MVO-round-P20|Sample|GMVP,MVO-round-P20|Sample|MSRP,QUBO-P20|Sample|GMVP,QUBO-P20|Sample|MSRP,MVO-round-P100|Sample|GMVP,MVO-round-P100|Sample|MSRP,QUBO-P100|Sample|GMVP,QUBO-P100|Sample|MSRP,MVO|EWMA|GMVP,MVO|EWMA|MSRP,SA-cont|EWMA|GMVP,SA-cont|EWMA|MSRP,MVO-round-P20|EWMA|GMVP,MVO-round-P20|EWMA|MSRP,QUBO-P20|EWMA|GMVP,QUBO-P20|EWMA|MSRP,MVO-round-P100|EWMA|GMVP,MVO-round-P100|EWMA|MSRP,QUBO-P100|EWMA|GMVP,QUBO-P100|EWMA|MSRP,MVO|LW-Identity|GMVP,MVO|LW-Identity|MSRP,SA-cont|LW-Identity|GMVP,SA-cont|LW-Identity|MSRP,MVO-round-P20|LW-Identity|GMVP,MVO-round-P20|LW-Identity|MSRP,QUBO-P20|LW-Identity|GMVP,QUBO-P20|LW-Identity|MSRP,MVO-round-P100|LW-Identity|GMVP,MVO-round-P100|LW-Identity|MSRP,QUBO-P100|LW-Identity|GMVP,QUBO-P100|LW-Identity|MSRP,MVO|LW-ConstCorr|GMVP,MVO|LW-ConstCorr|MSRP,SA-cont|LW-ConstCorr|GMVP,SA-cont|LW-ConstCorr|MSRP,MVO-round-P20|LW-ConstCorr|GMVP,MVO-round-P20|LW-ConstCorr|MSRP,QUBO-P20|LW-ConstCorr|GMVP,QUBO-P20|LW-ConstCorr|MSRP,MVO-round-P100|LW-ConstCorr|GMVP,MVO-round-P100|LW-ConstCorr|MSRP,QUBO-P100|LW-ConstCorr|GMVP,QUBO-P100|LW-ConstCorr|MSRP,MVO|LW-SingleFactor|GMVP,MVO|LW-SingleFactor|MSRP,SA-cont|LW-SingleFactor|GMVP,SA-cont|LW-SingleFactor|MSRP,MVO-round-P20|LW-SingleFactor|GMVP,MVO-round-P20|LW-SingleFactor|MSRP,QUBO-P20|LW-SingleFactor|GMVP,QUBO-P20|LW-SingleFactor|MSRP,MVO-round-P100|LW-SingleFactor|GMVP,MVO-round-P100|LW-SingleFactor|MSRP,QUBO-P100|LW-SingleFactor|GMVP,QUBO-P100|LW-SingleFactor|MSRP,EqualWeight,Oracle|Realized|GMVP,Oracle|Realized|MSRP,MVO-cap10|Sample|GMVP,MVO-cap10|Sample|MSRP,MVO-cap10|EWMA|GMVP,MVO-cap10|EWMA|MSRP,MVO-cap10|LW-Identity|GMVP,MVO-cap10|LW-Identity|MSRP,MVO-cap10|LW-ConstCorr|GMVP,MVO-cap10|LW-ConstCorr|MSRP,MVO-cap10|LW-SingleFactor|GMVP,MVO-cap10|LW-SingleFactor|MSRP,0050 ETF
2025-03-10,-0.00082769711,0.0056366838,-0.0008271265,0.0056368163,-0.00084400638,0.0061115818,0.0017975335,0.01171576,-0.0010074531,0.005655603,0.00044683194,0.0089118011,-0.0012691803,0.0025858684,-0.0012712728,0.0025857096,-0.00068958395,0.0025196651,-0.0026952384,0.0015220744,-0.001206319,0.0027497613,-0.0008516067,0.0029313477,-0.00087456121,0.0065408808,-0.00087475513,0.0065407179,0.00018513976,0.0072233832,0.0005947186,0.013200918,-0.00084400119,0.0063320231,-0.00041652921,0.0095764183,-0.00071059015,0.006872731,-0.00070949093,0.0068730057,-0.0010055878,0.0063118033,5.9595474e-05,0.011800733,-0.00067527702,0.0069787465,8.2608525e-05,0.011704955,-0.0008975743,0.0060741372,-0.00089909784,0.0060740652,-0.001057377,0.0061115818,-0.001174345,0.017885123,-0.00096376937,0.0062316476,-0.0013995892,0.0079898155,-0.0033198246,-0.0036432083,-0.0080789954,-0.00044878837,0.0025960181,-0.0015479472,0.0011962605,-0.00043302515,0.0027131398,0.0003573709,0.0036118817,-7.4507143e-05,0.0028799993,-0.0059028777
2025-03-11,-0.0029153053,-0.0059331427,-0.0029147978,-0.0059331426,-0.0024117409,-0.006455769,-0.0076118519,-0.0079341,-0.0029182357,-0.0060160131,-0.0049239308,-0.011123163,-0.0030521913,-0.0049909061,-0.0030513266,-0.0049907972,-0.0027414051,-0.0041356247,-0.004187448,-0.0067125485,-0.0029405463,-0.0049802175,-0.0055754537,-0.010732381,-0.0024988946,-0.0071428062,-0.0024982149,-0.0071428015,-0.002857328,-0.0066428457,-0.0027706619,-0.014770853,-0.0024453599,-0.0072417404,-0.0038902895,-0.012548214,-0.0031210103,-0.0064479359,-0.0031214976,-0.0064479964,-0.0025147563,-0.0063825785,-0.0034813328,-0.012295732,-0.0030940205,-0.006609423,-0.005588393,-0.010072176,-0.00299496,-0.0060454023,-0.0029941485,-0.0060453915,-0.0022170156,-0.006455769,-0.0046943979,-0.01508038,-0.0029091435,-0.0061193527,-0.0054809719,-0.0081143408,-0.0089702712,-0.0020589738,-0.011606066,-0.0021976452,-0.007501312,-0.0020015059,-0.007851373,-0.0021895807,-0.0077145101,-0.002556537,-0.0078423479,-0.002453622,-0.00731561,-0.017543811
2025-03-12,0.00030382216,-0.0037640311,0.00030277232,-0.0037640497,0.00014472459,-0.0035806081,0.0015435292,-0.0062873661,0.00050158041,-0.0036837924,-0.0003328446,-0.0029975147,0.00052479957,-0.0036538761,0.00052290264,-0.003653998,0.00048226711,-0.0038208104,0.0013910665,0.00046475083,0.00043621966,-0.0037427143,-0.00024169143,-0.00071692823,-0.00096287304,-0.0035726532,-0.00096119248,-0.003572619,-0.0013998862,-0.0039078979,-0.0013997597,-0.0027595346,-0.0010567265,-0.0035258807,0.00092396681,-0.0012087732,0.00050805699,-0.0036366797,0.00050845401,-0.0036367597,0.00032256245,-0.0035290444,-0.0019444762,-0.00091542673,0.00054908403,-0.0035882554,-0.0014881945,-0.0034640604,0.00037995235,-0.0037741837,0.00037939328,-0.0037741273,0.00016312408,-0.0035806081,0.0021712796,-0.0038408371,0.00025699284,-0.0037724462,0.0013216257,-0.0045247835,0.0012857362,0.0036527084,-0.0073126634,-0.0023833914,-0.0035651767,-0.0026204463,-0.0020374694,-0.0021621499,-0.0034974523,-0.0021116325,-0.003128019,-0.002136351,-0.0035825731,0.0043956171
2025-03-13,-0.0020796527,-0.017141272,-0.0020786859,-0.017141524,-0.0021017443,-0.01723112,-0.0035944855,-0.022734695,-0.0021320574,-0.01716555,-0.0045921335,-0.018070472,-0.00083472891,-0.013380773,-0.00083776917,-0.013380618,-0.002087918,-0.013826743,-0.0011439063,-0.015746105,-0.0004111786,-0.013257932,-0.003367798,-0.012830003,-0.003257695,-0.017209438,-0.0032592015,-0.017209242,-0.003177543,-0.018601002,-0.0034168311,-0.019768913,-0.0033136187,-0.016818311,-0.0050497206,-0.020830592,-0.0010222205,-0.018720877,-0.0010188231,-0.018720735,-0.0022099938,-0.018931392,-0.0027785475,-0.019669962,-0.00093949531,-0.018740646,-0.0014433419,-0.029042941,-0.0018069526,-0.017360494,-0.001807557,-0.017360543,-0.0022973871,-0.01723112,-0.0027387901,-0.026440648,-0.0022281413,-0.017340845,-0.0062117967,-0.023470704,-0.0082018112,0.0022033572,0.0040612469,-0.004728949,-0.013315915,-0.0036597161,-0.011840312,-0.0047978831,-0.013438331,-0.003792574,-0.012657623,-0.0043523801,-0.01285236,-0.0092997757
2025-03-14,0.00067246513,0.013975901,0.00067190353,0.013976175,0.00056962882,0.014690576,0.008268016,0.028669807,0.00029649828,0.013961229,0.0013756488,0.025359559,0.00046555186,0.0084184772,0.00046521276,0.0084182072,0.0008521328,0.0079004892,-0.00010968985,0.0093935814,0.00045307336,0.0086344113,0.0043193873,0.015069157,0.00054518675,0.016065483,0.00054135509,0.016065184,0.0016049818,0.017218616,0.0013168969,0.036079309,0.00057290798,0.015769988,0.004091184,0.026521605,0.00058769416,0.016040022,0.00058821837,0.016040401,0.00051558724,0.015322399,0.0053056124,0.02411885,0.00060732665,0.016300749,0.0033801873,0.037636829,0.00053218184,0.014490692,0.00053247089,0.01449057,0.00056974052,0.014690576,0.0023308521,0.044106153,0.00074483981,0.014735764,0.0017899258,0.026647433,0.002473873,-0.00019743635,0.0035591379,0.0012059841,0.01557681,0.0010731515,0.011777341,0.0012950857,0.015475784,0.0020671034,0.015831075,0.0014754308,0.015770143,-0.0033131611
2025-03-17,-0.0034813917,0.0011034221,-0.0034806086,0.0011034932,-0.003857012,0.0012690184,0.00049703428,0.0024998704,-0.0033688609,0.0010872138,9.8275687e-06,0.0063216806,-0.0029826247,0.00026425372,-0.002981076,0.00026384187,-0.0034286153,-0.00046351327,0.0039535655,0.0020405811,-0.0029666269,0.00029982113,-0.00051169748,0.0059416581,-0.0031312357,0.0019776356,-0.0031275853,0.001977611,-0.0036719561,0.001705365,-0.0048256807,0.0092350854,-0.0032649542,0.0020792863,-0.00069565378,0.0075755272,-0.0031941963,0.0014132827,-0.0031950323,0.0014131705,-0.0030565464,0.0016482454,-0.0016571233,0.0053115838,-0.003332375,0.001561033,0.0023858757,0.010167245,-0.0034736803,0.00088488665,-0.003474267,0.00088492505,-0.0040906,0.0012690184,0.0003462729,0.0093101517,-0.0038414646,0.00092629123,-4.9525826e-05,0.0057101575,0.0062399556,-0.0057637166,-0.0064120034,-0.0029537208,0.002353018,-0.0025062098,0.0030687723,-0.0029856785,0.002552207,-0.0033710581,0.0023423312,-0.003225252,0.0018939211,0.008587386
2025-03-18,0.0065603002,0.0023052331,0.0065600696,0.0023052027,0.0062545912,0.001771222,0.0058110852,0.0063394482,0.0065477949,0.0021451579,0.0078942264,0.0088575341,0.0063386324,0.0025482329,0.0063378425,0.0025487207,0.0057811932,0.0026301518,0.0056140901,0.0022650876,0.006383323,0.0026242917,0.0088568856,0.0065470243,0.0064383579,0.0033832929,0.006435628,0.0033832253,0.0057175485,0.003738737,0.0065606192,0.0092138474,0.0064752687,0.0034945284,0.0088632746,0.0065451613,0.0058940636,0.0010964048,0.0058942963,0.0010966829,0.0056434504,0.00081366852,0.0062045746,0.0060757043,0.0060416134,0.0011948077,0.0059600785,0.0059353416,0.0063613994,0.0019746051,0.0063624675,0.0019744,0.0062942866,0.001771222,0.005374583,0.0066182816,0.006632944,0.0019678376,0.0064917331,0.0048953111,0.011109202,0.0086349219,0.021683864,0.0068159616,0.0066245575,0.007172346,0.0070396309,0.0068099947,0.0066660307,0.0061506892,0.0060535581,0.0065390755,0.0063339388,0.0041196889
2025-03-19,-0.005284271,-0.0086011498,-0.005284317,-0.0086010879,-0.0053179439,-0.0086500559,-0.0069949646,-0.0099076131,-0.0052475316,-0.0086647023,-0.0060113988,-0.011897847,-0.0045378587,-0.0078950087,-0.0045373782,-0.0078952049,-0.0044839291,-0.0082049942,-0.004801438,-0.0067039898,-0.0046440225,-0.0079560311,-0.0075828273,-0.0097083191,-0.0057134331,-0.0098103649,-0.0057153365,-0.0098102451,-0.0054871998,-0.010139634,-0.0077342522,-0.017534054,-0.0057003261,-0.0098674327,-0.0076944769,-0.011201236,-0.0048792045,-0.0079915377,-0.0048791167,-0.0079918223,-0.0046059887,-0.0076688127,-0.0066006436,-0.011236433,-0.0050034854,-0.0081607066,-0.0063403266,-0.013564705,-0.005183343,-0.0084841739,-0.0051832459,-0.0084839886,-0.0053384094,-0.0086500559,-0.0074920103,-0.015414816,-0.0051793331,-0.0086080681,-0.0059979674,-0.0089467973,-0.011385631,-0.0043070001,-0.018535165,-0.0058069757,-0.008636702,-0.0053972765,-0.0074051557,-0.0058133406,-0.0086052295,-0.0056709305,-0.0081650022,-0.0058346747,-0.0083927778,-0.012308532
2025-03-20,0.0063358888,0.0060040767,0.0063356403,0.006004093,0.0061436696,0.0054642702,0.0045174346,0.00797236,0.0062660889,0.005834671,0.0089070976,0.0083616005,0.0055118668,0.0062956193,0.0055113672,0.0062959235,0.0055542227,0.006742433,0.0058358585,0.0030808241,0.0054770056,0.0063754839,0.0074576468,0.0066797487,0.0072817596,0.0062821249,0.0072817212,0.0062820918,0.0070623606,0.0067285152,0.0075211504,0.0079208154,0.007311059,0.0062612624,0.0087669608,0.0081181202,0.0060232976,0.0052442986,0.0060226419,0.0052445442,0.0057932532,0.0047758451,0.0076539165,0.0057246841,0.0061567449,0.0052450827,0.006738582,0.008516774,0.006327214,0.0058880113,0.0063284262,0.0058879125,0.0063797724,0.0054642702,0.0075559682,0.0079665261,0.0064393128,0.0058691256,0.0068101168,0.0079984061,0.010468146,0.0057399343,0.021286948,0.0080409251,0.0078254238,0.0075152577,0.0058371341,0.0079617781,0.0077413495,0.0077430115,0.0068771481,0.0078091029,0.0076907031,0.021600586
2025-03-21,0.0044988134,-0.0042739167,0.0045000933,-0.0042741515,0.0055089604,-0.0047585245,0.00044859252,-0.014874015,0.0045903068,-0.0041437508,3.0451405e-05,-0.014390056,0.0051794769,-0.00089684578,0.0051810954,-0.0008967191,0.0056913283,0.00014436318,0.0010155161,0.00102658,0.0051651062,-0.0010557968,0.00014457969,-0.0082522878,0.0023936966,-0.0054508628,0.0023917633,-0.005450722,0.0017838417,-0.0058886597,0.0029015485,-0.016751353,0.0024674284,-0.0052848799,0.00051492429,-0.015920112,0.0039622011,-0.0059720915,0.003963093,-0.0059723164,0.0046165526,-0.005435398,0.00058410783,-0.012292222,0.0041153913,-0.0060973433,-0.0016907761,-0.023658129,0.0042468518,-0.0046816232,0.0042461036,-0.0046816022,0.0055466698,-0.0047585245,-4.8395819e-05,-0.023398061,0.0042798364,-0.0048321717,0.0010230918,-0.01657344,-0.0051772217,0.007744079,-0.017770841,-8.7510351e-05,-0.0070758445,0.00039620688,-0.005222756,0.00010265668,-0.0071472076,0.00027310994,-0.0074096258,0.00016477717,-0.0071590616,-0.008132341
2025-03-24,-0.0069688569,-0.0086330896,-0.0069673639,-0.0086330417,-0.0072791115,-0.0087495763,-0.0052976892,-0.0066253393,-0.0069067749,-0.0087629653,-0.0034863428,-0.0060399496,-0.0068851877,-0.0089618871,-0.0068852259,-0.0089616701,-0.0072394297,-0.0089203486,-0.0037064846,-0.01033948,-0.0067618309,-0.0088426827,-0.0032815127,-0.0066346379,-0.0047766881,-0.008578139,-0.0047799185,-0.008578194,-0.0047367756,-0.0082283003,-0.0040837255,-0.0086625356,-0.0046628861,-0.0086416938,-0.0029163973,-0.0086813104,-0.0057996938,-0.0086276933,-0.0057989442,-0.0086274418,-0.0066650861,-0.0091690129,-0.0031398667,-0.0067182496,-0.0057840697,-0.008641735,-0.0036550615,-0.010130418,-0.0063443165,-0.0085169883,-0.0063420951,-0.0085170572,-0.0068915647,-0.0087495763,-0.00055107592,-0.0076537857,-0.0063980698,-0.0084328785,-0.0023831272,-0.011435086,-0.0069126298,-0.004696527,-0.016715657,-0.0021533437,-0.0061921968,-0.0019163199,-0.0038551703,-0.002262149,-0.0062330341,-0.0016162394,-0.0049475641,-0.0018843559,-0.0056966488,-0.0010931339
2025-03-25,-0.0011076448,-0.0052924259,-0.0011082259,-0.0052924738,-0.0011939419,-0.0057966467,-0.003237871,-0.0084394791,-0.00099923695,-0.0053515162,-0.0017152197,-0.004397392,-0.00076933117,-0.0039833127,-0.00076947902,-0.003983186,-0.0012936833,-0.0038496517,-0.00087663483,-0.0048425517,-0.0008131243,-0.0040837099,-0.0030509796,-0.0030527861,-0.0022036973,-0.0050903359,-0.0022030186,-0.0050903029,-0.0033986457,-0.0052110402,-0.0017035413,-0.0057239521,-0.0022905063,-0.0049403249,0.00023237448,-0.0056699851,-0.0012806903,-0.006400496,-0.0012819371,-0.0064005959,-0.00097774563,-0.0061069501,-0.0028888441,-0.0062045081,-0.0013197574,-0.0063596155,-0.0024129648,-0.0081697639,-0.0015609457,-0.0057835226,-0.0015608793,-0.0057835411,-0.0018357078,-0.0057966467,-0.0031700287,-0.0080865623,-0.0013029875,-0.0058690238,-0.0024901691,-0.0072125941,0.0011786802,-0.0046619011,0.0046410903,-0.0033150786,-0.0047753526,-0.0025200042,-0.0028381825,-0.0031881851,-0.0047693161,-0.0038884737,-0.0051931419,-0.0034726113,-0.0052070744,0.010396651
2025-03-26,0.0004727857,0.0020666719,0.00047333901,0.0020666932,0.00044038047,0.0022367946,0.0014799801,0.0045824034,0.00053327189,0.0020971522,0.0028063589,0.0034626053,0.00051310418,0.0015435229,0.00051411615,0.0015434986,0.00060282327,0.0014045666,0.0020388186,0.0039256719,0.00044612598,0.0015335187,0.003566922,0.0027524222,0.0015623959,0.0019729537,0.0015624286,0.0019729531,0.0016332775,0.0019964969,0.0020204511,0.003217848,0.0016170727,0.0019203856,0.0016795874,0.0037940962,0.00067753689,0.0025281518,0.00067773056,0.0025281074,0.00064618203,0.0026147141,0.0019095254,0.0028640295,0.00065228115,0.002503317,0.0029071847,0.0042618051,0.00077813385,0.0022210613,0.00077907501,0.0022210805,0.000869384,0.0022367946,0.0029040748,0.0034221791,0.00080244695,0.0022045006,0.0028509326,0.0051154691,0.0044469071,0.0036353135,0.0031143974,0.0028569106,0.0031497089,0.0028488482,0.0025552586,0.0028175815,0.003140898,0.0028535206,0.0028069828,0.0028149371,0.003138104,-0.00081230237
2025-03-27,0.00493214,0.0013859914,0.0049315295,0.0013859249,0.0051767006,0.0021421831,0.0038108444,0.0031644809,0.00490504,0.0014920487,0.00066533955,-0.0013897514,0.0049901952,0.0014936762,0.0049883669,0.0014939736,0.0049761739,0.0010185192,0.0017041155,-0.00084616976,0.0050721391,0.0015264146,0.0013946194,-0.0010969153,0.0037463474,0.00074257343,0.003743967,0.00074263106,0.0045320202,0.00027258937,0.0027108356,-0.0016455047,0.003708752,0.00067510624,0.00019355587,-0.0024853717,0.0054902366,0.0023754577,0.0054912389,0.00237565,0.0047366403,0.0018909001,0.0044602622,-0.00067836342,0.0055254978,0.0022560349,0.002612456,-0.00060755174,0.0050411339,0.0021044043,0.005039841,0.0021044141,0.0047848724,0.0021421831,0.0029852819,-0.00045638193,0.0049185843,0.0022214113,0.001702857,0.00031650679,-0.0060399903,0.004002329,-0.014466624,0.002642918,0.00015900748,0.0023974061,-0.00021396658,0.0027208964,2.8005149e-05,0.0036689641,0.0014811595,0.0032916389,0.0010372821,-0.01897015
2025-03-28,-0.0015701235,-0.010581939,-0.0015664276,-0.010581994,-0.0013223786,-0.011191885,-0.0073330142,-0.017254706,-0.0013883953,-0.010697262,-0.0078691013,-0.018764496,-0.00086503456,-0.0086509288,-0.00086547043,-0.0086507719,-0.00064322,-0.0076079933,-0.0081514479,-0.012711331,-0.00071531489,-0.008585692,-0.0081830625,-0.015386921,-0.0030499268,-0.011799053,-0.0030538714,-0.011798965,-0.0035436736,-0.011631815,-0.0045402967,-0.023567665,-0.0029187188,-0.011868901,-0.0073468955,-0.019699895,-0.0024405766,-0.01144179,-0.0024383926,-0.011441671,-0.0020929854,-0.011866506,-0.00339828,-0.016810959,-0.0023437028,-0.01163047,-0.0076453782,-0.025517073,-0.0019310715,-0.010540699,-0.0019334518,-0.010540678,-0.0015360548,-0.011191885,-0.0077089082,-0.02344219,-0.0017369111,-0.010629669,-0.0082343104,-0.019851567,-0.016872549,-0.0015034123,-0.030318296,-0.004601342,-0.014401261,-0.0045905696,-0.012167767,-0.0048078166,-0.014771036,-0.0050402159,-0.014209206,-0.00478679,-0.013838436,-0.0099447155
2025-03-31,-0.017025062,-0.024248067,-0.017024773,-0.024248053,-0.016990698,-0.02377309,-0.017693968,-0.024240386,-0.017049439,-0.024262632,-0.022768519,-0.026343211,-0.016131871,-0.024555347,-0.016135412,-0.024555014,-0.016417195,-0.025038361,-0.01854179,-0.030311434,-0.015953824,-0.024507085,-0.022272772,-0.027724095,-0.017672827,-0.024544133,-0.017676919,-0.024544158,-0.017466437,-0.024627875,-0.019519683,-0.028302258,-0.017609481,-0.024607576,-0.020620098,-0.02964114,-0.015458019,-0.023509231,-0.015455078,-0.023508988,-0.016497323,-0.024096308,-0.018084165,-0.025353068,-0.015459153,-0.023556165,-0.022595502,-0.027791749,-0.016517228,-0.023807477,-0.016516413,-0.023807501,-0.016841851,-0.02377309,-0.016015204,-0.024587955,-0.016819972,-0.023627463,-0.019645515,-0.029847113,-0.034567146,-0.011438967,-0.051235284,-0.017940973,-0.025837353,-0.017521588,-0.024054126,-0.018032836,-0.026233785,-0.016984424,-0.02453257,-0.017509256,-0.024521124,-0.035993391
2025-04-01,0.01023353,0.012702459,0.010229628,0.012702548,0.0095520001,0.01295494,0.011833099,0.018522439,0.010028141,0.012634596,0.012520681,0.021602172,0.0097446979,0.011394819,0.0097441128,0.011394886,0.0092286664,0.010276647,0.012258895,0.013554269,0.0096125727,0.011385627,0.011726603,0.019632886,0.0083806486,0.013892971,0.0083835285,0.013892916,0.0080887438,0.013744974,0.0082858353,0.024451514,0.00811561,0.013968229,0.013116164,0.023702194,0.009803864,0.013231759,0.0098017138,0.013231795,0.0096976014,0.013250608,0.0065657291,0.018571304,0.0097630689,0.013380394,0.01290082,0.025997823,0.009616502,0.012653798,0.0096156493,0.012653765,0.0087431874,0.01295494,0.010263676,0.024906796,0.0094971468,0.012716899,0.010796374,0.02260969,0.021363109,0.0050278267,0.029675965,0.0067065013,0.016213126,0.0065753982,0.015004391,0.0071169971,0.016524997,0.0067428988,0.015880713,0.0067290477,0.015678735,0.02054996
2025-04-02,0.00059246534,0.0025252226,0.00059194993,0.0025252365,0.00126081,0.0022897174,0.0015076509,0.0033383877,0.0003772269,0.0024649165,-0.00048139876,0.0031653083,0.00087317456,0.0028142803,0.000875033,0.0028141717,0.0011694462,0.0030340634,0.0021011218,0.0038448673,0.00083434016,0.0028622211,-0.00035709896,0.0032832874,0.00029792017,0.0024638266,0.00030021366,0.00246384,0.00073674863,0.0025260577,0.00047547804,0.002480411,0.00033294268,0.0024632821,0.0010988012,0.0031456436,0.00060976549,0.002259852,0.00060918355,0.0022598626,0.0013590346,0.0021837967,0.0024489965,0.0034247066,0.00045037161,0.0022503942,0.0017464935,0.0035999447,0.00045865926,0.0024333378,0.00045907842,0.0024333504,0.0012623454,0.0022897174,0.00010821673,0.0025818638,0.00032546102,0.0024034034,0.0049781742,0.0030303049,0.0033353688,5.3920693e-05,0.011259044,-0.00015560813,0.0027001566,0.00070727052,0.0033573364,-0.00013546374,0.0029324541,-0.00036963554,0.0034211416,-0.00034199365,0.0025495077,-0.0017016388
2025-04-07,-0.060598379,-0.078989602,-0.060600872,-0.078989909,-0.05823587,-0.078649122,-0.072847494,-0.085530116,-0.060899831,-0.078845612,-0.081656256,-0.093234142,-0.059387244,-0.075829171,-0.059386186,-0.075828316,-0.058267182,-0.075437539,-0.073267347,-0.082662829,-0.059421907,-0.075842157,-0.080238247,-0.09039716,-0.067541342,-0.080293811,-0.067544005,-0.080293645,-0.067861556,-0.081085417,-0.071488747,-0.092888515,-0.067524718,-0.080222406,-0.080159643,-0.09337001,-0.061686229,-0.07970061,-0.06168378,-0.079700248,-0.060858177,-0.080413007,-0.074577392,-0.08998463,-0.061313887,-0.079930692,-0.082492011,-0.094609468,-0.060840196,-0.078383936,-0.060839234,-0.078384026,-0.057238219,-0.078649122,-0.075493976,-0.095208156,-0.061312402,-0.078326552,-0.077224263,-0.090778576,-0.094231969,-0.039414842,-0.098746746,-0.076401561,-0.084743757,-0.076503022,-0.088501502,-0.076339159,-0.085628938,-0.076347722,-0.086175615,-0.076292961,-0.082951028,-0.099999938
2025-04-08,0.022298231,0.013934481,0.022305808,0.013934361,0.024245382,0.015461838,0.02572113,-0.0055229708,0.023049784,0.014509527,0.0039165013,-0.015991748,0.024778781,0.015567077,0.024764815,0.015565821,0.026544748,0.017482876,0.0024968886,-6.4167049e-05,0.025152448,0.015495137,0.012062622,-0.0048975063,0.022055487,0.0099851381,0.022048962,0.009985459,0.026488883,0.0087690251,0.019420305,-0.016304802,0.022582135,0.009500847,0.012116268,-0.011546482,0.027931309,0.016585419,0.027939845,0.016585365,0.026458678,0.01535504,0.031446988,-0.0012085167,0.027356204,0.016189177,0.015211758,-0.005001385,0.023915068,0.015661896,0.023907774,0.015662492,0.022998216,0.015461838,0.031399627,-0.0031391105,0.023627811,0.015837717,0.015930413,-0.0029536708,-0.025122744,0.011741298,0.030038152,0.021801206,-0.0055887778,0.021932187,-0.0061760365,0.021250874,-0.006605925,0.025735415,-0.0018393652,0.024211124,-0.0024599218,-0.032512689
2025-04-09,-0.020197573,-0.04241844,-0.020195469,-0.042418654,-0.017391327,-0.042974289,-0.02990696,-0.059875675,-0.02025843,-0.042281168,-0.038014804,-0.067401271,-0.018623837,-0.03908465,-0.018626378,-0.039084363,-0.016019005,-0.036425619,-0.035931339,-0.042630704,-0.018541318,-0.03915058,-0.034728439,-0.059869459,-0.024189802,-0.045600937,-0.024198657,-0.04560082,-0.023753139,-0.045125472,-0.029491408,-0.074340055,-0.02388723,-0.045838123,-0.0342877,-0.068377446,-0.018648035,-0.04358892,-0.018645049,-0.043588868,-0.017781654,-0.043976795,-0.028844791,-0.060750831,-0.018366574,-0.043990098,-0.04168074,-0.071797616,-0.019586122,-0.042138496,-0.019581823,-0.042138435,-0.01611577,-0.042974289,-0.024773888,-0.074603944,-0.019598389,-0.042220982,-0.033018184,-0.064204796,-0.061908867,0.00040771345,-0.032288858,-0.028635943,-0.055212026,-0.028764349,-0.055172559,-0.02884525,-0.05646683,-0.027507134,-0.055739188,-0.028104453,-0.053025191,-0.046003251
2025-04-10,0.030031485,0.062781322,0.03002696,0.062781549,0.028451145,0.062263432,0.041197041,0.086773958,0.029993842,0.062459501,0.061757717,0.08928867,0.02492061,0.05868298,0.024923367,0.058683281,0.023702966,0.057566681,0.050479277,0.065189687,0.024704419,0.058898097,0.062834322,0.077756002,0.041867454,0.065965717,0.041870053,0.065965429,0.041721322,0.067261708,0.048035627,0.093620771,0.041893161,0.066010618,0.057625065,0.087742899,0.029913104,0.062669336,0.029905272,0.062669497,0.028658157,0.063061077,0.046225137,0.082615323,0.030224512,0.062971327,0.056730611,0.093305901,0.031033987,0.062255602,0.03104162,0.062255254,0.029852038,0.062263432,0.046985102,0.091177617,0.031494614,0.062164738,0.053119786,0.085258131,0.085078955,0.020379174,0.076842368,0.054689186,0.079295766,0.053650641,0.080748912,0.05522095,0.080452402,0.053923542,0.078346092,0.053763023,0.076293362,0.099863198
2025-04-11,0.0068813467,-0.0013123306,0.0068839586,-0.0013120725,0.0050993109,-0.0029950357,0.0078735769,-0.0089453975,0.006614808,-0.0018060798,0.0064315449,0.0098957309,0.0087070963,-0.0011735297,0.0087067121,-0.0011742341,0.0079604221,-0.0010477061,0.012193465,0.010329341,0.0089449008,-0.0010717488,0.0038335033,0.012242031,0.0027687987,0.00020764554,0.0027770418,0.00020752367,1.7515071e-05,0.00091090473,0.0001408777,0.010766472,0.0022519521,0.00043395626,0.010527103,0.01314564,0.0054614399,-0.0032644729,0.0054612364,-0.0032646792,0.0067519676,-0.0029017944,0.0014337715,0.00055514921,0.0052334287,-0.0029729214,0.0078659635,0.0052333231,0.005134627,-0.002906794,0.0051317243,-0.0029067725,0.0036091387,-0.0029950357,0.007032422,0.007030865,0.0049431057,-0.0029805163,0.0047849429,0.0047846384,0.025103285,0.00064487661,0.059720951,-0.00068809008,-0.00060145638,0.00071083355,0.0011415322,-0.0009021304,-0.00046063137,-0.002985731,-0.0028026488,-0.0017741551,-0.0021580727,0.023320958
2025-04-14,-0.0089234932,-0.004454225,-0.0089253522,-0.0044540254,-0.011638204,-0.004053782,-0.0025979971,0.0054720309,-0.0093426764,-0.0046533297,0.00037674878,0.013612723,-0.0081416386,-0.0064464861,-0.0081372918,-0.0064466855,-0.010467235,-0.0091274978,0.001623521,-0.0011337371,-0.0080627984,-0.0064029982,-0.0035513301,0.0099455032,-0.009291283,-0.0024265876,-0.0092927282,-0.0024266561,-0.010437352,-0.0030446279,-0.011123419,0.013899952,-0.0096128662,-0.0021646349,-0.0037252761,0.014666426,-0.0097651584,-0.0034779607,-0.0097661613,-0.0034781381,-0.010307049,-0.0029254129,-0.011363303,0.0061768591,-0.0099806023,-0.0032060639,0.00025879034,0.01463539,-0.0095918387,-0.0048406081,-0.0095910924,-0.0048406106,-0.012116744,-0.004053782,-0.0046005074,0.014063822,-0.0095605146,-0.0047527054,-0.0031290454,0.011771364,0.013336804,-0.010335607,0.0097952511,-0.0087601573,0.0059806834,-0.0075156924,0.0064932933,-0.008513646,0.00668513,-0.0093063058,0.0060435499,-0.0091371691,0.0051035508,-0.0051656954
2025-04-15,0.0093710568,0.015713223,0.009369184,0.015713312,0.0091939923,0.016260063,0.011672352,0.028422928,0.0094062791,0.015798496,0.0068488324,0.030151838,0.0091258409,0.011548344,0.0091285829,0.01154839,0.0085268015,0.011301851,0.0078460475,0.013298594,0.0090502524,0.011680797,0.0074990655,0.019096959,0.0071674655,0.018855593,0.0071692526,0.01885531,0.006587802,0.019645237,0.0068405301,0.043551364,0.0072005676,0.01879988,0.0067572318,0.028120407,0.0082437705,0.016282776,0.0082432692,0.016283294,0.008341516,0.015553034,0.0066468569,0.031344636,0.0082864944,0.016691662,0.0079753391,0.033137437,0.0086016564,0.015864864,0.0085991238,0.015864602,0.0083697112,0.016260063,0.0038801239,0.043428395,0.0087823265,0.016111481,0.0069433865,0.020467804,0.015337584,0.0057729097,-0.0091850848,0.0045397378,0.019678881,0.0042424052,0.018347331,0.0046430675,0.020020203,0.0041378019,0.020511694,0.0039910506,0.019315102,0.010079521
2025-04-16,-0.0021977804,-0.0076754004,-0.0021969731,-0.0076755022,-0.0016306932,-0.007989088,-0.0044184565,-0.022166476,-0.0021714104,-0.0076652819,-0.0039812517,-0.020606995,-0.0018086701,-0.0040074981,-0.001808843,-0.0040074297,-0.0013048912,-0.0029895835,-0.0025791471,-0.0050103399,-0.0018003976,-0.0041737907,-0.0032044642,-0.01121964,-0.00092081462,-0.010428361,-0.00091972302,-0.010428153,-0.0010914034,-0.01093242,-0.0022955738,-0.029526706,-0.00077768959,-0.010488572,-0.0020947259,-0.021091333,-0.0017149423,-0.0081714419,-0.0017125323,-0.0081715794,-0.0016178518,-0.0084257635,0.00045260684,-0.021616353,-0.0017123661,-0.0084832182,-0.0023202903,-0.026217528,-0.0013402259,-0.0075437172,-0.0013381255,-0.0075434794,0.00010880262,-0.007989088,0.0036516903,-0.029559304,-0.0018031646,-0.0075836889,0.00032950386,-0.017550757,-0.014069808,0.0086486459,-0.0074777425,-0.0011983385,-0.012328398,-0.00072891678,-0.011237827,-0.00096503214,-0.012892912,-0.00023681721,-0.01369581,-0.00063334053,-0.011680027,-0.01814336
2025-04-17,-0.0058093856,-0.0079806751,-0.0058088623,-0.0079805957,-0.0053592392,-0.0085103012,-0.0089965159,-0.0089555879,-0.0056916266,-0.0080074486,-0.0093279551,-0.0093529707,-0.0053118939,-0.0085719718,-0.0053126835,-0.0085723093,-0.00463188,-0.0078079566,-0.010494216,-0.0070735559,-0.0054070005,-0.0086252959,-0.011011004,-0.0087943272,-0.0074427811,-0.0079993766,-0.0074438769,-0.0079994269,-0.0072934231,-0.0073625809,-0.0087530389,-0.0082141801,-0.0074447591,-0.0080828204,-0.0085448527,-0.0077555792,-0.0052054634,-0.008300287,-0.005207747,-0.0083005133,-0.0043585667,-0.0078463639,-0.0090089125,-0.0079899286,-0.0053871656,-0.0082778068,-0.010374605,-0.0079047031,-0.0063325558,-0.008356428,-0.0063330811,-0.0083563855,-0.0066973747,-0.0085103012,-0.0084102783,-0.0074462249,-0.0058330119,-0.0084876503,-0.0083215336,-0.0066165968,-0.0087809577,-0.014121682,0.0025769473,-0.0082451123,-0.0096286888,-0.008257697,-0.0090302578,-0.0085385435,-0.0095322844,-0.0088831401,-0.0088003697,-0.0085789664,-0.0098764835,-0.011087213
2025-04-18,-0.00044749639,-0.00036369136,-0.00044579988,-0.00036362855,-0.0011709807,-0.00032142978,0.0010128086,-0.0010656883,-0.00038731913,-0.00042729556,0.00031216016,0.0031250038,0.00033843572,-0.00077417592,0.00033854055,-0.00077443745,-0.0003563453,-0.0011156227,0.0011468054,0.0002306661,0.0004384939,-0.00071188644,0.00082549193,0.0019989272,-0.0012788687,0.00035232891,-0.001279499,0.00035231453,-0.0018383747,0.00017257405,-0.0019023159,0.0055706911,-0.0013578344,0.00040448787,0.00050702553,0.0037333717,-0.00072837846,-0.00025149459,-0.0007270532,-0.00025140965,-0.00099027813,-0.00054704125,-0.00068615767,0.0025027346,-0.00076001636,-0.00013118335,0.0018592009,0.0003653457,-0.00072000065,-0.00044979659,-0.00072213437,-0.00044976599,-0.0016154137,-0.00032142978,0.0020204887,0.0058563028,-0.00077167127,-0.00036893453,-0.00072604076,-0.0012136701,0.0035889901,-0.0034073694,0.0039356208,-0.002364409,-0.00065315314,-0.0019201369,-0.00085404527,-0.0024176443,-0.00048408526,-0.0021585242,-0.0004492952,-0.0023648263,-0.00074707206,0.0021799821
2025-04-21,-0.0072279752,-0.010021396,-0.0072261363,-0.010021429,-0.0062111067,-0.010415906,-0.0071891977,-0.011927167,-0.0071112571,-0.010050255,-0.0062054192,-0.012935139,-0.0069681099,-0.0092132882,-0.0069675185,-0.0092131093,-0.0061393142,-0.0081343449,-0.0071981175,-0.0079012145,-0.0070736878,-0.009206224,-0.0056969384,-0.012103749,-0.0054239759,-0.01094052,-0.0054272183,-0.010940503,-0.0046918815,-0.010490033,-0.0030062734,-0.017195288,-0.0051465491,-0.011074829,-0.0041476189,-0.01426052,-0.0055952329,-0.010491397,-0.005594918,-0.010491293,-0.0057148942,-0.010809736,-0.0021802026,-0.013355496,-0.005630226,-0.010629197,-0.0062070285,-0.018137801,-0.0064847469,-0.0099140411,-0.0064822243,-0.0099140468,-0.0058150466,-0.010415906,-0.0032412795,-0.018228996,-0.0064062714,-0.0099685917,-0.004400829,-0.014309791,-0.01069741,-0.0051954032,-0.013338124,-0.0031464369,-0.011947841,-0.0028311495,-0.010930353,-0.0033635369,-0.012017436,-0.0024066853,-0.011360967,-0.0027833121,-0.011666349,-0.014294477
2025-04-22,0.0015675339,-0.0049890538,0.0015675432,-0.0049889833,0.0013798048,-0.0045855304,0.00014866615,-0.004909781,0.0012930713,-0.0049908525,-0.0059376918,-0.0067509483,0.002551674,-0.0057510477,0.0025496051,-0.0057511395,0.0027893368,-0.0060660908,-0.0023516621,-0.0054785331,0.0026325436,-0.0057024174,-0.0074973154,-0.0078775731,-0.00183097,-0.0053611058,-0.0018310261,-0.0053611056,-0.0012542947,-0.0054149192,-0.0042547332,-0.0062480207,-0.00188674,-0.0054806314,-0.0047536926,-0.0059985235,0.0016532224,-0.0039436694,0.0016558631,-0.0039436007,0.0016109333,-0.004288851,-0.002960343,-0.0066165205,0.0015415988,-0.0039931672,-0.0051178249,-0.0021598883,0.0010658253,-0.0045772239,0.0010629992,-0.0045771524,0.00075009156,-0.0045855304,-0.0041267161,-0.0031816595,0.00084763948,-0.0044876016,-0.0049171859,-0.0043035305,-0.012733828,0.0020746147,-0.017623529,-0.0047419464,-0.0069551243,-0.0049588402,-0.0084540455,-0.0047050765,-0.0072096852,-0.0041295729,-0.0064322974,-0.004397083,-0.0061525182,-0.016708854
2025-04-23,0.0063818958,0.021946178,0.0063815467,0.021946232,0.0058669517,0.021586098,0.0062892064,0.024904993,0.0063310303,0.021880586,0.017207758,0.025636587,0.0046741072,0.02111417,0.004677683,0.021114171,0.0045504264,0.021205431,0.012316347,0.020174098,0.0045385982,0.02110093,0.01641034,0.022873883,0.0099899503,0.022766627,0.0099947437,0.02276654,0.0093836323,0.023244018,0.013799809,0.027673339,0.0099889968,0.022790511,0.016185477,0.027499727,0.0046163878,0.021513958,0.0046140579,0.021513915,0.0050582019,0.021784608,0.0093683237,0.024365376,0.0047287861,0.021621529,0.014361796,0.028343794,0.0063482712,0.021573519,0.0063493387,0.021573444,0.0067504799,0.021586098,0.0096227189,0.027773201,0.0064515875,0.021521943,0.013089652,0.026970559,0.029476025,0.0037941797,0.035781364,0.012700729,0.023301745,0.011820211,0.021328662,0.012837437,0.023571739,0.011890415,0.021244717,0.012224962,0.022073815,0.044245095
2025-04-24,-0.0033512418,-0.0068491604,-0.0033518061,-0.0068493835,-0.0028103827,-0.006686255,-0.006099342,-0.019929342,-0.0033174803,-0.0066342545,-0.0077896701,-0.020908804,-0.0030411878,-0.0032121409,-0.0030381336,-0.0032122453,-0.0030049907,-0.0031554214,-0.0030669355,-0.0048018187,-0.0030290656,-0.0034247912,-0.007455179,-0.012181089,-0.0033972848,-0.0089491526,-0.0033944812,-0.0089489066,-0.0030230209,-0.010176151,-0.0042551601,-0.026340841,-0.0034707727,-0.0087697346,-0.010163408,-0.020628599,-0.0031623669,-0.0073474259,-0.0031634298,-0.0073479044,-0.002792767,-0.0064811011,-0.0063056297,-0.017938362,-0.0032996442,-0.0075772989,-0.0070935072,-0.024828128,-0.0031993195,-0.0069362575,-0.0031996423,-0.0069360662,-0.002831967,-0.006686255,-0.0054235924,-0.030617924,-0.0034270775,-0.0070607411,-0.0055012103,-0.017904969,-0.010798427,-0.0040116636,-0.0036617772,-0.0041851471,-0.010627998,-0.0035589705,-0.0083018204,-0.0042473938,-0.010685254,-0.0042241023,-0.010676355,-0.0039765042,-0.010576592,-0.005833648
2025-04-25,-0.00118346,0.0038070667,-0.001184031,0.0038071167,-0.0016584988,0.0032830546,0.0017871072,0.0063665086,-0.00097061303,0.0039033016,0.0078603161,0.011418526,-0.0019959874,0.0023484365,-0.0019950914,0.0023481795,-0.0018822649,0.003183422,-0.0006697072,0.0079378578,-0.0022137834,0.0021520635,0.0060668045,0.0091639658,-0.00038047545,0.0049328545,-0.00037822008,0.0049326959,-0.0016709782,0.0058390922,0.00066614014,0.013537482,-0.0004088995,0.0049375784,0.0046670447,0.0092029949,-0.0018335868,0.0030263954,-0.001835553,0.0030260907,-0.0014200447,0.0039377935,-0.00075762882,0.01028399,-0.0017040446,0.0032362731,0.0035489074,0.0096327901,-0.0015864568,0.003043726,-0.0015861883,0.003043668,-0.0019013217,0.0032830546,-0.00030582584,0.010318617,-0.00097348061,0.0029263373,0.0033931164,0.0072696975,0.016641969,-0.0055013008,0.019035161,0.00083463122,0.0080461362,0.00042713398,0.009764221,0.001036885,0.0084884737,0.00059673449,0.007737686,0.00043338123,0.0068266815,0.023780138
2025-04-28,0.0071266029,2.0821195e-05,0.0071256498,2.0800541e-05,0.0068723403,8.4577794e-06,0.0044717715,-0.0021170349,0.0071022018,2.6005795e-05,0.0056092427,0.0012332428,0.0075360651,0.00070727935,0.0075354248,0.00070709751,0.0074114778,0.00050862284,0.0055244463,0.0026115035,0.007548666,0.00069482411,0.0022600074,0.0036567932,0.0044334306,-0.00016892072,0.0044325515,-0.00016883976,0.0041122824,-0.00058618379,0.0033046009,-0.0011513467,0.0042823111,-0.00010398764,0.0018712852,0.0029975422,0.0072825742,-2.32154e-05,0.0072816458,-2.3348163e-05,0.0073413976,0.00018727885,0.00082551852,0.00038866508,0.0072809147,-4.9099652e-05,0.0047720622,-0.0010257759,0.0066227062,-2.8299482e-05,0.0066219074,-2.8229424e-05,0.0060473217,8.4577794e-06,0.0041563885,-0.0025325276,0.0067162446,-9.6659687e-05,0.0036854435,0.0025647222,0.0061217919,0.0054439731,0.0029351812,0.0018824569,0.0019985454,0.0016251571,0.0036135545,0.0021021187,0.0019789347,0.0020363066,0.0025781367,0.0019895668,0.0020515555,0.0084463617
2025-04-29,0.0064174274,0.010773796,0.0064164103,0.010773618,0.0067117015,0.011535372,0.01039527,0.014547116,0.0064765676,0.011087039,0.0044037262,0.01477809,0.006285352,0.010455164,0.0062847952,0.010455182,0.0062566296,0.00970153,0.0047019127,0.0086319585,0.006117684,0.010340363,0.007109511,0.014809834,0.0061070041,0.012366753,0.0061078059,0.012366766,0.0066195812,0.011513088,0.0060886764,0.022840374,0.0061753549,0.012618195,0.0057843614,0.01436538,0.0068723941,0.010688843,0.0068725594,0.010688798,0.0065023343,0.011164342,0.0068833006,0.018009178,0.0068331007,0.010907049,0.0057081028,0.019509126,0.0065668949,0.010750011,0.0065663419,0.010749913,0.0065418236,0.011535372,0.0065124787,0.019986323,0.0064393997,0.010783363,0.0087507866,0.013443993,0.0083922756,0.0062098161,0.0057783404,0.005828625,0.015195779,0.0056696485,0.015545008,0.0057776056,0.01545104,0.0057576783,0.015842983,0.0057540232,0.014830741,0.0038887871
2025-04-30,0.0034605318,-0.00023454669,0.0034608077,-0.00023453125,0.003593488,-0.00045553818,0.0034242912,-0.0042410692,0.0037085934,-0.00016517571,0.0055451241,-0.0043968903,0.0037756281,0.00031191821,0.003777692,0.00031174586,0.0041105526,0.0011038893,0.0041656437,0.0046420744,0.0036427656,0.00014801131,0.0032798004,-0.00081019913,0.0041495871,-0.0014908675,0.0041484048,-0.001490843,0.0041124867,-0.0012200129,0.0036449371,-0.0081900925,0.0042726769,-0.0016078431,0.0040446225,-0.0054571356,0.0044370876,-0.00021527131,0.0044365089,-0.00021555958,0.004494803,0.00019253454,0.0037866074,-0.0038130642,0.0043754933,-0.00033221488,0.0042295261,-0.0080102916,0.0038145725,-0.00034001377,0.0038154772,-0.00033988036,0.003620144,-0.00045553818,0.0043017284,-0.010086767,0.0039525796,-0.00042074615,0.0037856458,-0.0052951015,0.00041572441,0.003622358,-0.0059550245,0.0050461086,0.00034599562,0.0049999806,0.0014745884,0.0051146987,0.00042279713,0.0059288615,0.00079990718,0.0053102144,0.00036650037,0.0047675944
2025-05-02,-0.0036099858,0.010324543,-0.0036094572,0.010324466,-0.0046526157,0.011566868,0.0016709736,0.014839772,-0.0039746513,0.010458579,0.00051624701,0.016176571,-0.0038982023,0.0095197714,-0.0038994086,0.0095196464,-0.0053760937,0.0070803187,0.0051635725,0.010948937,-0.0035704687,0.0096448127,0.005180634,0.015323292,-0.002042673,0.011996711,-0.0020428494,0.011996761,-0.0027575275,0.010505831,-0.00020715282,0.023977413,-0.002342006,0.012321032,-0.00048990478,0.020151289,-0.0040103233,0.011363746,-0.0040103304,0.011363771,-0.004760555,0.01161156,-0.0011563945,0.016973312,-0.0039732714,0.011556834,0.0040515588,0.019723043,-0.0036815535,0.010588348,-0.0036801863,0.010588287,-0.0042621034,0.011566868,0.0024567581,0.022809531,-0.0038250119,0.01073654,0.0033605717,0.01850045,0.015405515,-0.0032216053,0.048027904,-0.0010623466,0.009373849,-0.00041865982,0.01005028,-0.0007849006,0.009733367,-0.0015473595,0.0091913922,-0.00097584693,0.0086792195,0.029062827
2025-05-05,0.0050286127,0.016481756,0.0050314112,0.016481955,0.0055389463,0.017593438,0.0099861624,0.026580754,0.0048767063,0.01655298,0.0019938303,0.019524324,0.0051324054,0.010992625,0.0051283015,0.010992359,0.0064946197,0.010138016,0.00067318148,0.010125205,0.0052392499,0.011294267,0.0041956123,0.0086915546,0.0038721399,0.018550891,0.0038692104,0.018550628,0.0052480158,0.019337394,0.0034443877,0.032459654,0.0037975845,0.018295264,0.0025859791,0.022698077,0.0048900246,0.018835821,0.0048914666,0.01883624,0.0049160826,0.018148185,0.0068490336,0.024313324,0.0049883291,0.019063056,0.0019825843,0.031280745,0.0050995693,0.017259049,0.0050984262,0.017258891,0.0055863991,0.017593438,0.0034292748,0.042104906,0.0049152985,0.017518196,-0.0011084767,0.021353235,-0.0062067568,0.0076726631,-0.0069976986,0.0036399427,0.007495935,0.0020517337,0.0026232625,0.0032967855,0.0071227601,0.0035105448,0.0072387868,0.0041776288,0.0081182544,-0.0089337609
2025-05-06,0.0057026178,0.0032996354,0.0057011735,0.0032994551,0.0051260975,0.0032912525,0.0075115336,-0.001058359,0.0056184531,0.0034246687,0.010150108,0.004761272,0.0047138431,0.0052706382,0.0047130016,0.0052707632,0.0043655398,0.0054178617,0.0077819027,0.0047059375,0.0048642327,0.0051950837,0.0090645119,0.0086789347,0.0070799342,0.0030745996,0.0070798474,0.0030746633,0.0078712173,0.00252934,0.0070845997,0.00025072827,0.0071244107,0.0032790792,0.008604679,0.0015431513,0.0062135882,0.0022730237,0.0062130858,0.0022729431,0.005342441,0.0025949426,0.0081574896,0.00064783302,0.0062050951,0.0022764674,0.010264899,0.0017754209,0.0059712196,0.0030212711,0.0059719186,0.0030212338,0.0051535793,0.0032912525,0.011015053,-0.0039165284,0.005865313,0.0030253143,0.010370879,0.0030805522,0.012359183,0.0041555321,0.027110114,0.0083602871,0.009101482,0.0076775724,0.011221609,0.0083492742,0.0091645169,0.0087208729,0.010502191,0.0083505677,0.0090595669,-0.0055248271
2025-05-07,0.0026347258,0.0045715513,0.0026358607,0.0045718047,0.003168344,0.0048685974,0.0035893397,0.0083247702,0.0025418705,0.0046115153,-0.001570049,0.006293016,0.0039660174,0.00028452167,0.0039650488,0.00028400866,0.0045829803,0.00058609719,0.0013412802,0.00233715,0.0041043497,0.00035576947,-0.00023798431,2.5817016e-06,0.0010883712,0.0052653901,0.0010882436,0.0052651023,0.0012788163,0.0066540285,0.0016775585,0.01179229,0.0011079775,0.0049637755,0.00061799325,0.0067892285,0.0031617874,0.006044342,0.0031639755,0.0060443176,0.0037643483,0.0060879985,-0.00025411684,0.0083057329,0.0031176024,0.0062002441,0.00043221011,0.010421924,0.0025213256,0.0046196575,0.002520697,0.004619642,0.0029933914,0.0048685974,-0.00012859719,0.017138983,0.0025986958,0.0047908645,-0.0016765581,0.0048069243,-0.0031466365,0.005929575,-0.0089201974,0.00025124155,0.00017326226,0.0004612715,-0.00069693282,8.1409849e-05,-0.00012322183,0.0010889276,0.0005952267,0.00041571842,0.00082862947,-0.003801049
2025-05-08,-0.0061978686,0.0010175529,-0.006196685,0.0010175548,-0.0065256255,0.00078809938,-0.0055122643,-0.002505649,-0.0060080679,0.0010388487,-0.0042384194,0.00063585333,-0.0063715476,0.00089115822,-0.0063699346,0.00089102391,-0.006761094,0.0012076282,-0.0040234018,0.00047763255,-0.0064600304,0.00081884269,-0.00319875,0.00040666255,-0.0049239465,0.0017555528,-0.0049211766,0.0017555275,-0.0054362382,0.0018488967,-0.0036497954,0.0031111932,-0.004832052,0.0018070715,-0.0023949583,-0.00017486761,-0.0068728576,0.00049773687,-0.0068735114,0.00049771678,-0.0064894802,0.00055974206,-0.0047140106,0.0043104999,-0.007045569,0.00062418612,-0.0042704165,-0.0061297098,-0.0064450135,0.00071812526,-0.0064464043,0.00071811877,-0.006810571,0.00078809938,-0.0063867327,0.0025649569,-0.006205064,0.00069395482,-0.0019725456,-0.0065613788,0.0017728557,-0.012927333,0.010082639,-0.0041184936,-0.0018390127,-0.0038196252,0.00072693859,-0.0042005057,-0.0014957957,-0.0049915604,-0.0016355482,-0.0045587296,-0.0025982979,0.013208006
2025-05-09,0.0093598706,0.010163298,0.0093573299,0.010163349,0.0096675748,0.010323607,0.012663466,0.011983167,0.0093378937,0.010189245,0.0090267306,0.013943851,0.009349508,0.008896337,0.0093472328,0.0088962037,0.0093046311,0.0085793227,0.0092056956,0.010504911,0.0093558886,0.008896831,0.011395245,0.013467427,0.0082915532,0.01107199,0.0082941631,0.011071899,0.0085542966,0.011226608,0.0077788328,0.017731574,0.0081581145,0.011102074,0.0094922895,0.014634609,0.009895704,0.010373923,0.0098947019,0.010373921,0.009986497,0.010485729,0.0086124798,0.014119214,0.0098269557,0.010520471,0.012200401,0.016297361,0.0092466832,0.010015396,0.0092463782,0.010015355,0.0090890472,0.010323607,0.0089254984,0.018005496,0.009139986,0.010088503,0.0092059447,0.012808549,0.011453509,0.0066825871,0.01853367,0.0075123878,0.010541947,0.0079822154,0.011029206,0.0077080944,0.010631623,0.0079196848,0.011043288,0.0075634603,0.010478496,0.012456487
2025-05-12,0.0025373424,0.0094631776,0.0025407454,0.0094632976,0.0010705575,0.010097724,0.0066812627,0.012053748,0.0028356844,0.0095748859,0.005622381,0.012042451,0.0025171246,0.0066196852,0.0025147249,0.0066194545,0.0017322103,0.0060724589,0.0029934697,0.0083235017,0.0028076531,0.006611189,0.0081622472,0.0075086949,0.0047417173,0.010211572,0.0047414683,0.01021141,0.0035603397,0.010618986,0.0060424089,0.015388969,0.0046902871,0.010109348,0.004665496,0.01164259,0.0019079734,0.010768995,0.0019102814,0.010768941,0.0013321016,0.010969516,0.0052375452,0.013547607,0.0019489301,0.010906725,0.0045124031,0.014539363,0.0026767709,0.0095993994,0.0026756928,0.0095993826,0.0015064696,0.010097724,0.0046124687,0.018472594,0.0029104753,0.0097508237,0.0044625888,0.0097829341,0.011905683,0.00486555,0.015936781,0.0072610317,0.0058551695,0.0068573205,0.0057295948,0.0069089865,0.005795345,0.0061472918,0.0054829238,0.0067754934,0.0058172355,0.011158893
2025-05-13,-0.0037063808,-0.011382381,-0.0037071362,-0.01138242,-0.0054382835,-0.012595674,-0.0079486619,-0.016958321,-0.003847722,-0.011757555,0.0021528923,-0.012274564,-0.0044085691,-0.0071986021,-0.0044082948,-0.0071984846,-0.0060019327,-0.0077762219,0.0027092559,-0.0059659815,-0.0040867411,-0.0071773065,-0.001477499,-0.0060017539,-0.0026088174,-0.012660754,-0.0026037483,-0.012660558,-0.0045217209,-0.013346244,-0.003318384,-0.023321051,-0.0030392383,-0.012326402,-0.00094129087,-0.012703961,-0.0055238283,-0.013272565,-0.0055257871,-0.013272961,-0.0053979083,-0.0124326,-0.0053663766,-0.018297434,-0.005419577,-0.013457384,-4.6539426e-05,-0.017532868,-0.0043687922,-0.012312901,-0.0043687671,-0.012312831,-0.0054877664,-0.012595674,-0.0053909435,-0.028432749,-0.0044829441,-0.012564603,-0.0034279481,-0.009612084,0.007087626,-0.0065054308,0.0044304769,-0.0015706083,-0.0064222115,-0.00083628852,-0.0041815633,-0.0014495862,-0.0061305758,-0.0034257836,-0.0073710029,-0.0025351897,-0.0073326078,0.012167457
2025-05-14,-0.0029447001,-0.0028358675,-0.0029438246,-0.0028359238,-0.0048728925,-0.0028940359,0.0040269067,0.0031093015,-0.0028584261,-0.0028586851,0.0032708991,0.012656632,-0.0032699818,-0.0032261909,-0.0032716331,-0.003225921,-0.0047287665,-0.0039151236,0.0003361889,-0.0010556335,-0.0032515054,-0.0032403248,0.0050992755,0.012426462,-0.0014316707,-0.00026732526,-0.0014272466,-0.0002674106,-0.0026919598,-0.00051752974,-0.00030893738,0.01818615,-0.0014886213,2.7541479e-05,0.0038513484,0.013134179,-0.0033229576,-0.0039276879,-0.0033211452,-0.0039274303,-0.0045938828,-0.0040866049,0.0023708062,0.0075608429,-0.0033487072,-0.0035815832,0.0051170571,0.012657217,-0.0030391949,-0.0033354619,-0.0030399321,-0.0033356678,-0.004902861,-0.0028940359,0.0035514484,0.01366801,-0.0030386347,-0.0032401316,0.0025821628,0.007509568,0.018098481,-0.0033901006,0.042790866,0.00046963835,0.0075966157,0.00048586577,0.0073666839,0.00034238532,0.0078895799,-0.00039382493,0.0067834633,-7.4655222e-06,0.0066491249,0.022644637
2025-05-15,0.0081206494,-7.1330932e-05,0.0081229349,-7.1603216e-05,0.0086615886,-7.2295005e-05,0.0036654727,0.0038848663,0.0080136019,-9.5953331e-05,0.0014110346,0.0012683046,0.0085260941,0.0020126949,0.0085280654,0.0020139406,0.0081652576,0.0019525426,0.0056059399,-0.0038138087,0.008480618,0.002105506,0.0052257488,0.0017652544,0.0070214782,0.00063725211,0.007018922,0.00063728882,0.0066830186,0.00025304046,0.0096542671,0.0037291468,0.00724697,0.00083839305,0.0052827334,-0.0015666743,0.0073853097,-0.0015868681,0.0073891213,-0.0015862066,0.0064897077,-0.0025385125,0.0089360565,0.00057798556,0.0076224951,-0.0015947424,0.004989353,-0.0053077759,0.0080057589,0.00017751202,0.0080041684,0.00017718436,0.0087382327,-7.2295005e-05,-1.561851e-05,-0.0025700167,0.0077918083,0.00026894969,0.0032178006,-0.0042287351,0.00037982395,0.011649465,0.0035174804,0.0058844693,0.0039942084,0.0060894779,0.0042801716,0.0057637709,0.0038941863,0.006533499,0.0039793235,0.0060225943,0.0043141906,-0.0021869511
2025-05-16,0.0021704143,0.00050501838,0.0021708635,0.00050510943,0.0015026258,9.5784253e-05,-0.00096936612,-0.0027835752,0.0020515558,0.00025557353,0.0030506724,-0.00048611041,0.0030440199,0.0022531608,0.0030456269,0.0022528084,0.0018072258,0.0016060962,0.009640206,0.0019199444,0.0033084986,0.0023214699,0.00029114688,0.0016493884,0.0024491541,-0.00057353525,0.0024554448,-0.00057341582,0.0014456709,-0.0011107194,0.0013723235,-0.0072529429,0.0022257657,-0.00046789787,0.0042273039,-0.00020016255,0.0017790182,0.0003969358,0.0017795062,0.00039668289,0.0021951582,0.00060524506,0.0019360472,-0.0023599816,0.0015928435,0.00028204818,0.0056996901,-0.0022215887,0.0018271961,0.00018264713,0.0018254166,0.00018282945,0.0012894826,9.5784253e-05,0.0024582512,-0.0066045113,0.0013222987,0.00013945373,0.0047382819,0.00072310105,0.0077096305,-0.0014080423,0.0056350661,0.0020470593,0.00081592748,0.0035405824,0.0039716377,0.0021762739,0.0010703128,0.0016704619,0.0016425156,0.001705871,0.00066870212,0.0027397449
2025-05-19,-0.001480475,-0.01038598,-0.0014810379,-0.010386089,-0.001018181,-0.010617358,-0.0020431375,-0.013569197,-0.0015454985,-0.010405952,-0.0021672947,-0.014339919,-0.0012382168,-0.0079255944,-0.0012425158,-0.0079255676,-0.0010420398,-0.0076962756,-0.0053289922,-0.0086663766,-0.0011741405,-0.0079313907,-0.0041905535,-0.011011123,-0.0014868002,-0.011535458,-0.001487424,-0.011535294,7.2240639e-05,-0.012135655,0.00088111242,-0.018435926,-0.0014021386,-0.011453748,-0.0023763301,-0.014132117,-0.00057867818,-0.011001899,-0.0005762537,-0.011001988,-0.0010585167,-0.010952729,0.00020760813,-0.015003961,-0.00060164536,-0.011167962,-0.0028253454,-0.013840017,-0.0010742382,-0.010383663,-0.0010752554,-0.010383581,-0.0010207099,-0.010617358,0.0011801941,-0.020402007,-0.0012371767,-0.010487586,-0.0031563353,-0.010422147,-0.012359348,-0.00082498962,-0.018109304,-0.00081306393,-0.0079612779,-0.00064051118,-0.0088711,-0.00065753489,-0.0080579916,0.00051249392,-0.0078426999,0.00021614239,-0.0076253883,-0.013934419
2025-05-20,0.0055012243,0.0061676837,0.0055014451,0.0061677852,0.0044123055,0.0061041314,0.0024829605,0.0036842722,0.0056713779,0.0061846377,0.0051838548,0.003064854,0.0050057487,0.0054197858,0.0050045544,0.005419351,0.0048128429,0.005725324,0.0037938147,0.0058348969,0.0052057101,0.0053798386,0.001860926,0.0042241925,0.0059261426,0.0055860572,0.0059262093,0.0055860292,0.0055735909,0.0059234258,0.0021821354,0.0013978488,0.0059451491,0.0054636763,0.0018087826,0.0040729459,0.0045216922,0.0067051152,0.0045211804,0.0067048579,0.0048812178,0.0070719818,0.0015341945,0.0050476952,0.0044684657,0.0066705946,0.0033263078,0.0035878526,0.0053159359,0.0060868136,0.0053155246,0.0060869347,0.0046583779,0.0061041314,0.0019976033,0.0042601653,0.0056234379,0.0060504351,0.0023563761,0.0049587843,0.0048769096,0.0069916916,0.00052820242,0.0057379536,0.0049048995,0.0041938117,0.0034440397,0.0053768389,0.0048891419,0.0039694946,0.0047105191,0.0047556306,0.0049599609,0.0019396609
2025-05-21,0.0067508152,0.010647639,0.0067492663,0.010647574,0.0072308298,0.010877663,0.0087553246,0.014325695,0.0067342635,0.010759162,0.0042825062,0.014873454,0.006233962,0.0091208554,0.0062309554,0.009121237,0.0058675606,0.0090283739,0.0050101314,0.011624066,0.0062578326,0.0091147076,0.011326104,0.011717098,0.0059341946,0.012533699,0.0059324942,0.01253355,0.0047442949,0.012875866,0.006260402,0.02368161,0.0058840534,0.012610051,0.0090296816,0.014191885,0.0064109547,0.010253114,0.006410657,0.01025339,0.0063328787,0.010128748,0.0054927635,0.0185825,0.0066377795,0.010485878,0.0045213576,0.013915727,0.0063835477,0.010569219,0.0063846677,0.010568975,0.0070685771,0.010877663,0.0051985132,0.020757739,0.0068323864,0.010663972,0.0074135196,0.0090446068,0.014053086,0.006746851,0.022222562,0.005127009,0.0085973656,0.0060148666,0.011270276,0.0054398903,0.0086883529,0.0049565212,0.0083775379,0.0048213481,0.0080329456,0.015486727
2025-05-22,-0.0013537579,-0.0092576391,-0.0013576559,-0.0092575968,-0.00093306132,-0.009874898,-0.0042926673,-0.016885489,-0.001743609,-0.0094314315,-0.0043202447,-0.013898055,-0.000452248,-0.0075294104,-0.00045215567,-0.0075297673,-0.00090852475,-0.0077749297,0.0015965379,-0.0071521262,-0.00023010104,-0.0075296365,-0.0073843804,-0.01027877,-0.0042283606,-0.0099421717,-0.0042253143,-0.0099421165,-0.0052160716,-0.010207022,-0.0071839186,-0.017496084,-0.0045477241,-0.0097651814,-0.0041763347,-0.012960599,-0.0016993933,-0.010087052,-0.0017002884,-0.010087416,-0.00063057522,-0.0094198254,-0.0097614187,-0.013634212,-0.0016382477,-0.01011727,-0.005194121,-0.018213515,-0.0018012044,-0.0099833844,-0.0017993584,-0.0099832768,-0.00070293266,-0.009874898,-0.0045034856,-0.018648108,-0.0021466904,-0.010051664,-0.0037464835,-0.014772177,-0.0027425465,0.0053371125,0.0053739054,-0.0078744883,-0.01046811,-0.0062969367,-0.0086797261,-0.0073917334,-0.010582722,-0.0077853606,-0.011316781,-0.0079635237,-0.010426134,-0.010893235
2025-05-23,-0.00097748209,-0.0045340594,-0.00097482523,-0.0045341765,-0.00085325378,-0.0041848229,-0.0016039754,0.0013479732,-0.00050529694,-0.0044303988,-0.0017810057,-0.001891555,-0.00017148178,-0.0038578201,-0.00016658277,-0.003857219,-0.00036918924,-0.0037481529,-0.0027454888,-0.006040689,-0.00054150317,-0.0039645171,-0.0005735791,-0.0021240099,-8.4428135e-05,-0.0046559326,-8.7575495e-05,-0.0046558531,-0.00022056975,-0.0049974881,0.0023753897,-0.0024072773,0.0002476434,-0.0047044271,-0.0032311063,-0.0026519373,-0.00069094545,-0.0043874602,-0.0006892428,-0.0043871695,-0.0012805776,-0.0050374247,0.0032401009,-0.0028743589,-0.0007931689,-0.0044583715,-0.0012178649,-0.00289524,-0.0004299376,-0.0039578623,-0.00043055663,-0.0039578959,-0.00064097544,-0.0041848229,0.0015389241,-0.0035539448,-0.00026299237,-0.0039420916,0.0018512442,-0.0033644595,-0.0028051206,0.001851951,-0.015358955,0.00094027674,0.0014509566,0.0013526518,0.00068867235,0.0006986215,0.0015322899,0.0012054867,0.0024019745,0.0012107055,0.00205504,-0.0041299839
2025-05-26,0.00081521568,0.0065604446,0.00081394729,0.0065605418,0.0022076826,0.0063175315,0.0031753623,0.011513923,0.00085103979,0.0064678638,0.0018962,0.0081981088,0.00026555182,0.0043571861,0.00026567118,0.0043571689,0.0012235255,0.004813025,-0.001492254,0.0023641132,5.4122092e-05,0.0045289447,0.0035386479,0.0010489137,0.0015503633,0.0079031635,0.0015513773,0.0079030077,0.0025883809,0.0088351694,0.0031689858,0.015071585,0.0016010902,0.0077771759,0.0010130213,0.0073419999,0.0014134637,0.0065168525,0.0014115741,0.0065171565,0.0017708385,0.0060473505,0.0019978361,0.011654805,0.0015142612,0.0066550729,-0.00043377151,0.0051955451,0.0011701513,0.0065718226,0.0011714503,0.006571666,0.0022120065,0.0063175315,0.0014371575,0.016676327,0.0011322275,0.0065937459,-4.1478977e-05,0.0035628334,-0.0036113902,-0.00065458689,0.013003437,0.0027219057,0.002570404,0.002828573,-7.11862e-05,0.0026193964,0.002621551,0.0030499609,0.0017806246,0.0028708489,0.0023930244,-0.0011059137
2025-05-27,-0.011075789,-0.013676233,-0.011076763,-0.013676282,-0.011263596,-0.013720008,-0.010096202,-0.018155557,-0.011021184,-0.013632878,-0.008953617,-0.016043818,-0.010867765,-0.01218336,-0.010865778,-0.012183593,-0.011244748,-0.012149788,-0.0096631383,-0.01060042,-0.010887241,-0.01226718,-0.010844931,-0.011522744,-0.010957552,-0.014406114,-0.010954756,-0.014405995,-0.011141131,-0.014973323,-0.010331835,-0.017855004,-0.011003611,-0.014332315,-0.009371393,-0.01415084,-0.011000642,-0.013862917,-0.011000995,-0.013863133,-0.010834758,-0.013592605,-0.01141281,-0.01721587,-0.01111544,-0.013929444,-0.0098131538,-0.017636205,-0.011012426,-0.013775011,-0.011012524,-0.013774876,-0.011126931,-0.013720008,-0.0071568007,-0.019927054,-0.011138742,-0.013840651,-0.0074410507,-0.013930444,-0.007795041,-0.010002488,-0.003829562,-0.011101603,-0.011287737,-0.010430623,-0.011054361,-0.010669732,-0.011307295,-0.010750857,-0.011353064,-0.010634562,-0.011259815,-0.0088569313
2025-05-28,0.0031092807,-0.00020447599,0.0031110229,-0.0002044902,0.002870092,-0.0010293168,-0.00040724023,-0.0015712522,0.0030464155,-0.0002654486,0.0027346871,0.002300439,0.0030974547,5.9342475e-05,0.0030983406,5.9478359e-05,0.0036005757,0.0012983935,-0.00017735526,0.0019403046,0.0030127488,1.3289696e-05,0.00033962431,0.0023303877,0.0020415865,0.00025163161,0.0020389569,0.0002515437,0.0014978347,0.0010666003,0.0016640041,0.0036052687,0.0022204872,0.00024461537,0.0030477231,0.00043255602,0.002346635,-0.0016431596,0.0023471558,-0.0016430878,0.0026447367,-0.0016503069,0.0012768586,-0.00070971471,0.0024445029,-0.0015639275,0.00073550637,0.00059440247,0.0025824793,-0.00073465338,0.0025822679,-0.00073476296,0.002677682,-0.0010293168,-0.00093158712,0.00053827667,0.0029839269,-0.00080377,-0.0013687844,0.00015934579,0.0013759827,0.0021457531,0.0019279309,0.001036636,0.003034041,-2.6909923e-05,0.0017862458,0.00085735817,0.0029048888,0.00081242092,0.0017524575,0.0006562445,0.0024501205,0.0016755036
2025-05-29,-0.014451111,-0.0059954632,-0.014452941,-0.0059953973,-0.014112168,-0.0059399489,-0.010593105,-0.0085526178,-0.014316132,-0.0058238777,-0.01064185,-0.0097407469,-0.015258386,-0.0073224073,-0.015258931,-0.007322751,-0.014771293,-0.0069553701,-0.012971285,-0.005897831,-0.015387033,-0.0075335021,-0.0088360694,-0.0091611595,-0.012591696,-0.0063746712,-0.012587053,-0.0063747596,-0.012221275,-0.0058331684,-0.0093519494,-0.010289676,-0.01265008,-0.0064766529,-0.010971707,-0.009267739,-0.014628654,-0.0054985948,-0.014630117,-0.0054990729,-0.014023399,-0.00443819,-0.01328756,-0.0062087992,-0.014664029,-0.0054817162,-0.01228536,-0.010215103,-0.014307556,-0.0062787053,-0.01430786,-0.0062786234,-0.014017532,-0.0059399489,-0.013382219,-0.0092948135,-0.014105836,-0.0063534522,-0.011451034,-0.0087475115,-0.0072935453,-0.017999501,0.0064364052,-0.010293687,-0.0096179621,-0.010099139,-0.0078939926,-0.010266625,-0.0094636468,-0.010312047,-0.0099587161,-0.010373681,-0.010157416,0.0022302388
2025-06-02,0.00060399039,-0.031082966,0.0006018947,-0.031083192,0.00023338084,-0.031696662,-0.0071055829,-0.037281749,0.00041890915,-0.031279199,-0.010466107,-0.027459787,0.0021972841,-0.026361707,0.0021908441,-0.026361051,0.0012930784,-0.026400997,-0.0073195099,-0.026165308,0.0023194509,-0.026340538,-0.012867548,-0.017591392,-0.0059905511,-0.031340137,-0.00598982,-0.031339883,-0.0068072007,-0.032567251,-0.010853107,-0.03465477,-0.00605987,-0.031022219,-0.007316525,-0.029420879,0.0011291643,-0.033162188,0.0011331511,-0.033161819,0.00035326366,-0.034051691,-0.009070144,-0.030875712,0.0010853815,-0.033245931,-0.0053710832,-0.041813117,-0.00016942125,-0.031217295,-0.00017157361,-0.031217328,-0.00078444602,-0.031696662,-0.0072584049,-0.041080123,-0.00041440423,-0.031263579,-0.0072094154,-0.034328825,-0.011406591,0.006674165,-0.0010532302,-0.012823256,-0.023324335,-0.012414065,-0.019219826,-0.012601907,-0.023495466,-0.012565431,-0.022031323,-0.012989633,-0.022448432,-0.021418662
2025-06-03,-0.0073107245,-0.012132993,-0.0073085163,-0.01213295,-0.0085605574,-0.01361029,-0.0065586649,-0.010176502,-0.0072944534,-0.012489691,0.0016709911,-0.00067960548,-0.007845592,-0.010805235,-0.007845243,-0.010805117,-0.0084060008,-0.0096870808,-0.0017762253,-0.0069091598,-0.0077892375,-0.010677112,-0.0024790139,0.0011366212,-0.0050153381,-0.011506495,-0.0050118837,-0.011506535,-0.0057316664,-0.01076087,-0.0040782067,-0.0051799183,-0.0049072059,-0.011432525,0.0012662527,-0.003157765,-0.0079114859,-0.014356026,-0.0079103811,-0.014355787,-0.008316913,-0.014830664,-0.00073571935,-0.007424683,-0.0078689466,-0.0142834,0.0012859395,-0.00806831,-0.0074537295,-0.012912016,-0.0074541257,-0.012912133,-0.0084232239,-0.01361029,-0.0035797745,-0.010113241,-0.0073569579,-0.013016193,-0.0016095574,-0.0070294316,0.0084217521,-0.010098758,0.02062562,-0.0024266995,-0.00091287483,-0.0028732519,0.0010420934,-0.0026404574,-0.00058599576,-0.0030475717,-0.00077148553,-0.0029203463,-0.0018369991,0.0071063596
2025-06-04,-0.0024396074,0.004365349,-0.002438548,0.0043654213,-0.0026704912,0.0048594788,0.003936838,0.0075796642,-0.0021133003,0.0045436924,0.0015668961,0.0085679868,-0.0021740797,0.0022650658,-0.0021727986,0.002264824,-0.0020522514,0.0021045515,3.299309e-05,0.0095971465,-0.002385867,0.0021189276,0.0054326544,0.0065517188,-0.00018375745,0.0050344337,-0.00018278132,0.005034349,-0.00016646366,0.0052380076,0.00088714938,0.012082012,-0.00011953657,0.004940517,0.0018160257,0.009988108,-0.0013403266,0.0053782678,-0.0013412994,0.0053781207,-0.0014257855,0.0056901158,0.0022229573,0.0088632378,-0.001594044,0.0055055584,0.00163708,0.012390596,-0.0018387011,0.0044713433,-0.0018369267,0.00447139,-0.0024761993,0.0048594788,0.0062108919,0.013176217,-0.0016010302,0.0045089937,0.0054556522,0.008303181,0.010605572,-0.0017618081,0.019824704,0.0027699429,0.003619737,0.003246058,0.0029110867,0.002519124,0.003865987,0.0022870006,0.0035810428,0.0028219371,0.0032627724,0.023426583
2025-06-05,0.0063086502,0.013699262,0.0063057692,0.013699207,0.0083376194,0.014130784,0.0053227416,0.013007083,0.0064944697,0.014005817,0.0026208723,0.0058057103,0.0052199699,0.012606975,0.0052197829,0.012606901,0.0068769159,0.01385274,-0.00020411744,0.0092023288,0.0049122918,0.012482977,0.0038918915,0.0039364405,0.0066805343,0.013116283,0.0066798648,0.013116248,0.0086936597,0.013602207,0.0085038635,0.010834791,0.0069528841,0.012854521,0.0019468563,0.0084085152,0.0065110549,0.014407821,0.0065094551,0.014407827,0.007213917,0.014320241,0.0063361041,0.0093487678,0.0065664076,0.014342648,0.002533814,0.014891611,0.0068772482,0.014219013,0.0068777363,0.014219046,0.0088208339,0.014130784,0.0064986364,0.013273642,0.0071088566,0.014214092,0.0040751675,0.012892954,-0.0024562536,0.0069873653,-0.015016162,0.0062396213,0.0086443482,0.0051959529,0.0031657549,0.0062262016,0.0083393657,0.0069011294,0.0077855234,0.0066947598,0.0091187365,0.0019303939
2025-06-06,0.0010455632,0.0059073561,0.0010461803,0.0059074471,0.0010922953,0.0064225256,0.0056304243,0.013133905,0.0011803219,0.0059751207,0.0021637863,0.010144308,0.00087910374,0.0031571846,0.00087988738,0.0031572832,0.0008467231,0.0033772484,0.0019572471,0.0021943348,0.00094448511,0.0032476846,0.0061040732,0.0055379567,0.0029866116,0.0066664914,0.0029844383,0.0066662955,0.0035233704,0.0074746676,0.0031555234,0.015003593,0.0031333575,0.0064498048,0.0027727612,0.0074669893,0.0020669638,0.0069231312,0.0020672822,0.0069234971,0.0013873807,0.0061908701,0.0061283122,0.011344317,0.0020320868,0.0070340944,0.003160371,0.014041511,0.0016485522,0.0063470757,0.0016498397,0.0063469656,0.0013139421,0.0064225256,0.0018891638,0.01778824,0.0017239729,0.0065835112,0.0012823829,0.0065126358,-0.00051274358,0.0016738781,-0.0002989843,0.0051942631,0.0060953661,0.0052669995,0.0053015206,0.0050338689,0.0060819984,0.0058973798,0.0067724579,0.0054775812,0.0063843212,0.0016516081
2025-06-09,0.010860053,-0.0089260385,0.010859894,-0.0089262793,0.011256794,-0.0089348485,0.0048072295,-0.0076126017,0.010746375,-0.008890825,0.0032926661,-0.0071441333,0.010793112,-0.0093346859,0.010801773,-0.0093347115,0.010841467,-0.0093768645,-0.00022526225,-0.0085638183,0.01080172,-0.0093175133,0.005038103,-0.006108161,0.0052326719,-0.0084076429,0.0052336487,-0.0084073204,0.0062967932,-0.0083681594,0.0038565406,-0.0053872512,0.0050678256,-0.008443768,0.002053353,-0.0045149826,0.011778522,-0.0091866577,0.011778,-0.0091863107,0.011735509,-0.0092587748,0.0060355905,-0.0084383001,0.011918812,-0.0091944043,0.00074089969,-0.0050640129,0.01026143,-0.008803878,0.010261217,-0.0088032474,0.010291733,-0.0089831923,0.0063147021,-0.0084924099,0.010264147,-0.0087746544,0.0031142738,-0.0089029379,0.0055856094,-3.0669141e-05,-0.00094702349,-0.00089450949,-0.0032298551,-0.0016537926,-0.0035005103,-0.00089397658,-0.0032285863,0.00015112212,-0.0028454616,-0.0004380682,-0.0029698554,0.0096179199
2025-06-10,0.0050920629,-0.0055751175,0.005092252,-0.0055745146,0.0053296213,-0.0058290633,0.004971149,-0.0050952873,0.0051617746,-0.0053681997,0.0033779732,-0.0067437128,0.0052991193,-0.010445271,0.0053028673,-0.010445294,0.0055243099,-0.011011561,0.0062873966,-0.0087421708,0.0053243451,-0.010459895,0.0077311265,-0.0075681597,0.0060268408,-0.0054127642,0.0060292525,-0.0054117898,0.0065278882,-0.0054607919,0.0056646715,-0.0021728899,0.0060711095,-0.0054542793,0.0062615724,-0.0021131907,0.0048238818,-0.0064170715,0.0048222174,-0.0064174081,0.0047728744,-0.0058734328,0.0044624809,-0.0064953611,0.0048695765,-0.0062943016,0.0046766116,-0.0030217907,0.0054114353,-0.0053315114,0.0054109001,-0.0053326467,0.0055762466,-0.0057744841,0.0027459018,-0.0026366657,0.0054382412,-0.0052900221,0.0036625438,-0.0020091372,0.0098106674,0.0056817654,0.0077044037,0.0038819896,-0.00020224216,0.0036097509,-0.00042660732,0.0039602079,-0.00011107071,0.0046266301,-0.00066575197,0.0038156662,-0.00050794846,0.02694614
2025-06-11,0.0015121297,-0.0098402933,0.0015121966,-0.0098391504,0.00096564886,-0.010693018,0.0037309215,-0.012659996,0.0015942026,-0.0096931103,0.003280368,-0.018079265,0.0017067266,-0.013658001,0.0017054088,-0.013658076,0.0014238501,-0.014273913,0.0082565439,-0.015761963,0.0017303559,-0.013765449,0.0029513353,-0.016366791,0.0024092106,-0.0099686434,0.0024091283,-0.0099675251,0.0021662418,-0.0090602309,0.0015216301,-0.0091639654,0.0025167648,-0.010055619,0.0021506225,-0.0060234885,0.00097838779,-0.0097768145,0.00097906751,-0.0097771352,0.0010791003,-0.010033783,0.0032107696,-0.012319323,0.00095419935,-0.0096477036,0.0014059033,-0.010167189,0.0014953167,-0.0092086983,0.0014954482,-0.0092120322,0.0011809597,-0.0098266165,-0.00049810914,-0.0077728686,0.0016769929,-0.0091526445,0.00013675185,-0.012675066,0.0059911486,0.0025329708,0.0014392369,0.0028477893,-0.0055621518,0.0024761772,-0.0055374224,0.002762663,-0.0056928545,0.0017624745,-0.0051187867,0.002402924,-0.0052963549,0
2025-06-12,0.0048677857,0.0086134239,0.0048678344,0.0086134511,0.0051547307,0.0087209759,0.0015045317,0.0088495953,0.0047804792,0.0085775228,0.00049728572,0.011930989,0.0041725826,0.008845175,0.0041785734,0.008845196,0.004599631,0.008793086,-0.0048771708,0.0093321986,0.0041898147,0.0088728753,0.0010865856,0.0084102806,0.0027341897,0.0079584742,0.002734613,0.007957938,0.0024385235,0.0073398291,0.0033160256,0.0064302698,0.0027168985,0.0080211108,0.00012526403,0.0065294578,0.0054215282,0.0073485662,0.0054199366,0.0073479953,0.0053599953,0.0078606048,0.0029820948,0.0093494192,0.0055037886,0.007351355,0.00016060542,0.0079904652,0.0045840151,0.0078341268,0.0045834262,0.0078362195,0.0045652459,0.0078026089,0.00081446972,0.0096956457,0.004475021,0.007784724,0.0014321378,0.011143174,-0.0013580463,0.0027903118,0.0013606929,0.00064779329,0.0051299483,0.00064475562,0.0050444743,0.00068850686,0.0052281908,0.0016260383,0.0047239022,0.0010530226,0.004828496,0
2025-06-13,0.0050137226,0.0054376115,0.0050136841,0.0054385234,0.0056437285,0.0046457092,0.0043827081,0.0032597669,0.0049364753,0.00541188,0.00088771629,0.006637996,0.0054184069,0.0038832927,0.0054230905,0.0038832895,0.0056268736,0.0029728723,0.00061671701,0.0043788963,0.0052939148,0.0038170366,0.0011620125,0.0027868506,0.0037366643,0.0053476198,0.003734995,0.0053473728,0.003507847,0.0053701057,0.0056928203,0.0045867414,0.003735012,0.0052894663,0.0023102904,0.0068463799,0.0058590001,0.0037165807,0.0058592004,0.0037158486,0.0057901019,0.0041703266,0.004359876,0.0030678853,0.0059375602,0.0038016521,0.0025571237,0.0048858787,0.0049711027,0.0048840014,0.0049716265,0.0048846874,0.0054872923,0.0046693722,0.0042236585,0.0089956248,0.0045036822,0.0047537232,0.0026461889,0.0080408255,-0.0004513617,0.0039313793,0.0017007808,0.0036199404,0.0043445262,0.0044804174,0.0047085305,0.0035990027,0.0043614297,0.0038565549,0.0042527635,0.003856355,0.004264791,0
2025-06-16,0.0065310228,0.0048659104,0.0065317908,0.0048652374,0.0071206238,0.0051494711,0.0046703698,0.0048398949,0.0064126445,0.0049007644,0.0047410047,0.0023979278,0.0070792709,0.0055678939,0.0070844695,0.0055678951,0.006685593,0.0059267238,0.0056197209,0.0065960514,0.0070790843,0.0055796439,0.0044822561,0.0045445234,0.0061823629,0.0047720027,0.0061824486,0.0047723609,0.0065806542,0.0046922452,0.003294438,0.0062746609,0.0061728817,0.0047856028,0.0035847134,0.0029960793,0.0068641153,0.0043514115,0.0068633062,0.0043516573,0.0066467079,0.0041003554,0.0049255517,0.0038219694,0.0069428071,0.0043020959,0.0049422764,0.0031925314,0.0067885748,0.0048894949,0.0067888364,0.0048904869,0.0071800111,0.0046716536,0.0069987151,0.001799834,0.0067451002,0.005011442,0.0051482145,0.0016457537,0.0019288856,0.0049922062,0.0012818361,0.0035902168,0.004669717,0.0033440592,0.0047616961,0.0035987333,0.004627744,0.0032863584,0.0047274754,0.0035028747,0.0046992278,0
2025-06-17,0.0028342426,-0.0083904662,0.0028348478,-0.0083912167,0.0021779436,-0.0081953078,0.0036014958,-0.0091929723,0.0031841616,-0.0083255575,0.0014432348,-0.015328967,0.002253155,-0.0073395957,0.0022554275,-0.0073396303,0.0012638395,-0.0067235686,0.00028457237,-0.0080468547,0.0020800994,-0.0073662299,0.0034591722,-0.0079010723,0.002508145,-0.0082438795,0.0025074091,-0.008242921,0.0017730962,-0.0076064254,-0.00050990562,-0.007382009,0.0028056387,-0.0082678377,0.0027021191,-0.0071742635,0.0024433226,-0.0075721497,0.0024432473,-0.007571362,0.0020839438,-0.0085663686,-0.00038345559,-0.0086416731,0.0024913947,-0.0076391314,0.00033265845,-0.0073250248,0.0024704441,-0.0076304582,0.0024707292,-0.0076314891,0.001784175,-0.0079976359,0.0014824052,-0.011806895,0.0027105533,-0.007413136,-0.00041922301,-0.015979934,-0.0013160547,1.7228217e-05,0.001899266,0.0032233335,-0.0027278967,0.0031335243,-0.0031844571,0.0031056505,-0.0028925789,0.0017508567,-0.0022302858,0.0023908757,-0.0024995749,0
2025-06-18,0.0039404059,0.0035889113,0.003941393,0.0035884987,0.0044047392,0.0039575774,0.0051007313,0.0061232907,0.0038165046,0.0036668252,0.0039385976,0.0079845048,0.0066415376,0.0022553827,0.0066492369,0.0022554133,0.0067392468,0.0022201475,0.0086716957,0.0055094187,0.0067235368,0.0023110276,0.0045561067,0.0063485672,0.0039868384,0.0038813579,0.0039884398,0.0038815149,0.0043231132,0.0032257833,0.003993593,0.0036344614,0.0038162026,0.0039016893,0.0019177719,0.0031587515,0.0038132542,0.0026158854,0.0038134363,0.0026159498,0.0036429657,0.0031624044,0.0048497968,0.0044282947,0.0039188995,0.0026194547,0.0053040861,0.0042964141,0.0041562713,0.0033170043,0.0041552609,0.0033189659,0.0050677703,0.0032035716,0.0057116255,0.0039166697,0.0041260085,0.0033351636,0.0026760935,0.0069288317,0.0015327112,0.0010107869,0.0049354928,0.0016344187,0.0053115672,0.00096809855,0.0051860737,0.0017625332,0.0053184484,0.0033287856,0.0049824647,0.0018533755,0.0050605264,0.0086403221
2025-06-19,-0.0054544047,-0.012357697,-0.0054537608,-0.012358265,-0.0054832282,-0.012202155,-0.0066191502,-0.012549516,-0.0053058083,-0.012299539,-0.0080383331,-0.020094269,-0.0051036385,-0.011454313,-0.0050982952,-0.011454351,-0.0056641126,-0.010870284,-0.0085896434,-0.012786142,-0.0051413507,-0.011481785,-0.007174179,-0.014100433,-0.0066712219,-0.012578386,-0.0066708827,-0.012577572,-0.0062759404,-0.012123232,-0.0088325965,-0.010332317,-0.0066570669,-0.012567115,-0.0073930579,-0.012357738,-0.0054254919,-0.011876379,-0.005426071,-0.011875775,-0.0055046348,-0.012729963,-0.0072509735,-0.01375275,-0.0053606896,-0.011931835,-0.0068925048,-0.013182301,-0.0056177084,-0.011966177,-0.0056180326,-0.011966105,-0.0057224409,-0.012596908,-0.0080222013,-0.015967783,-0.005425669,-0.011771236,-0.0078742177,-0.019614739,-0.010490803,-0.0057733449,-0.0023486305,-0.0069929625,-0.010188399,-0.0074385455,-0.010804606,-0.0070449015,-0.010166627,-0.0068644398,-0.010139695,-0.0069943593,-0.010087732,-0.0098801688
2025-06-20,-0.0012340665,0.0010719085,-0.0012336959,0.001072448,-0.0012046446,0.00024641138,-0.0011181979,-0.0048322455,-0.0013059384,0.0010030458,-0.003363689,-0.0017635307,-0.00013996668,0.001650903,-0.00013041743,0.0016508764,0.00037778054,0.0011457514,-0.0040832579,0.00042190262,-5.5731639e-05,0.0015469996,-0.0012612479,-0.0045545034,-0.0022940578,-0.00012301453,-0.0022939742,-0.00012320316,-0.0028732882,9.8174979e-05,-0.0013858033,0.00098887611,-0.0023971655,-0.00014788842,-0.0050379364,0.0010385436,-0.0011395247,-0.0016648456,-0.0011400288,-0.001665941,-0.001149674,-0.001753856,-0.0030845518,-0.0014405303,-0.0010100787,-0.0016340999,-0.0046818246,-0.0016269487,-0.0014453274,0.00027691996,-0.0014463393,0.00027801285,-0.0012060266,-0.00017169084,-0.0040277595,0.0033946379,-0.0015100712,0.00028015592,-0.0042163537,-0.0013278908,-0.0060594095,3.3618484e-05,-0.0041373737,-0.0030958054,-0.0039976392,-0.002867972,-0.0038036,-0.0033057469,-0.0039494169,-0.003579004,-0.0040565714,-0.0027606135,-0.0039794086,-0.0014862497
2025-06-23,-0.0017547404,-0.0072838508,-0.0017544939,-0.007283317,-0.0017093063,-0.0082600588,-0.0065785837,-0.010348484,-0.0017038843,-0.0074393191,-0.003488669,0.0033716507,-0.002095494,-0.0068121822,-0.0020897752,-0.0068121332,-0.0019423797,-0.0080939649,-0.0058870237,-0.0031557526,-0.0020666105,-0.0068843542,-0.0068342243,-0.0026918608,-0.0034080305,-0.006109636,-0.0034067676,-0.0061104722,-0.0034785219,-0.0060270369,-5.6018267e-05,-0.0046126336,-0.0034272086,-0.0062707693,-0.0056879488,-0.0026264026,-0.0015598853,-0.0094368349,-0.0015613897,-0.0094371958,-0.001542855,-0.0089873592,-0.0012120945,-0.008395359,-0.001490861,-0.0094028464,-0.0058046635,-0.0018148093,-0.0020078463,-0.0078125863,-0.0020089398,-0.0078111969,-0.0021327643,-0.0073672844,-0.0040906781,-0.00077175316,-0.001884773,-0.0080615525,-0.0041418933,7.3725072e-05,-0.002879022,3.1994845e-05,-0.0022712459,-0.0054516647,-0.0052822706,-0.0053760403,-0.0050740419,-0.0055999661,-0.0051544079,-0.0059866153,-0.0052489744,-0.0051666417,-0.005059489,-0.0082924666
2025-06-24,-0.0074221374,-0.0086932874,-0.0074248221,-0.0086931672,-0.0096645391,-0.0087711399,-0.00086232282,-0.0068485918,-0.0072885102,-0.008966713,0.00087297446,-0.011826744,-0.012267586,-0.0025053907,-0.012284373,-0.0025054285,-0.011533021,-0.0016074425,-0.012085361,-0.010524204,-0.012268464,-0.0025504198,0.0010747542,-0.0032086324,-0.008476743,-0.0079234146,-0.0084801924,-0.0079241716,-0.010463187,-0.0064351809,-0.0026590678,-0.0097302717,-0.0081471636,-0.0079258886,0.0018878946,-0.00062538075,-0.0079480004,-0.0028361216,-0.007946387,-0.002834389,-0.0072446816,-0.00466496,-0.0057749741,-0.004784295,-0.0082055374,-0.0029694805,-0.0024893558,-0.0024483838,-0.0086339814,-0.0076273944,-0.0086324258,-0.007630289,-0.010997295,-0.0072660082,-0.0041462695,-0.0071555259,-0.0085609785,-0.007732001,0.00045881406,-0.013541845,0.014060306,0.0056381807,0.01728769,-0.0015023809,-0.0050684229,-0.0012201601,-0.0055146866,-0.0016003903,-0.0050075792,-0.0017587487,-0.0055173672,-0.0015685705,-0.0056646156,0.018224605
2025-06-25,0.011794763,-0.0019140517,0.011796102,-0.0019150187,0.012179854,-0.0013338245,0.013681165,0.0024308557,0.01183303,-0.0017869332,0.0072637594,0.0037384627,0.015556213,-0.0032925453,0.015564444,-0.0032925055,0.015236365,-0.0031934077,0.015008521,0.0019288624,0.015613504,-0.0032235444,0.0098184106,0.0052596499,0.012237618,-0.00038213644,0.012239713,-0.00038143985,0.013070507,-0.00075279216,0.010292436,0.0040946488,0.012060588,-0.00042810408,0.0079334861,0.00028613958,0.011568131,-0.0017967262,0.011569518,-0.0017957017,0.011308905,-0.0015980677,0.0068952634,0.00022581647,0.011695941,-0.0018282373,0.011049442,0.0029387951,0.012084472,-0.001432817,0.012083021,-0.0014316173,0.013146026,-0.0014274926,0.012801895,-0.0022201485,0.012231011,-0.0013613073,0.0077771377,0.0019578817,0.0069849949,0.0052627479,0.010081978,0.0098202437,0.0074431705,0.0093057522,0.0078200788,0.010010616,0.0073016521,0.011499401,0.0076644536,0.0097909815,0.0075495575,0.014529488
2025-06-26,-0.0018512157,0.010435284,-0.001851923,0.010435553,-0.0018983268,0.010199489,-0.00096107619,0.009529596,-0.0017649073,0.01026802,4.6823781e-06,0.014762016,-0.0041311836,0.012589845,-0.0041355261,0.01258987,-0.0038786396,0.012381856,-0.0060677311,0.011784719,-0.004148232,0.0125812,0.001137278,0.011595036,-0.0029606447,0.010308898,-0.0029611668,0.010307852,-0.0029022715,0.010187447,0.0011002084,0.0085913083,-0.003021855,0.010315385,-0.00038295414,0.0099796281,-0.0013566863,0.01019863,-0.0013573785,0.010198324,-0.0015063138,0.010340345,-0.0006215913,0.01064146,-0.0013979461,0.010177834,-0.0010661345,0.010321242,-0.0021603655,0.0098697412,-0.0021605776,0.0098708157,-0.0027451621,0.010233397,-0.0020634808,0.012450705,-0.0020562435,0.0097115544,0.00018442892,0.012939878,3.6123124e-05,0.00043445658,0.0015089305,-0.00060095263,0.0057549091,-0.0003090308,0.0056399323,-0.00066093428,0.0058661642,-0.00042720338,0.0054119574,-0.00024622105,0.005472709,0.0012453255
2025-06-27,0.0013030311,-0.0036153178,0.001303213,-0.0036150899,0.00091110942,-0.0034564928,0.0051670663,0.0007799796,0.001343628,-0.0034143147,0.0058662151,-0.0051527616,0.0027242128,-0.0074595058,0.0027194532,-0.0074595294,0.0027109669,-0.007535095,0.0071914579,-0.0066626412,0.0028108702,-0.0074391335,0.0020066632,-0.0029027373,0.0047300112,-0.0025358994,0.0047316457,-0.0025347841,0.0046413093,-0.0023032937,0.0053001855,-0.0039969127,0.0047371852,-0.0025718881,0.0058812493,-0.0011207745,0.00015258287,-0.0017625685,0.00015351064,-0.0017617479,0.00016660461,-0.0017102368,0.0050089878,-0.0028423045,8.4393156e-05,-0.0016926795,0.0061849506,-0.0008598007,0.0017396991,-0.0026708557,0.0017392648,-0.0026727877,0.0019452546,-0.0030121884,0.0056919755,-0.0029639023,0.001949797,-0.0026225835,0.0052459252,-0.0023225747,0.002683929,0.0022708939,0.0091464861,0.0065162528,0.0032690608,0.0058811894,0.0031362649,0.0067697038,0.0032357566,0.0077170038,0.0032528622,0.0062784396,0.0032611387,0.0010365075
2025-06-30,-0.010975396,-0.013519897,-0.010974113,-0.013520205,-0.011005485,-0.013475669,-0.0091612016,-0.013506913,-0.010837918,-0.01341646,-0.0067155717,-0.017961383,-0.010255305,-0.014549591,-0.010247047,-0.01454961,-0.011219816,-0.01444597,-0.0076271056,-0.013633851,-0.010266142,-0.014564643,-0.011149958,-0.014389954,-0.010278436,-0.013715138,-0.010278564,-0.013714395,-0.010192314,-0.013721976,-0.00909972,-0.010724502,-0.010103529,-0.01371318,-0.0067338389,-0.012349307,-0.01128098,-0.014465039,-0.011281813,-0.014464931,-0.01172002,-0.014621783,-0.0075549826,-0.015261621,-0.011149496,-0.014464447,-0.0078585419,-0.01064677,-0.010782117,-0.013532486,-0.010781986,-0.013531457,-0.01088961,-0.014169652,-0.0081678556,-0.015342518,-0.010490889,-0.013395737,-0.0057699971,-0.016278083,-0.0061676753,0.00064669957,-0.0076643829,-0.0072269116,-0.010556986,-0.0083621072,-0.011267382,-0.0072932071,-0.010435145,-0.0073947422,-0.010590226,-0.0071665426,-0.010404142,0.0014495431
2025-07-01,0.0023922512,0.022167076,0.0023911444,0.022167645,0.0019422641,0.021275851,0.0029836326,0.016465867,0.0024872826,0.021863034,0.0080359888,0.028065515,0.00034321601,0.02614922,0.00033172206,0.026149247,0.0010315358,0.025501382,0.0025262452,0.02488743,0.00036009795,0.026066296,0.006528036,0.023023662,0.0040816191,0.022230442,0.0040815412,0.022228932,0.0029191648,0.022685939,0.0079271364,0.022466956,0.0039854513,0.022140729,0.0077785321,0.022496743,0.0019117281,0.021391867,0.0019109994,0.021391251,0.0020549853,0.021213751,0.0046561016,0.020756726,0.0017464545,0.021363006,0.0056390409,0.018262322,0.0022608616,0.021662079,0.0022599866,0.021661813,0.0017322306,0.022509696,0.0049233382,0.026058537,0.0024007784,0.021422254,0.0065946448,0.02403559,0.010159618,0.0033951478,0.013307002,0.0082805816,0.01371017,0.0093341533,0.013520028,0.0080717736,0.013781753,0.0077405303,0.013509267,0.0083130673,0.013576592,0.0057898609
2025-07-02,-0.001211586,0.01177743,-0.0012124226,0.011779201,-0.0017696589,0.011021846,-0.00091971438,0.0081335372,-0.0010142349,0.011850598,0.0033096402,0.006062962,-0.0018254,0.0079363223,-0.0018277107,0.0079362636,-0.0011980726,0.0072397577,0.0022980742,0.0040265532,-0.0017466063,0.0078717565,0.0027031335,-7.2946417e-05,0.00091911244,0.0096791953,0.00091957859,0.0096791248,0.0010744547,0.009546355,0.0018377877,0.0049875973,0.00090766931,0.0097472713,0.0039925456,0.0092773295,-0.0018223995,0.010049001,-0.001822613,0.010047076,-0.0016749056,0.010826063,-0.0011291679,0.0098850411,-0.0018555334,0.010224157,0.0025164624,0.0059722837,-0.0010943544,0.010972468,-0.0010946345,0.01097124,-0.0015854626,0.010450394,-0.0018495381,0.014572552,-0.00095707979,0.010910297,0.0028302986,0.012137912,0.005574159,0.0030813453,0.0037155561,0.004161184,0.0026550881,0.0046934468,0.0027981065,0.0040704015,0.0026557461,0.0025522061,0.0026417786,0.0038977479,0.0026233594,0.00020564509
2025-07-03,0.010002598,0.0078152489,0.010002945,0.0078148412,0.01054287,0.0080538837,0.0090884055,0.0078353842,0.0099552168,0.0078590913,0.0052760511,0.0087380764,0.011244377,0.0076153544,0.011247191,0.0076153633,0.011416271,0.0077579711,0.0080444048,0.0090454204,0.011209654,0.007637637,0.0092196675,0.0086871069,0.008737324,0.0077620679,0.0087383059,0.0077622824,0.0091238486,0.0075445854,0.0075370458,0.0094956252,0.0085424557,0.0077715547,0.0061629491,0.0076324392,0.010378114,0.0072064504,0.010378321,0.0072064386,0.010221487,0.0072888481,0.0075532422,0.0080893989,0.01042178,0.007190683,0.0078606634,0.0071573279,0.0099407952,0.007800901,0.0099400463,0.007801383,0.010615209,0.0077937068,0.0091741884,0.0081079876,0.0097922615,0.0078693082,0.0054659456,0.0085968488,0.0075038215,0.0023161684,0.014241012,0.0049569912,0.0084781002,0.005176182,0.0087236014,0.0049980243,0.0085111284,0.0054837321,0.0078007627,0.004946509,0.0078539364,0.013771843
2025-07-04,-0.0027715509,-0.014482277,-0.0027712752,-0.014482733,-0.0021262063,-0.014302317,-0.0011989074,-0.01186648,-0.002675747,-0.014373211,-0.0051597152,-0.016950925,-0.0021564433,-0.015496858,-0.0021510656,-0.015496868,-0.0021421471,-0.015337393,-0.0017087967,-0.013983415,-0.0021390758,-0.015494084,-0.0033580501,-0.011817275,-0.0015163094,-0.01359179,-0.0015148466,-0.013590906,-0.00046492297,-0.013372337,-0.0031226867,-0.011474518,-0.0015341073,-0.013630034,-0.00068868967,-0.012248232,-0.0025071257,-0.013784596,-0.0025081394,-0.013783664,-0.0025423494,-0.014135591,-0.00056520058,-0.014914472,-0.0024193312,-0.013800342,-0.0024794223,-0.0089443863,-0.0021740486,-0.013918331,-0.0021745704,-0.013918106,-0.0017256355,-0.014369983,-0.003617495,-0.016283129,-0.0021482883,-0.013814719,-0.0029424718,-0.01637421,-0.0067090046,0.0027843285,0.0016978253,-0.0012796178,-0.0066511058,-0.0020605086,-0.0071242111,-0.0012538055,-0.0066025459,1.1793757e-05,-0.006323903,-0.00075425363,-0.0062070512,-0.009326864
2025-07-07,-0.0073850223,0.0028640824,-0.007385787,0.002864085,-0.0078763601,0.0031301208,-0.0024202703,0.0084940207,-0.007277392,0.0026559706,-0.0073974022,0.0063790605,-0.010177014,0.0066836839,-0.010179926,0.0066837064,-0.010050968,0.0071505262,-0.01340332,0.0034847729,-0.010244547,0.0067232937,-0.0056751992,0.0071583325,-0.010157976,0.0033549386,-0.01016046,0.0033537475,-0.011630333,0.0032894481,-0.0025005847,-0.000983713,-0.010052852,0.0034337146,-0.0055735465,0.0030515883,-0.0065732884,0.0056964777,-0.0065732066,0.0056975001,-0.0065057809,0.0053526908,-0.0083104925,0.0057370487,-0.0065946606,0.0056086738,-0.006700377,0.0038709026,-0.0082310481,0.0025325081,-0.0082316199,0.0025348808,-0.0091721284,0.0025415285,-0.0064118975,0.0026187488,-0.0081185505,0.0023399668,-0.0061009068,0.0033557046,-0.0057337669,-0.002715619,0.0020909061,-0.0054032436,0.0010939566,-0.0053072568,0.00079034086,-0.0051598604,0.0010670299,-0.0024829946,0.0011417282,-0.0047393251,0.00094416027,-0.0059354108
2025-07-08,-0.0065958334,-0.003134282,-0.0065953792,-0.0031338648,-0.0064052317,-0.003089644,-0.0010529379,-0.0030163722,-0.0066290057,-0.0029950084,-0.003598668,-0.012541831,-0.0057294074,-0.0053501462,-0.0057224271,-0.005350204,-0.0056177883,-0.0050854249,-0.0039022604,-0.008313876,-0.0056732984,-0.0053640332,-0.003183137,-0.011055091,-0.0053080315,-0.0047519871,-0.0053092067,-0.0047513339,-0.006189918,-0.0049063216,-0.0062227746,-0.0037894564,-0.0052426082,-0.0046421068,-0.0032552105,-0.0042710002,-0.0063814851,-0.0037599245,-0.006381243,-0.0037605447,-0.0065628836,-0.003702186,-0.0019411404,-0.0038677941,-0.0062468274,-0.003700838,-0.0031757698,-0.0042769046,-0.0063248602,-0.0035035767,-0.0063254681,-0.0035031097,-0.0060311344,-0.0044971229,-0.0066268495,-0.0050913127,-0.0063300615,-0.0033624665,-0.0021695284,-0.007154633,-0.0015911132,0.0009417162,-0.00038535718,-0.0020429629,-0.0062082141,-0.0021272567,-0.0056541067,-0.0019193158,-0.0062139237,-0.0013352924,-0.0060574872,-0.0016326799,-0.006104379,-0.004529502
2025-07-09,-0.0083433241,-0.0058733244,-0.0083436995,-0.0058726413,-0.010532183,-0.005764096,-0.0057325879,-0.00085764463,-0.0079309288,-0.0059770489,-0.0070647747,-0.0032755822,-0.0088862503,-0.0049548395,-0.0088850801,-0.0049548425,-0.0092514465,-0.0047647296,-0.011516251,-0.0089899915,-0.0088950282,-0.004922392,-0.0058439472,-0.004242916,-0.010130842,-0.0060125718,-0.010131185,-0.0060134481,-0.011356409,-0.0061788659,-0.0075158422,-0.0073648275,-0.0098225314,-0.0059115041,-0.0065081566,-0.0025415035,-0.009560323,-0.0034585484,-0.0095591525,-0.0034582139,-0.0088820305,-0.0033539749,-0.011258756,-0.0025316459,-0.0096025578,-0.0034537108,-0.0094464114,-0.0029238466,-0.0094616238,-0.0062430677,-0.0094619501,-0.006242007,-0.011056224,-0.0064054807,-0.0080988854,-0.0029210318,-0.0090026796,-0.0064287162,-0.0073393418,-0.0019074218,0.0054376841,-0.0019895857,-0.0017765818,-0.009522171,-0.006990039,-0.010080099,-0.0072729864,-0.0094492653,-0.0068522653,-0.01121415,-0.0077019631,-0.010206073,-0.0075948703,0.010341251
2025-07-10,0.012525136,0.014430713,0.012526046,0.014430523,0.013140404,0.015381702,0.00993974,0.019498083,0.0124654,0.014665026,0.0078991823,0.0096699894,0.012342652,0.010964198,0.012349542,0.01096418,0.011934441,0.011629067,0.0086555067,0.010536344,0.012389528,0.011071405,0.013941215,0.0089095676,0.010116297,0.013085321,0.010117945,0.013086,0.01099646,0.01203566,0.0079941749,0.012216514,0.010041627,0.013277334,0.0071219419,0.008962155,0.013172589,0.014282584,0.013170842,0.014282241,0.012884548,0.015004565,0.011138753,0.015438379,0.013273127,0.014328765,0.010040764,0.010629934,0.012462694,0.014033018,0.012461832,0.014034598,0.01260756,0.013261298,0.0081435948,0.010120411,0.012689442,0.014194917,0.0086781233,0.013874005,0.0089242905,0.0067429047,0.019291414,0.0066067022,0.011156288,0.0057729863,0.010975457,0.0069641623,0.011189886,0.0087365941,0.011022035,0.0069908536,0.011072153,0.01146365
2025-07-11,0.0031319259,0.026349267,0.0031325172,0.026349814,0.0028388817,0.02802513,0.0041569772,0.032758436,0.0030375286,0.026729665,0.003921297,0.011357619,0.0030426981,0.020206373,0.0030512481,0.020206297,0.0028199206,0.02169914,0.0021520557,0.013593404,0.00307897,0.020397982,0.0075037595,0.007466705,0.0026680742,0.021363784,0.0026669189,0.021364351,0.0017889427,0.019173798,0.00096605008,0.012130171,0.0029268782,0.021875237,0.0040907916,0.011265784,0.0030913883,0.025717707,0.0030909037,0.025715566,0.0028510379,0.027315169,0.0028331142,0.029060429,0.0032259929,0.025851925,0.0050291291,0.013189956,0.0030015431,0.024817636,0.0030022634,0.024819762,0.0026519412,0.023308113,0.0016438655,0.017287655,0.0029752966,0.025101782,0.0038942888,0.021453343,0.0012896861,0.0034454568,0.0024366312,0.0029276458,0.0090551104,0.0025194531,0.0091984186,0.0034464198,0.0090086546,0.0037172613,0.0092889128,0.0029368831,0.0091821469,0.0042502159
2025-07-14,0.0012999548,0.0079880507,0.0012997532,0.0079882325,0.0021703742,0.0082849514,0.0034513295,0.010970353,0.0012079127,0.0080750773,0.0010429336,0.0077479736,0.0017615966,0.005907156,0.0017669235,0.0059071598,0.0025478539,0.0059225438,0.0061643888,0.006292529,0.001827179,0.0059586637,0.0023928704,0.004619828,0.0028778761,0.0074205434,0.0028786386,0.0074205646,0.0034535166,0.0066898536,0.0023494523,0.0034177641,0.0027934455,0.0075112519,0.0033164505,0.0031277593,0.0018021039,0.0073916685,0.0018010522,0.0073913182,0.0017545845,0.008070527,0.0045447232,0.0083410124,0.001899723,0.0074374421,0.0047144411,0.0055892923,0.0019551198,0.0074325569,0.0019547623,0.0074343812,0.0026229587,0.0070193041,0.0018197611,0.0056554127,0.0016894808,0.0074249865,0.002876399,0.0087245247,-0.0025375243,0.0016026322,-1.4878798e-06,0.0029530077,0.0042091685,0.003258285,0.0044281885,0.0031690465,0.0040573311,0.0046237784,0.0050487305,0.0034612028,0.0048836039,-0.0058444227
2025-07-15,-0.0073471231,-0.015307758,-0.007347042,-0.015307857,-0.0082786699,-0.015523487,-0.0041263287,-0.012980316,-0.0072607182,-0.015372723,-0.004609602,-0.0080421324,-0.0070608277,-0.01452007,-0.0070625984,-0.014520044,-0.0070900779,-0.014851436,-0.0068985162,-0.012585967,-0.0070396839,-0.014535163,-0.0042561442,-0.0065523678,-0.0079301103,-0.013363951,-0.0079295143,-0.013364028,-0.0087858876,-0.012907728,-0.0047954244,-0.010675112,-0.0078750374,-0.013483489,-0.0074012692,-0.0072813103,-0.0080711911,-0.01384531,-0.0080701394,-0.013844158,-0.0081246332,-0.014149873,-0.0061227721,-0.013387965,-0.0081001817,-0.013873186,-0.0058674854,-0.0067113182,-0.0078955532,-0.014737343,-0.0078961066,-0.014737462,-0.0083570425,-0.014475667,-0.0043180773,-0.010587049,-0.0076851356,-0.014858584,-0.005628512,-0.01030583,0.0057369801,-0.00097732036,0.0079474456,-0.0080303819,-0.0066267472,-0.0086173913,-0.0067459193,-0.0079997257,-0.0065620153,-0.0076939059,-0.0071401636,-0.0082149144,-0.0070962158,0.013582002
2025-07-16,0.0047905828,0.0015590634,0.0047918516,0.0015587476,0.0038210248,0.0018172216,0.0033114156,0.0024831896,0.0051558179,0.0015282467,0.0021792708,0.0035470867,0.0049962644,0.0024558152,0.0050052746,0.0024558354,0.0035146502,0.0026375556,0.001904955,0.0030936166,0.0048261945,0.0024885095,0.0051842325,0.0028886708,0.002388784,0.0012507628,0.0023879243,0.0012504323,0.001441505,0.000797802,0.0019086311,0.0012768689,0.0027642784,0.0013028416,0.0017501533,0.00053102854,0.0043270775,0.00094336864,0.0043269109,0.00094327334,0.0042050366,0.0011374055,0.0022785843,0.0024437581,0.0044342687,0.00091166527,0.0023713824,0.0028966149,0.0040447513,0.0010804569,0.0040448337,0.001082407,0.0032153516,0.0010282715,0.002378739,0.00076281701,0.004407872,0.0010769764,0.0027566381,0.0022745928,0.0044211637,0.0017731992,0.0037002466,0.0018487093,0.0010081319,0.0019159034,0.00092924108,0.0018476828,0.0010476584,2.0360983e-05,0.0010674495,0.0010942855,0.0011014643,0.0080000232
2025-07-17,0.0022739276,0.0077991388,0.0022735567,0.0078001867,0.0015944041,0.007730628,0.0014867086,0.010603823,0.0023094969,0.0078235933,0.0054052665,0.016798324,0.0011369709,0.004328358,0.0011258376,0.0043283955,0.00077991031,0.0035386495,0.0012518374,0.0058230493,0.0011754079,0.0043896446,0.0028532941,0.0091437009,0.0031895926,0.0084273838,0.0031905911,0.0084267205,0.0032176511,0.007831232,0.0064703791,0.0024157805,0.0032661806,0.0084195654,0.0028898324,0.0060017059,0.0015739533,0.0083527386,0.0015744976,0.0083521894,0.0017672727,0.0096597504,0.0025505672,0.0097130575,0.0014019835,0.0084758223,0.0039941372,0.0079636844,0.0022110241,0.0076947751,0.0022112227,0.007693402,0.001600186,0.0084450433,0.0031768254,0.011031799,0.0025456769,0.0074342587,0.0041000348,0.017273006,0.0054402654,0.0024159461,0.0048702626,0.0033384549,0.0072888402,0.0030508627,0.0071266834,0.0035395205,0.0072006016,0.0041245306,0.0078857329,0.0031310584,0.0077808611,0.0059523592
2025-07-18,-0.0082259925,-0.0022062245,-0.0082251087,-0.0022061901,-0.0094561199,-0.0028985436,-0.0052152651,-0.0065053419,-0.0080718941,-0.0023515016,-0.00046149593,0.0035705009,-0.007860574,-0.00031926768,-0.0078586603,-0.00031923916,-0.0084813806,-0.0010022785,-0.0048678709,0.0018804499,-0.0077780647,-0.00039152583,-0.0033194887,0.0013684085,-0.0057807916,-0.0016538705,-0.0057810072,-0.0016544171,-0.0072887461,-0.0013687603,-0.0046550997,0.0029666434,-0.0055355367,-0.0017759764,-0.0028841879,0.001742021,-0.0097825986,-0.0040181657,-0.0097827438,-0.0040184384,-0.010133723,-0.0040973048,-0.0051844189,-0.0032509945,-0.0097499622,-0.0040372818,-0.0034413791,8.6942285e-05,-0.0083431361,-0.0025086441,-0.0083432849,-0.0025079076,-0.0091260318,-0.0021358187,-0.005632724,0.0020762481,-0.0078411339,-0.0026125076,-0.00074495908,0.0006589179,0.0077314567,0.0005021225,0.0026734768,-0.0013599533,-0.0025028851,-0.0014489649,-0.0024240444,-0.001584727,-0.0024225142,-0.0035768359,-0.0028247942,-0.0020459125,-0.0027341564,0.014792846
2025-07-21,0.000661303,-0.013555915,0.00066097935,-0.013556161,0.0011573804,-0.013671079,-0.0032686024,-0.015518134,0.00035280669,-0.013583293,-0.0026772596,-0.0074932627,0.00071210923,-0.013397562,0.00071245683,-0.013397528,0.0013330419,-0.013761276,0.00024218172,-0.010224817,0.00080250287,-0.013397932,-0.0022460135,-0.0077477748,0.00065259171,-0.012735715,0.00065361022,-0.012735835,0.00099026353,-0.012693761,-0.00086605856,-0.011279016,0.00062572101,-0.012828805,-0.0017401569,-0.010406608,0.00087138102,-0.014273834,0.00087047916,-0.014273875,0.0012146463,-0.01410165,0.001351808,-0.012877978,0.0008493456,-0.014279956,-0.0015376648,-0.0073309432,0.00096599923,-0.01330381,0.00096639742,-0.013304724,0.0013860593,-0.012623278,-0.00018841072,-0.010763281,0.0006652431,-0.013343981,-0.00017085818,-0.0095909085,-0.0038563571,-0.0031168678,-0.0016537047,-0.0022771644,-0.0077238641,-0.0024111244,-0.0077410206,-0.0024323848,-0.007604128,-0.0015422541,-0.0079621935,-0.0018283177,-0.007747088,-0.0037188448
2025-07-22,0.0072683613,-0.0068964432,0.0072678722,-0.0068963233,0.0078935532,-0.0073559286,0.0043126351,-0.0058541653,0.0071427334,-0.0069880149,-0.0011466245,-0.0070470101,0.0059440828,-0.0054248699,0.0059397635,-0.0054248724,0.0055276195,-0.0056798516,-0.0012516204,-0.00577527,0.0058562734,-0.0054840729,-5.2842373e-05,-0.0034316903,0.004007661,-0.0051210403,0.0040062843,-0.0051209955,0.0053101566,-0.0041571214,0.0047022404,-0.0058311504,0.003920406,-0.0052541486,-1.9426386e-05,-0.0037804483,0.0085476876,-0.0047340144,0.0085479777,-0.0047327531,0.0089419471,-0.0055225738,0.0018000798,-0.008600571,0.0084620471,-0.0047661712,0.00041227483,-0.0047790148,0.0070836136,-0.0060825886,0.0070847049,-0.0060838234,0.0071013852,-0.0059580874,0.0028356631,-0.0064487507,0.0069173459,-0.0061827017,0.0010929505,-0.0085175214,-0.0090127603,-0.002389949,-0.0011074498,0.0020663519,-0.00027775666,0.001931207,-0.00034733523,0.0020455551,-0.00027548447,0.0024519105,-6.9580008e-05,0.0024149454,-6.6742855e-05,-0.0068762114
2025-07-23,0.00078605564,0.0089078948,0.00078527735,0.0089079431,0.00089040129,0.0088885496,0.0042471071,0.0075978104,0.00084967637,0.0088974128,0.0081746442,0.014719903,0.00062836462,0.0083640229,0.00061473382,0.0083640503,0.0013868071,0.0080578103,0.008260988,0.01029954,0.00067740704,0.0083828731,0.0060931761,0.011895623,0.0042989619,0.009488425,0.0043005508,0.0094882154,0.0040854255,0.0094700997,0.0056477907,0.0085579586,0.0040456905,0.0094281023,0.0064563702,0.0097794307,0.00032012082,0.0089167277,0.0003209932,0.00891652,0.00010578062,0.0092555038,0.00661823,0.010369346,0.000168137,0.0089375144,0.0076876734,0.0094324121,0.0011851567,0.009248917,0.0011836738,0.0092469328,0.001535641,0.010074613,0.0076711122,0.011760883,0.0013173389,0.0091828726,0.0070181555,0.013442653,0.013187887,0.004533517,0.0066889446,0.0063640401,0.008955639,0.0068302664,0.0094585497,0.0063666505,0.0088907784,0.006479407,0.0087235455,0.0062053992,0.0086137678,0.0029673739
2025-07-24,-0.0026433719,-0.025044198,-0.0026429064,-0.025044851,-0.0047036974,-0.025947375,-0.0019147146,-0.027143109,-0.0023616164,-0.025340077,-0.0037296652,-0.0068213862,-0.00070748,-0.020172111,-0.00070120321,-0.020172027,-0.00036476039,-0.021152044,-0.0037916041,-0.014242492,-0.00061645017,-0.02026465,-0.0064887626,-0.0062965165,-0.0034086615,-0.021437589,-0.0034067454,-0.021438364,-0.0055513638,-0.020415803,-0.0013097338,-0.015246767,-0.0032738148,-0.021755701,-0.0057894943,-0.011736839,-0.0045060825,-0.024935657,-0.0045048251,-0.02493404,-0.0044183329,-0.025734475,-0.0059644149,-0.021674141,-0.0044499721,-0.025054916,-0.0053536654,-0.010528512,-0.0037416776,-0.024428338,-0.0037437397,-0.024427534,-0.0045231922,-0.023408303,-0.002801705,-0.01531038,-0.0033294151,-0.024676545,-0.0052141704,-0.017227264,0.0010695487,-0.0034719464,0.0022071315,-0.0041005194,-0.0097925035,-0.0044896163,-0.010002309,-0.0044456228,-0.0098715472,-0.0051746556,-0.0096727763,-0.0047397029,-0.0097879964,0.0059171125
2025-07-25,-0.0047500915,0.0010857047,-0.0047507408,0.0010854919,-0.0043437789,0.0012012142,-0.0054707831,-0.0016595827,-0.0047149806,0.0011290303,-0.0049863298,-0.004971818,-0.0064066019,0.0014664886,-0.0064100627,0.0014664553,-0.0058778962,0.0019014163,-0.005692288,-0.00033624931,-0.0064212697,0.001450635,-0.0020301869,-0.0028887102,-0.0047226487,-5.4181228e-05,-0.0047223462,-5.3796645e-05,-0.0041499134,8.1486975e-05,-0.0042824875,0.0020023164,-0.0048492119,-6.6177799e-06,-0.0016366376,-0.00046748518,-0.0043229728,0.00055812828,-0.0043241921,0.00055770298,-0.0046467595,0.00021922697,-0.0029932192,0.00010404238,-0.0043463704,0.00054305147,-0.0032081563,-0.0023892462,-0.0047008168,0.0011156584,-0.0047008462,0.0011148285,-0.004831394,0.0009030589,-0.0041825583,-0.0007540545,-0.0047703751,0.0012768527,-0.0029449895,-0.0034476491,-0.0016482091,-0.0029765928,-0.0025259537,-0.0031691172,-0.0022009622,-0.0030168036,-0.0026169472,-0.0032980801,-0.0021250405,-0.0032335232,-0.0026436555,-0.0029676932,-0.0025862891,-0.0019607688
2025-07-28,0.0029623018,-0.0044369118,0.0029620152,-0.0044363156,0.0028528423,-0.0045602075,-0.001210628,-0.0032967504,0.0029464746,-0.0044185885,-0.0034849885,0.0044536688,0.0037325189,-0.0068445877,0.0037290456,-0.0068445531,0.0038702852,-0.0075322171,0.000369002,-0.0045505569,0.003760084,-0.0068109605,-0.00014898651,0.00083279626,0.0014604749,-0.0037097516,0.0014619823,-0.0037101278,0.0024199957,-0.0040659436,0.0010901891,-0.0020958741,0.0012963997,-0.0037532709,-0.0016108432,0.0015919006,0.0029291697,-0.0044851601,0.0029302897,-0.0044855128,0.0032802869,-0.0035817305,-0.0028695775,-0.0026935878,0.0028482596,-0.0044034099,-0.0004368096,0.00085614326,0.0027206371,-0.0044217953,0.0027202429,-0.0044228496,0.0028901923,-0.0037892173,0.0013820534,0.0032630018,0.0027474378,-0.0045963687,-0.00049724608,0.0064756637,0.0057534768,-0.0033138019,-0.0011564757,-0.0025619278,0.00055289436,-0.0028333737,0.00093699962,-0.0025470266,0.0008366259,-0.002571905,-0.0014831659,-0.00276252,-0.0011282381,0.0029468931
2025-07-29,-0.0048402033,-0.0071233178,-0.004839709,-0.0071238328,-0.0041011449,-0.0070054226,-0.0030020966,-0.0088394913,-0.0049021659,-0.0070949832,-0.0061977362,-0.013266202,-0.0040275182,-0.0061239713,-0.004023054,-0.0061239933,-0.00440332,-0.0056997129,-0.003699286,-0.0067003368,-0.0040649327,-0.0061437225,-0.005144436,-0.0085328824,-0.0047196079,-0.0076658435,-0.0047209572,-0.0076653823,-0.0041370908,-0.0074764182,-0.0067817446,-0.0048429533,-0.0047601948,-0.007649189,-0.0047820155,-0.0081143161,-0.004148208,-0.007639841,-0.0041478491,-0.0076397786,-0.0043455558,-0.0081497218,-0.0064815,-0.008829049,-0.0040601582,-0.0076854524,-0.0042711036,-0.0085377475,-0.0044688557,-0.0070513747,-0.0044683634,-0.0070511088,-0.0039185548,-0.0073943282,-0.0037256491,-0.010232296,-0.0046053285,-0.0068910851,-0.0048978365,-0.012452567,-0.0088687557,-0.0056593107,-0.0040390066,-0.003502869,-0.0058513391,-0.0037607722,-0.0061226645,-0.003631012,-0.0059015329,-0.002714472,-0.0058731884,-0.0032214518,-0.0059504969,-0.011753167
2025-07-30,0.0061536415,0.024857113,0.0061529635,0.024858904,0.0066835867,0.024080478,0.0086760612,0.024819986,0.0059036239,0.024767346,0.0082810527,0.039438777,0.0060350938,0.02105944,0.0060237936,0.021059515,0.0062730977,0.019226956,0.009439395,0.024551769,0.0060721029,0.02108197,0.008989675,0.025687704,0.0080252115,0.025489663,0.0080246956,0.02548806,0.0087530543,0.024567214,0.010833178,0.018127276,0.00786258,0.02542204,0.0071617539,0.0223442,0.0063732759,0.023056825,0.0063746393,0.023055259,0.0064494861,0.025169069,0.0077492391,0.024243836,0.0062282683,0.023242099,0.0095332096,0.022529292,0.0066913595,0.023873155,0.0066923378,0.023873098,0.0071828679,0.02498952,0.0059312274,0.032128599,0.0064826538,0.023394655,0.0079087208,0.039612286,0.0099635754,0.0038160577,0.004977894,0.0084374903,0.019410565,0.0087263303,0.01999327,0.0085313789,0.019368372,0.0087810211,0.019372772,0.0085229706,0.019328963,0.010901913
2025-07-31,-0.0034897588,-0.0055140581,-0.0034896893,-0.0055135403,-0.004903539,-0.0055351589,-0.0075088035,-0.0031131209,-0.0032387022,-0.0054714617,-0.0063506221,0.00067232865,-0.0050452742,-0.0077874539,-0.0050367115,-0.0077874373,-0.0043251619,-0.0082167182,-0.0081681435,-0.006700445,-0.0048793987,-0.0077560298,-0.0012582584,-0.0068292709,-0.0045505293,-0.0057336963,-0.0045466755,-0.0057339722,-0.0059253388,-0.0064233649,-0.0026274826,-0.003555499,-0.00431766,-0.0056878908,-0.0046480752,-0.0071707728,-0.0047322307,-0.0064690837,-0.0047356261,-0.0064695822,-0.0047349903,-0.0055869292,-0.0072542509,-0.0023358687,-0.004642948,-0.0063981966,-0.005807604,-0.007058401,-0.0042598398,-0.0061999473,-0.0042620451,-0.0061980649,-0.0056144906,-0.0064411632,-0.0078553589,-0.0038748274,-0.0037271974,-0.0063072915,-0.0056803981,-0.00014162646,0.0062976947,-0.0030214343,0.014656277,-0.0072669219,-0.0079521936,-0.0075976725,-0.0084191583,-0.0071029031,-0.0081963788,-0.0070892658,-0.0064276768,-0.0076122449,-0.0067424609,0.010784266
2025-08-01,0.0034241315,-0.001653681,0.0034244726,-0.0016545425,0.0033189934,-0.0014006237,0.0039231173,-0.0022745198,0.0032551478,-0.0016877471,0.0023039388,-0.006344164,0.0044264087,0.0014973041,0.0044311068,0.0014972764,0.0050116194,0.0023489334,0.0015169909,-0.00049519894,0.0044763196,0.0014736462,0.0010805089,0.00029207816,0.0022472084,-0.0018671507,0.0022469706,-0.0018667405,0.00021591466,-0.0013388005,0.0019510788,0.00064959334,0.0021776669,-0.0018473953,-0.0010139554,0.0013671107,0.0035180448,-0.0007664767,0.0035184505,-0.00076568963,0.003507833,-0.0018990899,0.0021847596,-0.00049269805,0.0035918605,-0.00087879333,0.0010779594,0.0004240782,0.0030039346,-0.001299838,0.0030023065,-0.0012994741,0.0033579601,-0.0016911506,0.0048790396,-0.0031269539,0.002900809,-0.0011185735,0.00012354294,-0.0079678428,-0.0010527763,0.0018660945,0.013430822,0.0014574745,0.0011543538,0.0011609519,0.00092889418,0.0014743036,0.0011777938,0.0042172008,0.00078470895,0.0021327811,0.00077429817,-0.0087293578
2025-08-04,0.0094877139,-0.00054034286,0.009487918,-0.00054183336,0.010388327,0.00021667452,0.0086598373,-0.0011491174,0.0091439141,-0.00043831844,0.0076283085,-0.018055323,0.0096525232,0.0026222349,0.0096564748,0.0026221516,0.0096985087,0.0044326101,0.0076716001,-0.0018328572,0.0096586796,0.00260336,0.0071634957,-0.0054339922,0.0082913187,-0.0015617035,0.0082895325,-0.0015601788,0.0084209388,-0.00067086396,0.0038312278,0.0030311032,0.0082267869,-0.0014741809,0.0080506605,-0.0021462195,0.010507014,0.0013789066,0.010506884,0.001380107,0.010477583,-0.00056889253,0.0095075621,-0.0018865169,0.010571871,0.0012231049,0.0084621682,-0.003443427,0.0096988829,0.00044694438,0.0096998441,0.00044596776,0.010282187,-0.0005304896,0.0076171821,-0.010066191,0.0093175252,0.00091322493,0.0054716446,-0.016716551,-0.0030557297,0.0017219435,0.0075839412,0.0077043096,0.00039845295,0.0081972141,0.00048115811,0.0077803841,0.00033570118,0.0098223861,0.00068744304,0.0083809988,0.0006053956,-0.0058708711
2025-08-05,0.0065296314,-0.0043341099,0.0065288844,-0.0043344484,0.0058720015,-0.0038921116,0.0047137581,-0.001232253,0.0066398732,-0.0042848941,0.0035806582,-0.00028083028,0.0051833786,-0.0046579049,0.0051799683,-0.0046578966,0.0055764652,-0.0043369469,0.0025841004,-0.0041275496,0.0052174199,-0.0046078605,0.0074074876,0.003881778,0.0051466862,-0.0035529814,0.0051481626,-0.0035527153,0.0057352454,-0.0035191717,0.0048000713,-0.0026519012,0.0051644004,-0.0035524375,0.0053121369,0.005104151,0.0062939489,-0.0025534088,0.0062939031,-0.0025526611,0.0063027537,-0.0026601211,0.0040761738,-0.00080046771,0.0062391332,-0.0025741745,0.0034020071,0.0050339932,0.0060424912,-0.0037060442,0.0060425431,-0.0037071116,0.0052821128,-0.0034786276,0.0061704301,0.0018536219,0.0061645501,-0.0036851326,0.0061121768,0.00094727358,0.01154453,0.0038182124,0.017295352,0.0031097177,0.0051742129,0.0024020006,0.0052263325,0.0030964955,0.0056448686,0.0026714047,0.0021878504,0.0028554732,0.0026783556,0.012795366
2025-08-06,0.0021321697,0.0075363648,0.0021327174,0.0075364106,0.0026426508,0.0073631232,0.0043954103,0.0066993764,0.0019298073,0.0075158041,0.00096698432,0.0082741669,0.0034464007,0.0076680686,0.003449265,0.0076680732,0.0036809002,0.0074810887,8.6760097e-05,0.0082360791,0.0034386234,0.0076507443,-0.00037555804,0.0071084778,0.00087379544,0.0073801252,0.00087277489,0.0073800076,-0.00016602047,0.0072767578,0.0020951424,0.0076758048,0.00068759727,0.0073732781,-0.0011050157,0.0067648176,0.0027802934,0.0065350318,0.0027815452,0.0065348034,0.0023627268,0.0066383579,0.0012642278,0.0073055125,0.0028622951,0.0065386727,0.0011536213,0.0058665848,0.0019239007,0.0071891633,0.0019229093,0.0071902831,0.002680467,0.0070416067,0.0018510551,0.007630254,0.0017384784,0.0071731765,-0.001264816,0.0073514227,-0.0014557881,-0.0025089296,-1.8855313e-06,0.0010106346,0.0064624435,0.00097837243,0.0064452908,0.0010982398,0.0062611014,0.0040053348,0.0069733431,0.0016493771,0.0066720865,-0.0087463994
2025-08-07,0.0012917356,-0.0020191457,0.0012913884,-0.002019137,0.00017046639,-0.0020971263,-0.00028219889,-0.00033115304,0.001420031,-0.0020281135,-9.8623041e-05,0.0052508624,0.00086537754,-0.0023224506,0.00086714369,-0.0023224325,0.0019536863,-0.0025771088,-7.6329774e-05,-0.00079203943,0.0010301123,-0.0023191533,0.0044431062,0.0012631206,0.00092485137,-0.0011620415,0.00092875554,-0.0011620845,0.00018292374,-0.0011659839,-0.00073450968,0.0044550616,0.00088576335,-0.0012064832,-0.0023267324,0.0037870857,8.7819474e-05,-0.0017577041,8.637153e-05,-0.0017572908,5.4171768e-05,-0.0016583583,0.00023751383,0.00091640885,9.193771e-05,-0.0017545728,-0.0028567866,0.0013696755,0.00068471403,-0.0019363767,0.00068277535,-0.0019357946,-4.8673044e-05,-0.0019013305,-0.0053326324,0.0042231344,0.00098869003,-0.0020062794,-0.0023996889,0.0045684578,0.0074337009,-0.00073034864,0.00040112677,-0.0039052407,-0.0010071476,-0.0032919155,0.00023546562,-0.0037274271,-0.00076175137,-0.0059542911,-0.002305587,-0.004495732,-0.0020130837,0.028431338
2025-08-08,0.0090418512,-0.0010869625,0.0090425665,-0.0010877169,0.0092919694,-0.00078473031,0.0033805808,-0.00084801285,0.0091001567,-0.0010450583,0.0020755255,-0.0028017077,0.010065542,-0.00032105877,0.010068672,-0.00032105926,0.009405451,8.0602679e-05,0.0062318349,0.00080067323,0.0099677413,-0.00031104589,0.004728614,-0.00034247827,0.0071026555,-0.00069291769,0.0071035273,-0.00069239174,0.0077840817,-0.00051535508,0.0034554356,0.0027820321,0.0070542814,-0.00071240897,0.0019039861,-0.0015700854,0.0091322611,-0.00078348271,0.0091320139,-0.00078288047,0.009206813,-0.0012420406,0.0042398274,-0.0016514458,0.0091434739,-0.0008409164,0.0047799702,-0.0027739756,0.0088763563,-0.00063469404,0.0088762822,-0.00063480592,0.0091927246,-0.00069125492,0.005453926,-0.0034809216,0.0088917282,-0.00050495715,0.0028184509,-0.0038086398,0.0033145704,-0.00024758019,0.0046374386,0.0026614233,0.00082351618,0.0031998684,0.00095559839,0.0027178682,0.00082064566,0.0021869075,0.00072812638,0.0022353283,0.00079421462,0
2025-08-11,0.0018404734,0.0018318778,0.0018403488,0.0018323174,0.0013067502,0.0015085291,-0.00041521101,0.00041944553,0.0018630752,0.0017909688,-0.00096652303,0.0051464269,0.0010795138,0.0015563089,0.0010750639,0.001556313,0.0010432936,0.0011731326,-0.0033241987,0.0014731372,0.0010821334,0.0015342028,0.0011862824,0.0030246597,-0.00035244867,0.0019722785,-0.00035185307,0.0019719944,-0.00072807415,0.0021032253,0.0015258857,0.0027914447,-0.00042448575,0.0019325846,-0.0032471167,0.0046272168,0.0016464543,0.0017154045,0.0016465968,0.0017151033,0.0016657805,0.0018814433,-0.00011426181,0.0021669193,0.0015642708,0.0017484868,-0.001057653,0.0029048741,0.0011573995,0.0018341872,0.0011567897,0.001833208,0.00068550646,0.002141956,-0.00029411766,0.0062580553,0.0013623619,0.0017462723,-0.00038177426,0.005580564,0.0058078428,0.00011166431,0.001105995,-0.0016853476,0.0021917637,-0.0020694709,0.0020226818,-0.0017374394,0.0023825127,-0.0020239396,0.0011154588,-0.0018010347,0.0013300612,0.0076263247
2025-08-12,0.0035037895,0.015948716,0.0035043724,0.015949696,0.0034039305,0.015776075,0.0042011357,0.01586654,0.0036502525,0.01597377,0.0048545176,0.017656535,0.003953195,0.013184326,0.0039522302,0.013184338,0.0031090096,0.012585642,0.0039434178,0.013209881,0.0038319794,0.013210499,0.0045820439,0.010891441,0.0034821692,0.014972294,0.0034812581,0.01497169,0.0029595737,0.014184711,0.0056035343,0.010340098,0.003572858,0.015038102,0.0038993535,0.0098862887,0.0033829874,0.014424118,0.0033835372,0.014422775,0.003354965,0.015635286,0.0027942109,0.01487605,0.0033661858,0.014537153,0.0051021689,0.010688391,0.0034161162,0.015058498,0.0034159915,0.015059093,0.0034476623,0.01515282,0.0052245566,0.015350855,0.0035594063,0.014913707,0.0049822649,0.019476746,0.0057393322,0.001155106,0.0032213276,0.0050799711,0.0091669497,0.0049019548,0.0086664004,0.0051335465,0.0090016199,0.0051273253,0.010076334,0.0048207211,0.0098935512,0.00094617677
2025-08-13,-0.0018808389,0.0069028357,-0.0018810445,0.0069028872,-0.0023197695,0.0070509126,0.0038768555,0.010761642,-0.0018032951,0.0069116794,0.0034800041,0.0051993866,-0.002867714,0.0069914605,-0.0028684274,0.0069914481,-0.002655145,0.0072382609,0.00064343585,0.0055041593,-0.0028023593,0.0070033219,0.0044701126,0.00635004,-0.00028034882,0.0071733556,-0.00028033925,0.0071734529,-0.00087350519,0.0072190991,0.0020543475,0.0079400349,-0.00017096271,0.0072128677,0.0030038563,0.006672084,-0.002377196,0.0083587583,-0.0023780656,0.0083594488,-0.0025024928,0.0081321918,1.1295709e-05,0.0072617952,-0.0023763963,0.0083457734,0.0032717018,0.0062468863,-0.0018293027,0.0069447195,-0.0018294563,0.0069458092,-0.0023578152,0.0064498329,0.0010802124,0.0054019025,-0.0016482501,0.0069287541,0.0027741935,0.006040236,0.0059699874,-0.00020252653,0.016482146,0.0032457208,0.0059059147,0.0026123802,0.0054259683,0.0033955096,0.005825866,0.0036576281,0.006181358,0.0031560171,0.0060442463,0.0085065113
2025-08-14,-0.0019701538,0.0047152112,-0.0019689257,0.0047152977,-0.0028295049,0.0050899685,0.0042231254,0.0087904995,-0.0016220331,0.0047641482,0.00052063304,0.0035714035,-0.00058745069,0.0038233134,-0.00057017185,0.0038233099,-0.0010388221,0.0041000867,-0.0015896479,0.002805023,-0.00060177257,0.003873048,-0.00017237979,0.001799895,-0.0031963207,0.0034753936,-0.0031970302,0.0034752037,-0.0045449847,0.0025222568,-0.00029516757,0.0020829384,-0.0029420393,0.0036386259,0.00052860917,0.00069962494,-0.0023446267,0.0037214792,-0.0023446822,0.0037211228,-0.0027077638,0.0042832968,-3.40522e-05,0.006483419,-0.0020818311,0.003736258,0.0015291198,0.0043716603,-0.00256637,0.0035440205,-0.0025676792,0.0035484226,-0.0030612932,0.0025561127,-0.00075075352,0.0015417431,-0.0022378408,0.0035526114,0.0014918109,0.0041313939,-0.00056457856,0.0033423445,0.0059967541,0.0011669224,0.0014309033,0.00015819742,0.00048676526,0.0012795492,0.0011630363,0.0025672815,0.0028988613,0.0012908448,0.0025157828,-0.0037487988
2025-08-15,0.0037334694,-0.0039317868,0.0037336758,-0.0039319072,0.0030085062,-0.0039304927,-0.00035831875,-0.0048966916,0.0038266561,-0.0039411899,-0.0017610761,0.0050272442,0.0059078205,-0.0043869441,0.0059121256,-0.0043869071,0.0067126997,-0.0047359416,0.0013202517,-0.001429934,0.0060289158,-0.0043651286,0.0015276601,2.2828354e-05,0.0021614325,-0.0036491929,0.002165504,-0.0036494683,0.0020314545,-0.0040261615,0.001775867,-0.0029745685,0.0019228103,-0.0036829601,-0.0023545214,-0.0017885845,0.0027501897,-0.005213246,0.0027503844,-0.0052136231,0.0029609007,-0.004682669,0.003503812,-0.0010541981,0.0027668378,-0.0052008909,-0.00026349573,-0.0009878129,0.0031083596,-0.0041431693,0.00310591,-0.0041428089,0.0032691079,-0.0036790956,1.012214e-05,0.0012089712,0.0032998223,-0.0041968284,0.0002463284,0.0021795571,0.0018323653,-0.00070467215,0.0052340092,-0.0034089813,-0.0027299842,-0.0034215851,-0.0023441432,-0.0034576407,-0.0025138539,-0.0043364621,-0.0034266638,-0.0034795209,-0.0030617438,0
2025-08-18,0.012662879,0.005845415,0.012662733,0.0058452077,0.012854203,0.0056848452,0.0085889691,0.0039672234,0.012486308,0.0058023027,0.0059442566,0.0014400667,0.013708461,0.007733476,0.013710091,0.0077334471,0.014085902,0.0080368918,0.0079441628,0.0057396894,0.013734709,0.0076822532,0.0085132513,0.0036076943,0.010407015,0.0057101169,0.010407093,0.0057103519,0.010668763,0.0063286019,0.0080563084,0.0097374699,0.010198063,0.0056891916,0.0062746043,0.0058572397,0.01297606,0.0063884165,0.012976591,0.0063887587,0.013406691,0.0055765621,0.0035710971,0.0048009224,0.012957376,0.0063391531,0.008482125,0.0018469309,0.012373176,0.006147789,0.012372978,0.0061471483,0.012807291,0.0059382665,0.0082706268,0.0045163422,0.012142892,0.006232551,0.0053181929,0.0011974166,0.0080456091,0.0016337568,0.006367025,0.0067699683,0.0049018184,0.007408433,0.0050016047,0.0067476266,0.0048301755,0.0074595071,0.0049273484,0.0068886564,0.004880581,0.0028221423
2025-08-19,0.0029664736,-0.01479486,0.0029668047,-0.014795541,0.0039889096,-0.013994861,0.00041437859,-0.0091992924,0.002749766,-0.014638608,-0.0062643005,-0.012038,0.0028482455,-0.016861985,0.0028591984,-0.01686196,0.0031256633,-0.016519209,-0.0041459074,-0.013699809,0.0028224772,-0.01676293,-0.0024799825,-0.011011257,-0.00044488984,-0.014272529,-0.00044388239,-0.014271977,0.00037994056,-0.015023528,-0.0016492257,-0.016505401,-0.00041658722,-0.01421401,-0.0042616851,-0.016359753,0.0042705674,-0.014571172,0.0042689958,-0.014570572,0.0041243408,-0.01409462,0.00093566532,-0.011960726,0.0044326177,-0.014577806,-0.0059004196,-0.01036522,0.002926013,-0.014740039,0.0029262561,-0.014738167,0.0034173859,-0.015037279,-5.5396805e-05,-0.0174994,0.002531461,-0.014661409,-0.0056090392,-0.013158934,-0.016517304,-0.0051156225,-0.012128217,-0.0069082689,-0.0074634007,-0.0077831228,-0.0079362743,-0.0067103056,-0.0076732347,-0.0040328432,-0.0063902944,-0.0062534194,-0.0066550092,-0.0018760848
2025-08-20,-0.0096053827,-0.0063471226,-0.0096062463,-0.0063475221,-0.0077598337,-0.0060017515,-0.00955728,-0.0069626246,-0.010050238,-0.0062483485,-0.0068581393,-0.015849925,-0.010162722,-0.0065670922,-0.010168164,-0.0065671278,-0.0095260872,-0.0059536086,-0.0039305199,-0.0080263324,-0.010187399,-0.0065604532,-0.012311874,-0.011205647,-0.0072739498,-0.0069455718,-0.0072757357,-0.006944826,-0.0058973668,-0.0067186403,-0.0090945056,-0.0097958694,-0.0074260751,-0.0069045063,-0.0060672157,-0.011682702,-0.0082936299,-0.0057697901,-0.0082939877,-0.0057696658,-0.0082928428,-0.0062359648,-0.0042235776,-0.0088769965,-0.0083414866,-0.0057908854,-0.0066513772,-0.011759324,-0.0084150097,-0.005865643,-0.0084127875,-0.0058671081,-0.0072399533,-0.0061026863,-0.005587642,-0.013350668,-0.00919563,-0.0056718925,-0.0066506711,-0.014716804,-0.021605988,-0.0055635907,-0.018183132,-0.0056421994,-0.0081932285,-0.0051801598,-0.0084470177,-0.0056335218,-0.0083207048,-0.0037286406,-0.0072867891,-0.0047487463,-0.0073927818,-0.028195557
2025-08-21,0.0071101743,0.01391397,0.0071105631,0.013915283,0.0061764863,0.013546029,0.0044579528,0.015480792,0.0072670613,0.013853468,0.0047502745,0.032328192,0.0077453225,0.010280578,0.0077515878,0.010280668,0.0079100047,0.0087439853,0.005259605,0.014876696,0.0078105581,0.010348287,0.0075574462,0.017459672,0.0057679573,0.0139677,0.0057703946,0.013966053,0.0050924757,0.012382752,0.008604686,0.0080612944,0.0058633029,0.013981104,0.0046004491,0.013329075,0.0063044463,0.010963437,0.0063040155,0.010961736,0.0063647809,0.013357738,0.0053993515,0.016968564,0.0063697943,0.011120416,0.0048224971,0.017390032,0.0065237297,0.012301618,0.0065223387,0.012304431,0.0060450802,0.013037154,0.0032833469,0.023095631,0.0068027197,0.011882812,0.0046284664,0.031136008,0.013264891,0.0010398033,0.011229151,0.001767182,0.010606985,0.00146731,0.010901277,0.001861462,0.010699588,0.0012400603,0.010233474,0.0014501512,0.010354431,0.0058027373
2025-08-22,-0.010041694,-0.0045708228,-0.010041764,-0.0045704394,-0.0096923072,-0.0046811641,-0.0097359302,-0.0032074442,-0.010150552,-0.0045683003,-0.0082955626,-0.001484139,-0.0097857728,-0.0058905548,-0.0097878997,-0.0058905351,-0.0098073018,-0.0063170365,-0.0074877485,-0.004676728,-0.009764118,-0.005874796,-0.0092283677,-0.0045095011,-0.0091411194,-0.0041631806,-0.009141129,-0.0041634409,-0.0084354939,-0.0044247388,-0.0078325551,-0.0058593925,-0.0091950002,-0.0041788282,-0.0086918223,-0.0054914994,-0.0099741284,-0.0047073394,-0.0099739696,-0.004707472,-0.0099416259,-0.0041824303,-0.0092632332,-0.0052759116,-0.010005127,-0.0046615102,-0.0074437426,-0.0053621609,-0.0096829508,-0.0047421701,-0.0096822839,-0.0047418519,-0.0093930283,-0.0045930086,-0.0086206585,-0.003501503,-0.0097843315,-0.0048574783,-0.0084824021,-0.0010700869,-0.0085522174,-0.00691701,-0.0016025497,-0.0088318867,-0.0058397266,-0.0087205208,-0.0056234108,-0.0087230893,-0.0057736695,-0.0086004456,-0.0059567525,-0.0086978161,-0.0058314388,-0.0048076916
2025-08-25,-0.0024406092,-0.00061518603,-0.0024409744,-0.00061518459,-0.004025449,-0.00032193824,-0.002438268,0.0003903195,-0.002100848,-0.00064815116,0.00097853073,0.0017421572,-0.0030811241,0.00012880113,-0.003085532,0.00012880436,-0.0030582152,0.00045490739,-0.0020084765,-0.0013980882,-0.0030097489,0.00016602819,0.0031026785,0.00018636649,-0.0025430043,-0.0008725934,-0.0025411772,-0.00087293593,-0.0030561904,-0.0009867208,-0.00054176523,-0.0011733372,-0.0024848708,-0.00081853941,0.0004101443,-7.5784111e-05,-0.003752606,0.00049599755,-0.0037522983,0.0004960012,-0.0035199494,0.00051570684,-0.0026164247,0.0024357782,-0.003846144,0.00047980657,0.0012508834,0.0006443075,-0.0031336355,-0.00055914849,-0.0031348869,-0.00055984328,-0.0042879375,-0.00025779347,-0.00062653493,0.00080204503,-0.0025513979,-0.00058427142,0.0011709665,0.0014195828,0.012716044,0.0015487528,0.0070351357,-0.0016617725,-0.0027480241,-0.0013777084,-0.0025248365,-0.0016159083,-0.0026373474,-0.0032135022,-0.0031394967,-0.0022546338,-0.0030184235,0.01835753
2025-08-26,-0.011374289,-0.015893721,-0.011374016,-0.01589418,-0.012032277,-0.015812736,-0.0091508999,-0.012641547,-0.011113748,-0.015804861,-0.0070649339,-0.013138557,-0.010839345,-0.01694415,-0.01083928,-0.016944143,-0.01078002,-0.017015119,-0.007605195,-0.014109171,-0.010761732,-0.016942212,-0.0076766114,-0.011121464,-0.0086916932,-0.014182788,-0.0086889613,-0.014181965,-0.0082828209,-0.013847803,-0.0095314209,-0.0093902133,-0.0086649633,-0.014275959,-0.007619639,-0.010502702,-0.012679735,-0.014838859,-0.012680271,-0.014837579,-0.013092878,-0.015171954,-0.0084991079,-0.014914208,-0.012664702,-0.014855737,-0.0088361308,-0.012523629,-0.011198611,-0.015120177,-0.011199298,-0.015120118,-0.01154924,-0.015367884,-0.011724952,-0.014037098,-0.010818148,-0.015077787,-0.0089198821,-0.013916925,-0.0030021511,-0.002580276,-0.00032575193,-0.0084495097,-0.0088544594,-0.0088898192,-0.0087283899,-0.0083674726,-0.0088436036,-0.010161203,-0.0091935158,-0.0092712691,-0.0091696259,0.00094872211
2025-08-27,0.0017963867,-0.00066286464,0.001796759,-0.00066280301,0.0013540307,-0.00040856599,0.0011681146,-0.0010448667,0.001878453,-0.00063220975,-3.1082649e-05,-0.005010325,0.0016408158,-0.00062476493,0.0016431985,-0.00062479257,0.00096486012,-0.00015603119,-0.004037528,-0.0033216138,0.0015905858,-0.00060904331,0.0037567598,-0.0025883586,-0.00010515692,-0.0019051728,-0.00010604156,-0.001905126,-0.00054893568,-0.0020539134,-8.5535863e-05,-0.0029094243,3.1968715e-05,-0.0018063757,0.0028317101,0.0011040996,0.0018404045,-0.00051454439,0.0018407096,-0.0005149871,0.0020637071,-0.00056211145,-0.00069332211,-0.00034414859,0.0018513883,-0.00051293218,0.001130683,0.0011738171,0.0013643483,-0.00085410124,0.0013644067,-0.00085439974,0.00094774432,-0.0010774951,0.00051136238,3.5287775e-06,0.0015342816,-0.00076974419,0.00027008285,-0.0019519362,0.0052391836,1.2363638e-05,0.011618184,-0.00051259108,-0.0016420603,-0.00043600143,-0.0014876049,-0.00049073619,-0.0013373889,-0.00045682908,-0.0032461401,-0.00058501328,-0.0029017524,0.0047393358
2025-08-28,-0.0064067393,-0.0069907158,-0.0064067462,-0.0069909688,-0.0062946535,-0.0065155664,-0.0034965785,-0.003537064,-0.0064322661,-0.0068701191,-0.0030271166,-0.012355779,-0.0058410305,-0.0080251956,-0.0058395423,-0.0080252253,-0.0057387171,-0.0074318975,-0.0028016451,-0.0094180126,-0.0058389531,-0.007990766,-0.0069685223,-0.0085087517,-0.0052005849,-0.0071729179,-0.0052012567,-0.0071722089,-0.0052298266,-0.0071912477,-0.0046824768,-0.0065820803,-0.0051491011,-0.0071014526,-0.002374763,-0.0074208833,-0.0064244953,-0.0056346225,-0.0064240326,-0.0056340418,-0.0064859282,-0.0059036456,-0.0035964061,-0.0064032069,-0.006388977,-0.0056431868,-0.0031170127,-0.0060009523,-0.006151518,-0.0066634677,-0.006151085,-0.0066633822,-0.0059413863,-0.0072636562,-0.0036568803,-0.010183616,-0.0062877279,-0.0065343733,-0.0021899329,-0.010173174,-0.006460012,0.00027902061,-0.0038429475,-0.002208728,-0.0051181766,-0.0026403542,-0.005335112,-0.0020798771,-0.0050902203,-0.0013778745,-0.004881778,-0.0018573746,-0.0048297457,-0.0094339609
2025-08-29,-0.0014424976,-0.0064130885,-0.0014417433,-0.0064134425,-0.00093248596,-0.0063557096,-0.0023844301,-0.0073953782,-0.0016005132,-0.0063373072,-0.00045645452,-0.0099958612,-0.0013629966,-0.0068923268,-0.0013565181,-0.0068923419,-0.0014246525,-0.006746257,-8.0308014e-05,-0.0061273539,-0.0012595993,-0.0069058816,-0.002099224,-0.0075460391,0.00026896722,-0.0066954391,0.00027010373,-0.0066948477,-0.00018047146,-0.0066651942,-0.00330139,-0.0018909856,0.00038433898,-0.0066966129,-0.0027191369,-0.0059391613,-0.0015320224,-0.0073365421,-0.0015344445,-0.0073365588,-0.0015294855,-0.0075159263,-0.00069766617,-0.0077807184,-0.0014434304,-0.0073453616,-0.001901167,-0.0058193309,-0.00082082478,-0.006376965,-0.00082131128,-0.0063765208,-0.00052218026,-0.0067650049,-0.001641228,-0.0078517603,-0.00074424741,-0.0062433858,-0.0022749251,-0.0084625914,-0.0037257143,-0.0011520349,-0.00021837286,-0.0014888693,-0.0048769245,-0.0018752278,-0.00504115,-0.0014641386,-0.0048491628,-0.00012124215,-0.0050294319,-0.0012790558,-0.0049586855,0
2025-09-01,0.0054068041,0.0032954934,0.0054068204,0.0032952915,0.0068189662,0.0035761344,0.0065201761,0.0047230085,0.005353924,0.0033180639,-0.0014697336,-0.0011800055,0.005704279,0.0035478654,0.0057066101,0.0035478578,0.0052265082,0.0039099449,0.00087784096,0.002691375,0.0055305153,0.0035707293,0.003434575,0.00067527806,0.0021138815,0.0029390342,0.002111493,0.0029391267,0.0040108303,0.0027804645,0.0028992747,-0.0021901576,0.0019009638,0.0029971404,0.0021022182,-0.002160318,0.007409414,0.0036291795,0.0074106176,0.0036293162,0.0073250714,0.0035444016,0.0038791825,0.0020341069,0.0074644949,0.0036090224,0.003504592,-0.00036480988,0.0054550796,0.0031966631,0.0054560089,0.0031974325,0.0062665852,0.0029299187,0.003601079,-0.0021788332,0.005075653,0.003249016,0.0015064191,-0.0016473241,-0.011095011,-0.00022689198,-0.0047777615,0.0027974973,0.0023242662,0.0030576632,0.0020410797,0.0028394835,0.0020916141,0.004738919,0.0035409495,0.0035343708,0.0032422915,-0.0095238081
2025-09-02,0.0055992144,0.0060802772,0.0055995733,0.0060798792,0.0057826058,0.0065681949,0.006136316,0.0085586187,0.0055762336,0.0061197706,0.0051139533,0.0032253747,0.0061620185,0.0064496426,0.0061688443,0.006449636,0.0060897084,0.0070194139,0.0061671018,0.0055701858,0.0061596622,0.0064923222,0.0047354879,0.0047891265,0.0043868456,0.0054927938,0.0043862664,0.0054929234,0.0045105082,0.0051203109,0.0052437964,0.0069207739,0.0044009537,0.0055910599,0.0051830617,0.0042826134,0.0060124262,0.0063125811,0.0060124897,0.0063127714,0.0059193519,0.0062582954,0.0057305392,0.0068784437,0.0061172218,0.0062777815,0.0058324236,0.0054167265,0.005508544,0.0058089631,0.0055085883,0.005810725,0.0056449071,0.0053420038,0.0057520727,0.002443411,0.0054311796,0.0058945933,0.0049097685,0.0036824347,0.0020493072,0.0057056159,0.0059983354,0.0048843145,0.0047631622,0.0048742605,0.0046108109,0.0050186479,0.0046807038,0.0065042061,0.0052998787,0.0052997902,0.0051897481,0
2025-09-03,-0.004506611,0.0046478642,-0.0045067224,0.0046486147,-0.0053060992,0.004684145,-0.0031841315,0.0043983091,-0.0044018247,0.0047836956,0.00093400514,-0.0018713416,-0.0051700697,0.0016777002,-0.0051758753,0.0016776472,-0.0052253555,0.0018044228,-0.0035246584,-0.0016011666,-0.0051351061,0.0016810632,-0.0017376262,-0.0025428173,-0.0026518464,0.0032703077,-0.0026514987,0.0032707794,-0.0037782257,0.0031991519,-0.0010220554,0.00038067464,-0.0025390671,0.0033610165,-0.00011588746,0.0024225428,-0.0054543998,0.0049227674,-0.0054543777,0.0049219837,-0.0054999214,0.0051904419,-0.002815572,0.00456614,-0.0055351544,0.0050149092,-0.0012738693,0.00078292311,-0.0046045909,0.0046549548,-0.0046050207,0.0046530414,-0.00516772,0.0042601847,-0.0022070736,0.0038932421,-0.0043094688,0.0047299683,-0.0014597807,0.0026991688,0.0017741676,-0.001290424,0.00088207509,0.00031395241,0.00043551062,0.00017407962,2.0799711e-05,0.00043521176,0.00041434777,0.00094490583,0.00043790191,7.7766737e-05,0.00038730906,-0.00096149341
2025-09-04,0.0059110473,0.0077945127,0.0059105759,0.0077949016,0.0060882161,0.0079930728,0.0042925347,0.0086796174,0.0056722776,0.0078874366,0.0040336776,0.0063386314,0.005267738,0.0055974317,0.0052640476,0.0055974158,0.0057144707,0.0056656406,0.0027973449,0.0045081562,0.0052529395,0.005631677,0.0050492495,0.0052832672,0.0042947008,0.0071082871,0.0042944819,0.0071084524,0.0041027045,0.0068067367,0.0063465905,0.0045800603,0.0042356478,0.0071749608,0.0025751682,0.0063583414,0.006283327,0.0080068504,0.0062835356,0.0080063623,0.0062822585,0.0084412934,0.0065670881,0.0085679776,0.0062267733,0.0080669594,0.0034825673,0.0068361054,0.0056421482,0.0077602119,0.0056427746,0.007759214,0.0057326283,0.0077048724,0.0069158534,0.0076006373,0.0053289903,0.0077788412,0.0034425534,0.0086506338,0.0034090317,0.0055557875,0.0075902115,0.0023240651,0.0068071025,0.0017333949,0.0062070597,0.0023969231,0.0068178347,0.0038581497,0.0067630566,0.0027392892,0.0067699084,0.0067371561
2025-09-05,-0.0024987407,-0.0042046584,-0.002498738,-0.0042047255,-0.0032759805,-0.0043575597,0.00035140168,-0.0031476555,-0.0022891562,-0.0042452156,6.0062333e-07,-0.0019801486,-0.0027995106,-0.003367153,-0.0028002082,-0.0033671507,-0.0028751671,-0.0034385153,-0.00086084343,-0.003204417,-0.0027614445,-0.0033898143,0.0017779621,-0.00020422984,-0.0016370915,-0.0033175446,-0.0016368242,-0.0033175034,-0.0021536049,-0.0029358804,-0.00072258242,0.00085645693,-0.0015536748,-0.0033738917,0.0012011905,0.0019215904,-0.0031351184,-0.0032763553,-0.0031348153,-0.0032756549,-0.0032850047,-0.0036552537,-0.0030997275,-0.0032435747,-0.0031316216,-0.0033018137,0.00024107837,6.6721234e-05,-0.0027170658,-0.0038912888,-0.002717695,-0.0038912329,-0.0033197914,-0.0039336716,-0.003087819,-0.00040989264,-0.0023781517,-0.0039300129,-0.00027853427,-0.0018956565,0.0087234017,0.0014918371,0.013265767,0.00075645802,-0.00012194828,0.00087938122,0.00044181552,0.00078526771,4.1895372e-05,-0.00025091446,-0.0012682466,0.00034017044,-0.0011343814,0.010516281
2025-09-08,0.00096155822,-0.010510557,0.00096159894,-0.010508903,0.00057717267,-0.010349779,0.0014500612,-0.0034569098,0.00096906745,-0.010617586,-0.0017415654,-0.0030741471,0.00077455559,-0.012252758,0.00077394097,-0.012252425,0.0006737523,-0.0125758,-0.00099411151,-0.0038775465,0.00085527787,-0.012231251,-0.0011529446,-0.0029077314,-7.2940319e-05,-0.0068829883,-7.3997005e-05,-0.006882849,-0.0012965546,-0.0064855339,-0.00070532621,-0.0088916299,1.0012323e-05,-0.0069550156,0.00055436703,-0.0045411223,0.00041033831,-0.0079373751,0.00042317056,-0.0079377712,0.00083397986,-0.007284233,0.00015518137,-0.0046571389,0.0004715914,-0.0079599572,-0.00066263393,-0.0032378389,0.00099369793,-0.0093062539,0.00099398655,-0.0093053756,0.0011265589,-0.0091379685,0.0018571361,-0.0065261218,0.00088687777,-0.0094353685,-0.0017108287,-0.0017757159,0.0035059533,-0.0043174061,0.0037196197,-0.002381598,-0.0013122477,-0.0017464139,-0.0022029873,-0.0021111524,-0.0016086134,-0.0024473283,-0.0028092147,-0.0023319614,-0.0014172924,0.0094607367
2025-09-09,0.0053788431,0.010219344,0.0053789058,0.010219137,0.0046600222,0.010441217,0.0068520751,0.0085002703,0.0054003548,0.010211084,0.005855746,0.010964775,0.0054529161,0.010178913,0.0054532451,0.010178807,0.0070254069,0.01001622,0.005561779,0.0081448965,0.0052631715,0.01025187,0.0051453762,0.0064368527,0.0045216153,0.0092565577,0.0045229613,0.0092573753,0.0043547699,0.0095926141,0.010218963,0.0081841368,0.0044549826,0.0093309338,0.0083717328,0.0074200447,0.0064014598,0.010129087,0.0063962245,0.010129061,0.0063760369,0.010334129,0.0084234688,0.0094183057,0.0064488734,0.01017351,0.0082294869,0.0073624171,0.0053580167,0.0090942664,0.0053570374,0.0090941088,0.0052746224,0.0094650985,0.0033025105,0.0073130819,0.005334782,0.0091485796,0.0060782485,0.0088236244,0.0079303088,0.0034865092,0.0028930334,0.0038867474,0.0067358863,0.0045334446,0.0070798775,0.0039158025,0.0065292156,0.0059452172,0.007941046,0.0043762258,0.0068535299,0.010309306
2025-09-10,-0.00045993002,-0.0076400651,-0.00045993544,-0.007641082,-0.0010176149,-0.0067264273,0.0034601669,-0.016829907,-0.00046807727,-0.0074731136,0.0025188655,-0.0027648606,6.6552341e-05,-0.0039255428,6.7205265e-05,-0.0039251985,7.2228156e-05,-0.0051361244,0.004291271,-0.00083347544,-0.00015029822,-0.0037430327,0.003634255,0.0039798975,-0.001169782,-0.006807055,-0.0011693933,-0.0068055374,-0.00045887166,-0.0054226227,0.010033485,-0.0055471211,-0.0014476372,-0.0063257951,0.0022869833,-0.0016625402,-1.784136e-05,-0.00055932117,-2.084326e-05,-0.00055960653,-0.00014157061,-5.4119971e-05,0.0046513136,0.00041884961,3.3988986e-05,-0.00024811303,0.0024821327,-0.00057603776,-0.00080831404,-0.0055295091,-0.00080779391,-0.005529337,-0.00046468581,-0.0056484503,0.00094996744,-0.0015833925,-0.00057927281,-0.0056209499,0.002969506,-0.0060907831,0.010258437,9.6261902e-05,0.0113768,-0.0016480989,-0.003533486,3.4489525e-05,-0.00025189347,-0.0014395824,-0.0031604339,0.0015744682,0.0016862997,-0.0014082729,-0.003109611,0.019480473
2025-09-11,-0.0070230375,-0.013563385,-0.0070229464,-0.013565153,-0.0081064674,-0.013158977,-0.0042561003,-0.025596187,-0.0070050406,-0.013357664,-0.0051321076,-0.013674758,-0.0047727974,-0.011002662,-0.0047706429,-0.011002705,-0.0037831932,-0.012357266,-0.0081417319,-0.013675485,-0.0044538887,-0.011007198,-0.0019072559,-0.01119447,-0.0053220448,-0.014846809,-0.0053203867,-0.014847257,-0.0063548263,-0.01363644,-0.00045405238,-0.0091722108,-0.005607802,-0.014561104,-0.0036870979,-0.013269047,-0.0064444546,-0.0085795665,-0.0064478554,-0.0085794831,-0.0065159334,-0.0084657165,-0.0048048877,-0.0089997454,-0.0064227567,-0.0083015257,-0.0016720184,-0.011279877,-0.0068647601,-0.012479643,-0.0068660872,-0.012479769,-0.0073732255,-0.012990396,-0.0086664523,-0.013891816,-0.0068302841,-0.012557216,-0.0033551327,-0.020310244,-0.0029333721,-0.0029864345,-0.0034117557,-0.0038186131,-0.014192442,-0.0020811683,-0.013368256,-0.0040844971,-0.014306737,-0.0032221794,-0.010525698,-0.0035818181,-0.013067074,0.00909918
2025-09-12,0.0066259378,0.00051864977,0.0066254835,0.00051887715,0.0070124577,0.00065160006,0.0088855484,0.0016786087,0.0067190958,0.00048641829,0.0067769503,0.005199708,0.0065348536,0.00032659305,0.0065350566,0.00032661916,0.0075732827,0.00015189803,0.01146879,0.0043089829,0.0062879478,0.00032495425,0.0051578996,0.0047485973,0.0059165495,0.0015080573,0.0059158325,0.0015079067,0.0060461809,0.001716001,0.0060005919,0.0026638067,0.0059475489,0.0015233178,0.0082761305,0.0031297754,0.006987352,0.0017523402,0.0069928356,0.0017522214,0.0071138128,0.0018488578,0.012217425,0.0057993922,0.0070077246,0.0017736101,0.0086469387,0.0059253446,0.006614049,0.00099862684,0.0066138002,0.00099877196,0.0062322707,0.0009313235,0.0040225616,0.0024035173,0.0067049703,0.00097691661,0.005682823,0.0045550801,0.0084009842,0.0055473173,0.019646917,0.0040255886,0.0039809205,0.00472132,0.0037828611,0.0041984233,0.0038187365,0.0043902381,0.0042871498,0.0040851422,0.0041415058,0.0099188728
2025-09-15,-0.0044126001,-0.0058458214,-0.0044125437,-0.0058450982,-0.0038614023,-0.0057627916,-0.0043346429,-0.0033043706,-0.004348011,-0.0059335544,-0.0043661868,-0.0043490516,-0.0052073686,-0.0073154229,-0.0052084656,-0.0073154121,-0.0056788446,-0.0075016644,-0.0054041719,-0.0059864026,-0.0051955111,-0.0074036839,-0.0048066725,-0.0048962373,-0.0038783003,-0.0049161821,-0.0038778247,-0.0049162174,-0.0035912542,-0.0046719071,-0.0031944678,-0.0041824081,-0.0038760684,-0.0050079943,-0.0041697426,-0.0045849823,-0.0044098965,-0.0055333098,-0.0044119629,-0.0055334149,-0.0044238142,-0.0059830529,-0.0059268364,-0.0042371446,-0.0044535269,-0.0056111233,-0.0030823354,-0.0032840699,-0.004324067,-0.0053748591,-0.0043232733,-0.0053749562,-0.0038204634,-0.0054843285,-0.0040255207,-0.0048695448,-0.0044364581,-0.0053093273,-0.0044626168,-0.0026139986,-0.0051380943,-0.0033893048,-0.0029762581,-0.0026969911,-0.0045175218,-0.0028395583,-0.0049904822,-0.0027717461,-0.004242931,-0.0036932844,-0.0046182851,-0.0028095514,-0.0039846593,0
2025-09-16,-0.0067473595,-0.0057853329,-0.0067475175,-0.0057852881,-0.0065154528,-0.0055469516,-0.0020812548,-0.0095616292,-0.0067253681,-0.0057327909,-0.0027689215,-0.0050083736,-0.0055928007,-0.0052073405,-0.005591616,-0.0052071866,-0.0058047017,-0.0059913145,-0.0043522791,-0.0057784688,-0.0053976948,-0.005164484,0.0011135729,-0.0032159469,-0.0043846315,-0.0057203871,-0.0043835859,-0.0057194753,-0.0047125203,-0.004934852,0.00080264424,-0.0044564886,-0.0045614495,-0.0056082867,-0.0029344806,-0.0051560056,-0.0062191786,-0.0031904932,-0.0062198216,-0.0031906488,-0.0063440705,-0.0032019444,-0.0035941267,-0.0035663113,-0.0062507776,-0.0031260114,0.0010479367,-0.0037746727,-0.0062643737,-0.0051599335,-0.0062654512,-0.0051600234,-0.0068025484,-0.0051749717,-0.0049291647,-0.0049482116,-0.006398285,-0.0051518061,-0.0015282574,-0.0065411435,-0.00071256462,-0.0010090369,-0.0053287825,-0.0008210624,-0.0059473971,-0.00041221941,-0.005398513,-0.0010567524,-0.0059087224,-0.0013473206,-0.0039751076,-0.0006684386,-0.0054994491,0.013392855
2025-09-17,0.0014411088,-0.0010092996,0.0014411492,-0.0010092305,0.0013818726,-0.00083886051,-0.0020031688,0.00085753279,0.0014178613,-0.0010306064,-0.0033701658,-0.00187762,0.0002745149,-0.0033326006,0.00027396728,-0.0033326223,-0.00037132582,-0.0027299563,0.0024120589,-0.007767912,0.00025400458,-0.0035123897,-0.0042911116,-0.0070024293,-0.0003027532,-0.0019458028,-0.00030388157,-0.0019460097,-0.00016533957,-0.0021141014,-0.0046339756,-0.003409982,-0.00029849847,-0.0021011468,-0.0036386318,-0.0063694118,0.0011291246,-0.003329884,0.0011290175,-0.0033298396,0.0011656726,-0.0033654416,1.565814e-05,-0.002152604,0.0011359917,-0.0033836408,-0.0039397314,-0.0028571733,0.0012598296,-0.001661446,0.0012603599,-0.001661572,0.0012934956,-0.0011411338,-0.0038991765,-0.0061539853,0.0012796922,-0.0015837343,-0.0033904684,-0.0027406747,-0.0035184348,-0.00084540293,0.0035678063,-0.0017474981,-0.0048025812,-0.0017864431,-0.0055343415,-0.0017402254,-0.0048076754,-0.0027879463,-0.0049750531,-0.0020695345,-0.0042673658,-0.0070485395
2025-09-18,-0.00096616743,0.004244035,-0.00096616103,0.0042442798,-0.00078090773,0.0041199439,0.0067577628,0.0018457343,-0.00095169715,0.0042909566,0.0047246847,0.0033135549,0.00036251623,0.0048903221,0.00036306786,0.0048904438,3.9074111e-05,0.0042029215,0.002975902,0.0043151364,0.00031183665,0.0049824909,0.0046431566,0.0055453745,0.00094448311,0.0043745576,0.0009440286,0.0043751125,0.00062597071,0.0048356937,0.0037129157,0.0040341246,0.00093429935,0.0044197556,0.0050454103,0.0044717297,-0.00081342602,0.0058703203,-0.00081849196,0.0058701874,-0.00096607888,0.0060336477,0.003386454,0.0038226604,-0.00093645796,0.0058919521,0.0055546151,0.0033770934,-0.00066747135,0.0044211457,-0.00066542551,0.0044211769,-0.00068070301,0.0043369573,0.0044710753,0.0046212297,-0.00052776156,0.0043795952,0.0053939738,0.0021026884,0.0087105313,0.002994677,0.00942078,0.0026839457,0.004141569,0.0024246758,0.004543329,0.0029417699,0.0040206141,0.0042439495,0.0047074139,0.00313078,0.0040980865,0.010647861
2025-09-19,-0.0025048098,-0.0037543033,-0.0025049978,-0.0037561301,-0.0015018499,-0.0031530538,-0.0034021138,-0.006615016,-0.0024390202,-0.0037079856,-0.0014494989,-0.0010119181,-0.0033093858,-0.0024201518,-0.0033096106,-0.0024205533,-0.0038016736,-0.0026974355,0.0083202722,-0.00098662317,-0.0033227199,-0.0026170475,-5.8873892e-05,0.00036899107,-0.0024239706,-0.0041754272,-0.0024268955,-0.0041765576,-0.0014763023,-0.0037727717,-0.0030690732,-0.00043156576,-0.0025735396,-0.003959237,-0.0045619434,0.00035986756,-0.0027601662,0.00048760642,-0.0027693676,0.00048790858,-0.0029863442,0.00043863306,0.0055846597,0.0038439071,-0.0028387166,0.00081808825,-0.0016448802,-0.0026107877,-0.0024791846,-0.0022751946,-0.0024787375,-0.0022752475,-0.0028646409,-0.0026802117,-0.0089582823,-0.003718454,-0.0023129472,-0.0022395136,-0.0026732151,-0.00086134614,0.0022281666,0.0006103956,0.017389942,-0.001015112,-0.0054748365,-0.00057756411,-0.0039183186,-0.0010535867,-0.0053420517,-0.0022053961,-0.001905002,-0.0012556648,-0.0049171925,0.00087792196
2025-09-22,-0.00054450299,0.0059990007,-0.00054411142,0.0059999737,-0.0013227548,0.005712382,0.0033081879,0.01198506,-0.00060366867,0.0058825686,0.0038232143,0.0064197021,0.00068227433,0.0044503914,0.00068291281,0.004450399,0.0012132203,0.0050412371,-0.00080771881,0.006628531,0.00086240433,0.0044223696,0.0065645365,0.0045673059,0.00099699121,0.0068993794,0.00099760085,0.0068990712,0.00036432256,0.00629238,0.0080473204,0.006147078,0.0010728522,0.0067109016,0.0064334956,0.0090030388,-0.00090517519,0.0033239438,-0.00090204865,0.0033239114,-0.00077952423,0.0030493434,0.0025201539,0.0021450289,-0.00083269638,0.0031440631,0.0032456827,0.0059816443,-0.0005990633,0.0056192635,-0.00060041428,0.0056193091,1.9945e-05,0.0056455731,0.0036525227,0.0069537026,-0.00079155847,0.0056469303,6.9668897e-05,0.010012354,0.0033934796,-0.0017401162,0.0062270136,0.0015955186,0.0066076004,0.0019857809,0.0052974565,0.0016745856,0.0066559873,0.0014565874,0.0045671103,0.0014225702,0.0063024692,0.0070176248
2025-09-23,-0.00011668652,-0.0030829683,-0.00011633823,-0.003081885,-0.0004098776,-0.0029284204,-0.00040890026,-0.000121454,-0.00017635889,-0.0031507126,0.0013990737,0.0019799391,-4.0026503e-05,-0.003593949,-3.9375007e-05,-0.003593681,0.00029751434,-0.0036777246,0.00022969354,0.0014683967,-0.00010087129,-0.0035056735,2.6520835e-05,0.0015367247,0.00042466943,-0.0013113408,0.00042594193,-0.0013104666,5.0968742e-05,-0.0011020226,0.00078895832,-0.0012656381,0.00041026043,-0.0013119021,0.001449808,-0.00077629395,0.00024461386,-0.0024309537,0.00024210998,-0.0024312781,0.00019917787,-0.0023273254,0.0036328392,-0.00052068962,0.00019916131,-0.0025096519,0.00070193591,0.001463257,4.1040322e-05,-0.0026332554,4.1938444e-05,-0.0026330638,0.00029917741,-0.0024587649,0.001282885,0.00027903681,-7.1209197e-06,-0.0026458944,0.00022476402,0.0013466923,0.001677864,0.00027102468,0.00084196916,7.6537782e-05,0.0012481162,0.0005007055,0.0015104842,0.00027758497,0.0013864517,6.2377293e-05,0.0011830771,0.00023796884,0.0012018209,0.018292638
2025-09-24,0.0043127154,0.0016343952,0.0043123282,0.0016341639,0.0047533422,0.0014659169,0.0052195983,-0.0022731248,0.0044741681,0.0016799561,0.001943037,-0.00061162522,0.0034897863,0.0021698595,0.0034902339,0.0021698258,0.0052669296,0.0017981214,0.0054009265,0.0001182792,0.0032740992,0.0022358352,0.00060178045,-0.00084111656,0.0037848901,0.00061039597,0.0037875845,0.0006105134,0.0039976019,0.00080366905,0.0020110929,0.0018572465,0.0037078657,0.00063001014,0.0024662242,-0.0031521654,0.0058259246,0.0011688535,0.0058259986,0.0011689078,0.0059126231,0.0010306837,0.004993627,-0.00032526966,0.0058588193,0.0011435334,0.0034947548,0.00052688799,0.0047307109,0.00096736346,0.004729451,0.00096716857,0.0049184603,0.00084545851,0.0031314787,0.00037596331,0.0044378188,0.0009648006,0.001987248,-0.0033247072,-0.004059821,0.0011665814,0.0028421657,0.0037186856,0.00083364141,0.0044003839,0.00056962476,0.0036319737,0.00079888738,0.0046533195,0.0010057388,0.0044310615,0.0011195131,-0.00085545848
2025-09-25,-0.0062269959,0.0013356151,-0.0062267524,0.001335769,-0.0059082629,0.0021786609,-0.0055985902,0.0055501556,-0.0062626736,0.001214899,-0.0045602298,0.0076983353,-0.0057880989,-0.00088135938,-0.0057877685,-0.00088149018,-0.0057786206,-0.00058479762,-0.00812476,-0.000284802,-0.0059362301,-0.001052239,-0.0055377448,-0.0019334936,-0.0051012841,0.0016488613,-0.005106286,0.0016496594,-0.0049329708,0.0020869429,-0.0078173234,0.0023678486,-0.0051460307,0.0016696536,-0.0047548689,5.911005e-05,-0.0067352771,0.0023579307,-0.0067409703,0.0023578283,-0.0067730188,0.0023594077,-0.010240083,0.0014869184,-0.0067611265,0.0024477801,-0.004185206,0.00085009332,-0.0064418438,0.0014218828,-0.0064414127,0.0014217601,-0.0062931999,0.0020911461,-0.0063086419,-0.00085899183,-0.0062841035,0.0015931399,-0.006221731,0.0083469453,-0.0046361545,-0.0073784154,-0.0064140756,-0.0048084475,-0.0024759598,-0.0041138971,-0.0022048849,-0.0047178029,-0.0024236625,-0.0057565351,-0.0016274179,-0.005368548,-0.0019111677,-0.0034246304
2025-09-26,0.0060497014,-0.0015023217,0.0060492456,-0.0015022636,0.0052985157,-0.001107835,0.0024365911,-0.0035206024,0.0062555327,-0.0015065391,-0.0020468711,-0.0041244975,0.0051404321,-0.0023426429,0.0051413988,-0.0023425069,0.0060975067,-0.0023193276,0.0025518554,-0.0071127053,0.0050376419,-0.0023613593,-0.0024370603,-0.0049248402,0.0037107854,-0.0014835497,0.0037126957,-0.0014834425,0.003790913,-0.0011356711,-0.0015088506,-0.0049723714,0.0035205698,-0.0014742642,-0.0017477633,-0.0061485304,0.0073471389,-0.0020348936,0.0073520257,-0.0020350346,0.0076561529,-0.0021223632,0.0010754294,-0.0015073148,0.007424335,-0.0020864395,-0.0017105159,-0.0011854727,0.0063965772,-0.0016820657,0.0063968932,-0.0016821289,0.0072693803,-0.0014681294,0.003486639,-0.0025364814,0.0061001735,-0.0016678606,-0.0010411171,-0.0043225128,-0.011178269,-0.00034980015,-0.0077294377,0.00049976904,-8.6489329e-05,0.0015954569,-0.00093381511,0.00060245624,-0.00041016127,0.0020160559,-0.00053030414,0.00076596847,0.0003871417,-0.016323061
2025-09-30,-0.0013589091,0.011345209,-0.0013589479,0.011345577,-0.0013189712,0.010924477,0.0094627859,0.010313805,-0.0012882324,0.011358647,0.0070073246,0.008518265,0.00032180603,0.011698372,0.00032272329,0.011698266,-0.00060200817,0.01088431,0.0097759007,0.0075982128,0.00020875664,0.011824748,0.01119497,0.011276945,0.0031294263,0.010498976,0.0031349184,0.010499994,0.0027862311,0.010887253,0.011310018,0.010041424,0.0029917371,0.010497428,0.0091727614,0.010449358,-0.0011115555,0.012285089,-0.0011189704,0.012285059,-0.00111825,0.012508803,0.0048531763,0.0086648546,-0.0011239136,0.012313936,0.011404128,0.0072316235,-0.0010794126,0.010401126,-0.001080739,0.01040099,-0.0015504845,0.010465351,0.014217532,0.010230732,-0.0011972398,0.010422321,0.010250942,0.0095346338,0.014153586,0.00010576871,0.017937306,0.0087434048,0.0083092966,0.01038974,0.0079819883,0.0088052271,0.0081982976,0.008545001,0.0080013777,0.007668786,0.0083081503,0.0096069448
2025-10-01,0.0034149227,0.0011633389,0.0034152039,0.0011637567,0.003035111,0.0012102444,-0.0050133685,0.0023602826,0.0034021828,0.0010667986,-0.00043266558,0.0009694294,0.001260061,0.00026702431,0.001258344,0.00026694038,0.0023121529,0.00034667631,0.0010053187,0.0016683344,0.00075056513,0.00028926904,-0.0040241986,-0.0019408244,-0.00034447269,0.0013676711,-0.0003408417,0.0013676896,0.00075356813,0.001367165,0.00063814566,0.00041069365,-0.00025469928,0.001318122,0.00078560058,8.2197951e-05,0.0041678439,-0.00036498696,0.0041766171,-0.00036502096,0.0040960296,-0.00077568471,0.0067960353,-0.00090291577,0.004273848,-0.00048278933,-0.003976942,0.001091996,0.0026751924,0.00044940454,0.0026754343,0.00044922862,0.0036310229,0.00042098087,-0.00098286241,0.00092132024,0.0027466556,0.00051189528,-0.001617795,0.0017807261,-0.00019824317,-0.001542709,-0.0021356411,-0.0035582551,0.0015386973,-0.0031979861,0.0010711974,-0.0033627789,0.0017448862,-0.0016176808,0.00092575339,-0.0037351453,0.001483075,0.0051903379
2025-10-02,-0.0072579348,-0.011333764,-0.0072576832,-0.011333417,-0.007299812,-0.011395309,-0.00070937567,-0.014506862,-0.0072871191,-0.01125504,-0.0010423057,-0.0069277121,-0.0050568255,-0.0099314537,-0.0050544681,-0.0099311518,-0.0047463154,-0.011013457,-0.0016985355,-0.0056588294,-0.0051219894,-0.0097370709,-0.0032848851,-0.004367175,-0.0043025699,-0.0094634813,-0.004302894,-0.0094636821,-0.0051054353,-0.0087060215,-0.0017478077,-0.0074856235,-0.0044605301,-0.0093535172,-0.0015023895,-0.008834279,-0.0080387538,-0.0075253373,-0.008041783,-0.0075257331,-0.0078369995,-0.0066734122,-0.0048510423,-0.0075658171,-0.0080840662,-0.0074480293,-0.0020923664,-0.0050174237,-0.00680825,-0.010451923,-0.0068082919,-0.010451359,-0.006580891,-0.01072096,-0.0012355718,-0.0071196862,-0.0068923925,-0.010673555,-0.0019210809,-0.011560668,0.0032508305,-0.0019867922,0.0033380709,-0.0030314446,-0.0047242863,-0.0019150335,-0.004446172,-0.0031866561,-0.0048016459,-0.0043443849,-0.0048805743,-0.0033171751,-0.0045588069,0.018932926
2025-10-03,0.0014702064,-0.018919447,0.0014700894,-0.018919614,0.0019144908,-0.018727442,0.0053467665,-0.023716038,0.0015186615,-0.018862428,0.00043677323,-0.016445634,0.0015942418,-0.017027417,0.0015945978,-0.017027156,0.00089253942,-0.017524214,0.0036617211,-0.011416377,0.0015118061,-0.016936116,0.0008530663,-0.0069994135,0.00098453055,-0.017774582,0.00098593228,-0.017774642,0.0010258086,-0.017402525,0.0014000021,-0.014126915,0.00095381758,-0.017616308,-0.0002427449,-0.013449148,0.00055936989,-0.016929752,0.00056494173,-0.016929862,0.00073959433,-0.017322745,0.0036425371,-0.014979881,0.00056208486,-0.016943418,0.0001480751,-0.01016426,0.0012924366,-0.017456636,0.001293107,-0.017456604,0.0014713627,-0.018052918,-0.0010774121,-0.013219108,0.0013993924,-0.017532497,0.00044325773,-0.018061543,0.0058595143,0.00010059579,0.0099448332,-0.0016567671,-0.010463625,-0.00041844078,-0.009792339,-0.0016306309,-0.010630898,-0.0034869533,-0.010204932,-0.002448075,-0.010483767,0.014358093
2025-10-07,0.0031377878,0.014624798,0.0031380211,0.014624367,0.0038548116,0.015952612,0.0076534149,0.017446339,0.0032781743,0.014411172,0.0061500705,0.020544391,0.0037842549,0.013154135,0.0037819333,0.013153663,0.0020493861,0.013467187,0.0053479323,0.0097033348,0.0041460272,0.013160109,0.004146589,0.0091399863,0.0043401872,0.014159535,0.0043356249,0.014161183,0.0041495108,0.01485826,0.0051190936,0.011866315,0.0042700984,0.014382316,0.0040093538,0.012184097,0.00043007112,0.015247553,0.00042866725,0.015247484,0.00077858715,0.015337293,0.0031367856,0.013703216,0.00038225218,0.015401091,0.0052346861,0.01137618,0.0028547763,0.012896943,0.0028560315,0.012896591,0.0037137068,0.013860878,0.0028292635,0.012486634,0.0029425499,0.013160579,0.0040597155,0.023018268,0.0091157765,6.3569345e-05,0.017100074,0.0050547091,0.0087199119,0.0063630373,0.0095351256,0.0046795159,0.0087363526,0.0015351081,0.0098004026,0.004111515,0.0091189471,0.027477111
2025-10-08,0.0025094017,0.011598114,0.0025090422,0.011598051,0.0022760474,0.012188354,0.0031359206,0.014827199,0.0026079377,0.011529643,0.0016389212,0.014322627,0.0022035288,0.010982997,0.0022034042,0.010982849,0.0028672426,0.010936685,0.0011228298,0.010415292,0.0023150005,0.010939509,0.0010904125,0.0090534554,0.0017635271,0.012094283,0.0017612326,0.012095098,0.0016687524,0.012532408,0.0032515325,0.0094215632,0.0017141144,0.012199711,0.0007364469,0.010887588,0.0029209489,0.014112665,0.0029213934,0.014112558,0.0030654301,0.01459385,0.00041895386,0.014254339,0.0029319183,0.014291094,0.0026526073,0.0095030716,0.0026430128,0.011756071,0.0026430216,0.011756171,0.0022540987,0.012263691,0.00075453062,0.011394639,0.0026614493,0.011833881,0.0034069489,0.017226628,0.00057105633,0.0013940588,0.0033837924,0.00074076582,0.0092826594,0.00019466045,0.0095830931,0.00091645064,0.0092052731,0.0030533611,0.010430299,0.0016114069,0.0094827983,-0.0089140612
2025-10-09,-0.0020117711,0.0018876311,-0.0020117833,0.001887157,-0.0022988364,0.0025316768,0.0024322263,-0.0017505857,-0.0020342826,0.0018783922,0.00030104926,0.0027596765,-0.0013927186,0.0026228826,-0.0013911099,0.0026228364,-0.0019954432,0.0017582676,-0.00067674313,0.0011383584,-0.0013562962,0.0026154317,0.0021409795,0.0020064679,-0.0010144621,0.0029815405,-0.0010145402,0.0029813252,-0.001000903,0.0039682934,0.0026201175,0.0016621899,-0.0012058961,0.003180057,0.0012480444,0.0016083652,-0.0018180714,0.0060231409,-0.0018211273,0.0060230026,-0.0018208887,0.005920146,-0.0011491379,0.0035973815,-0.0018226608,0.0061660308,0.00019586179,0.0032107875,-0.0017221439,0.0030859053,-0.0017220201,0.0030859262,-0.0016482259,0.0027296114,-0.0023301635,0.0039082691,-0.0017997546,0.0030790228,-0.00024088007,0.0043787492,0.0033233385,0.00054756173,0.0092809587,-0.00010580093,0.0033035056,0.00017730266,0.0036430469,-0.00020987029,0.0031636566,1.8302182e-05,0.0046748761,-0.00014698518,0.0036291916,0.0073588628
2025-10-13,-0.0055428851,-0.013102855,-0.0055438444,-0.0131014,-0.0063066017,-0.014276753,-0.0019603214,-0.010851319,-0.005449228,-0.013018587,-0.0078662838,-0.016665013,-0.0050005937,-0.013479425,-0.0050002206,-0.013479023,-0.0026825186,-0.01367045,-0.0075746503,-0.012756204,-0.0052251553,-0.013403424,-0.0077509557,-0.0089525278,-0.0065495388,-0.012792564,-0.0065504371,-0.012792419,-0.0072510738,-0.013309015,-0.0060583519,-0.012986334,-0.0064258406,-0.013067295,-0.0057230744,-0.011581511,-0.0042482005,-0.014804266,-0.0042436595,-0.014804398,-0.0040219163,-0.014538967,-0.0076869701,-0.012181843,-0.0041914617,-0.014997684,-0.0068432274,-0.011335725,-0.0053065734,-0.013045601,-0.0053080492,-0.013045343,-0.00712988,-0.013140768,0.00032108998,-0.012229006,-0.0051809681,-0.013181894,-0.0056235196,-0.01595264,-0.010685112,-0.0069348063,-0.010831089,-0.0078776987,-0.0091763144,-0.0079432895,-0.010566122,-0.0075389699,-0.0091740753,-0.0054840404,-0.011248031,-0.006944007,-0.0093706757,-0.0097401828
2025-10-14,-0.0010293926,0.0048276784,-0.0010313556,0.0048280816,0.0021703392,0.004825903,-0.00061502777,-0.0011927732,-0.00079431826,0.0048344541,-0.00097955794,0.00033515961,-0.0023893026,0.0047175614,-0.0023896329,0.0047175901,-0.001360524,0.0036705708,0.00038283854,-0.0027639856,-0.0029452863,0.0048504084,0.0018183941,0.0038514903,0.00013036667,0.0033543334,0.00013139878,0.0033560272,0.0031575448,0.0042843445,0.0009824279,0.00074228284,0.00019460491,0.0034010861,-0.0024117696,-0.00089046137,-0.00033457635,0.0047670307,-0.00034324488,0.004766929,-0.00038942077,0.0042260515,-0.0015828914,0.00027708815,-0.00030670621,0.0046756922,0.00086806099,0.0021970088,-0.00086775664,0.0035905664,-0.0008701333,0.0035899787,-0.0025721699,0.0036608219,0.0027448832,0.0019242334,-0.00060706715,0.0037066205,0.0024921531,-0.00026071262,-0.0051528391,0.0019462016,-0.0062048248,0.0025177942,0.00041686344,0.00025765826,0.001147738,0.0022731503,0.00080913584,0.0037353206,0.0022190323,0.0032485905,0.00095867644,-0.0049181212
2025-10-15,-0.01026603,0.0074308959,-0.010265202,0.0074326762,-0.012021637,0.0073928389,-0.0089893227,0.0074165861,-0.01033156,0.0072757038,-0.0010498783,0.0055822854,-0.010092246,0.0066928939,-0.010092454,0.0066929785,-0.0093219777,0.0056012379,-0.0067963317,0.0038133885,-0.010047589,0.0069073207,-0.0047575141,0.0031866227,-0.0098575935,0.0078319256,-0.009854755,0.007834674,-0.010736766,0.0087219569,0.00048962238,0.0046595341,-0.0099639345,0.0078433033,-0.0011218906,0.0060282533,-0.0085991995,0.0075176734,-0.0086039436,0.0075173817,-0.008899556,0.0065494002,-0.0033703382,0.0013186963,-0.0086241394,0.0073017849,-0.002359017,0.0047879515,-0.010104905,0.0064973362,-0.010104484,0.0064967122,-0.009580195,0.0065059169,-0.00063312505,0.0085199293,-0.010315305,0.0066969991,-0.0019431077,0.010828663,0.0060188249,-0.0031547145,0.018343587,-0.0066492483,0.0044208505,-0.0068032847,0.0050901141,-0.006462306,0.0051205375,-0.0032586685,0.0053466705,-0.0057880801,0.0041279482,0.018121896
2025-10-16,0.0046644754,0.0086550787,0.0046653559,0.0086564597,0.00462044,0.0090679522,0.0061564997,0.017926877,0.0044590178,0.0084958325,0.0055029239,0.015982088,0.0039877377,0.0054786429,0.0039867766,0.0054788055,0.0034822385,0.0070069707,0.0038552581,0.0076167165,0.0040166523,0.0054465418,0.0055553843,0.0048773454,0.0045646,0.0080773398,0.0045664298,0.0080801059,0.0035997223,0.0074668961,0.006339452,0.0086581225,0.004780651,0.0079343145,0.005490095,0.0076028424,0.0044354408,0.0039658084,0.0044436203,0.0039656591,0.0044791195,0.0039796255,0.0050887652,0.0054196072,0.0044169304,0.0037940329,0.0053262775,0.0073604237,0.004284347,0.0069647874,0.004285314,0.0069645292,0.0044240282,0.0085015052,0.0046753211,0.0055567261,0.0042950115,0.0072123277,0.0022689928,0.015159119,0.0082089083,0.0003622476,0.0065898851,0.0023759859,0.0040357173,0.0025037619,0.0037360417,0.002626572,0.0039008857,0.0017462314,0.0024801484,0.0021157052,0.0037194339,0.019417575
2025-10-17,0.0080544528,0.0064011373,0.0080542865,0.0064000701,0.0079764512,0.0068366179,0.0052147503,0.009984719,0.0080267456,0.0063823215,0.0019802481,0.0090605395,0.0073160517,0.006024519,0.0073159467,0.0060242172,0.0082477864,0.0065989885,0.0060693783,0.008562631,0.0073580522,0.0058031052,0.0027234803,0.004192567,0.0060997778,0.0069939396,0.0060975451,0.0069922278,0.0060829309,0.0067395886,-0.0020490986,0.0085689315,0.0061597716,0.0070281529,0.0015424205,0.0071860664,0.0081368872,0.0082220298,0.0081510038,0.0082221956,0.008443773,0.0087418514,0.0033683978,0.0087859694,0.0082066029,0.0084528812,0.00053361287,0.0052657345,0.0080034544,0.0073550438,0.0080029766,0.0073554104,0.0075654597,0.0073807911,0.003755255,0.005920178,0.0080456886,0.0073228273,-0.0002632398,0.0097210196,-0.0024621476,0.0017084349,0.0010847148,0.00202991,0.0073290507,0.0022217411,0.006475029,0.0019202714,0.0066211987,0.0017703724,0.0051616386,0.0021578981,0.0071637356,-0.015079399
2025-10-20,0.0020023623,-0.0017513832,0.0020033011,-0.001750857,0.0011108768,-0.0010987137,0.0018640215,-0.0014377696,0.0016773013,-0.0018411948,0.0051667187,0.0040182891,0.0028144153,-0.0029844564,0.0028149206,-0.0029842889,0.0014916672,-0.0030956843,0.0067081446,0.0014660807,0.0027512871,-0.003028008,0.0017761072,0.00047910076,0.0025080873,-0.00020812084,0.0025101508,-0.00020798892,0.0014472842,0.00034631061,0.0012604422,0.00097305766,0.0025058473,-0.00017780863,0.0011898208,-0.00040948261,0.00080581343,-0.00098258018,0.00079995115,-0.00098284472,0.0008795467,-0.001383396,0.0061773778,-0.00057629406,0.0007562071,-0.0010540364,0.0025472185,0.0033950284,0.0017218951,-0.0010333108,0.0017239784,-0.0010333414,0.0017951026,-0.0010137861,0.0028428349,-0.00021743947,0.0019182669,-0.00098657846,0.0010249087,0.0014203806,0.0065227563,0.0007647251,0.011930952,0.0014716807,0.0011666044,0.0028862031,0.0014894682,0.0015150364,0.0013044485,0.00060154085,0.0017589185,0.00095875143,0.0015172095,0.016921797
2025-10-21,0.00044892267,0.00037490515,0.00044931712,0.00037455444,0.00021702519,6.8093316e-05,-0.00064490218,-0.0008469057,0.00036619792,0.00039990006,0.0027495622,-0.00097580625,0.001008975,0.0011589633,0.0010082345,0.0011588896,-0.00025690328,0.0014107001,0.001801737,0.0012353894,0.001182599,0.0012095841,0.0013536139,0.00040547966,0.0010811598,-0.00018820662,0.0010833442,-0.0001888301,0.00075506925,-0.00063274218,0.0037883068,-2.8959939e-07,0.0011418362,-0.00020491235,0.002303439,0.00084289209,-0.00029091685,-0.001313675,-0.00029270837,-0.001313525,-0.00044433915,-0.0014140416,0.0048869201,-0.00079790036,-0.00030896084,-0.0013639578,0.0022132439,0.00025283095,0.00022513379,-0.00015755433,0.00022546656,-0.00015757757,0.00058940841,-0.00039296793,0.0038510922,0.00062013772,0.00022696271,-0.00020077357,0.0030867604,-0.0016925644,0.0041564349,0.00069587849,0.0077102463,0.0028127445,1.6135132e-05,0.0026126874,4.8562077e-05,0.0026782864,0.00047101859,0.0018923947,0.00039605851,0.0024950871,-0.00022327584,0.0015847735
2025-10-22,0.005710133,0.0095890182,0.0057100437,0.0095889223,0.0063811275,0.0099719482,0.006840861,0.011808102,0.0058136466,0.0095305338,0.0067891042,0.011080435,0.0060654403,0.0085161646,0.0060667662,0.0085160972,0.0067161754,0.0091528493,0.0052744808,0.0075774654,0.0060477628,0.0084449677,0.0050795397,0.0065243521,0.0065985417,0.0093451521,0.006599536,0.0093453536,0.0070711053,0.0091745514,0.0036687925,0.0090878774,0.0065480523,0.0093360008,0.0052653095,0.0079607417,0.0054116928,0.0082515408,0.0054172101,0.0082515605,0.0055058904,0.0082337744,0.0046102326,0.0069820725,0.0054055155,0.0082459568,0.0046428455,0.0087949981,0.0059465335,0.009123058,0.005946526,0.0091229851,0.0067786257,0.0095500917,0.004927642,0.0081320585,0.0058286604,0.0092026752,0.0046391746,0.011338005,0.0030803572,0.0047963706,0.0072432409,0.0057849097,0.0073181659,0.0055267788,0.0068817445,0.0057993645,0.0071826681,0.0054091867,0.0068245552,0.0058059509,0.0073034161,-0.00791133
2025-10-23,0.0027270071,0.014601402,0.0027265933,0.014600851,0.0026280978,0.015300034,0.0011757853,0.020464501,0.0028072388,0.014488383,0.0017211395,0.016169125,0.0024754418,0.01216643,0.002475357,0.012166061,0.0037002151,0.013342874,0.0096171032,0.0079388979,0.0022966758,0.011959275,0.0015278128,0.00594387,0.0018389535,0.013660293,0.0018392061,0.013660308,0.0023637405,0.013351277,0.0036529627,0.010683326,0.0017460702,0.013625998,0.00054608973,0.011680638,0.0035443948,0.012966947,0.003552234,0.012967079,0.0036450229,0.013376733,0.0064115372,0.013430698,0.0035964398,0.013086752,0.00054455854,0.0092960957,0.0029535572,0.013420511,0.0029525868,0.013420469,0.0026342641,0.014398487,0.0033789553,0.0091896297,0.002910311,0.013577901,0.0012031438,0.01787696,0.0035555829,0.0027837165,0.012548298,0.0015049746,0.0074867105,0.001872653,0.007173039,0.0012857706,0.0073341064,0.0016018562,0.0070655268,0.0017763857,0.0075790193,-0.0055821859
2025-10-27,-0.012847806,-0.030025758,-0.012847557,-0.030021595,-0.012674608,-0.029838596,-0.0056797597,-0.01692895,-0.012984349,-0.030120997,-0.0059216997,-0.0093809513,-0.011264187,-0.031699716,-0.011263072,-0.031698405,-0.011296208,-0.032031296,0.0026276642,-0.011146345,-0.011521128,-0.031427709,-0.0057546779,-0.0051964629,-0.011536464,-0.022928908,-0.011538478,-0.022925981,-0.011962415,-0.022378126,-0.0048267568,-0.024616324,-0.011444098,-0.023009623,-0.0050143577,-0.013313008,-0.013453634,-0.025311075,-0.013458168,-0.02531239,-0.013591295,-0.023643187,0.00071047156,-0.011333622,-0.013490921,-0.025441784,-0.0047073346,-0.010165507,-0.013019975,-0.02708796,-0.0130199,-0.027086568,-0.013295495,-0.02612819,-0.0092643417,-0.018519686,-0.012811989,-0.027322581,-0.0084495221,-0.01026058,0.0084693642,-0.005280256,0.012630495,-0.012910916,-0.012152418,-0.011265065,-0.01103112,-0.012405567,-0.012195375,-0.015316696,-0.012221855,-0.013651982,-0.012705014,0.023255849
2025-10-28,-7.6901491e-05,-0.0088975792,-7.698993e-05,-0.0088978199,0.00022080759,-0.0087452009,-0.00013923885,-0.008858775,-0.00010426373,-0.008899415,-0.0037368571,-0.0067060383,-0.0011914472,-0.0082581509,-0.0011928143,-0.0082581413,-0.001179267,-0.0077959667,-0.0018339484,-0.0065526595,-0.0014668775,-0.0082274883,-0.001493047,-0.0056551782,-0.0016086508,-0.0093677055,-0.0016089872,-0.0093670202,-0.0013161815,-0.0096478989,0.0012228655,-0.0068457053,-0.0015013814,-0.0092975275,-0.0015741454,-0.0066897397,-0.00014211829,-0.0098461193,-0.0001357222,-0.0098460306,4.8282241e-05,-0.010018734,-0.0041441535,-0.0086184096,-8.8246808e-05,-0.0098511496,-0.004286378,-0.0076641927,-0.00051715925,-0.0090489613,-0.00051706264,-0.0090491053,-0.00087613628,-0.008887279,-0.002231534,-0.0074709806,-0.00035343748,-0.0089922092,-0.0034604001,-0.0080199972,0.00063341449,-0.0028544935,0.0043601247,-0.0044267968,-0.0075208374,-0.0034627869,-0.0073984714,-0.0043890154,-0.0076913596,-0.0052509971,-0.0082067011,-0.0048940323,-0.0076855491,-0.0070533271
2025-10-29,2.588706e-05,-0.0020310469,2.6386715e-05,-0.0020319267,6.8276701e-05,-0.0018282332,-0.0029731341,-0.0090878301,-0.00021364027,-0.001923237,0.0004405778,-0.0013000348,-0.00032247237,-0.00016648562,-0.00032328845,-0.00016649764,-0.001774822,-0.00087250472,0.0021214277,-0.00084287384,-0.0004375788,-5.2881006e-05,0.0026186285,-0.00073415513,-0.0008812436,-0.0031524402,-0.00087948553,-0.0031518885,-0.0008478139,-0.0025188898,0.0034859784,-0.00059023904,-0.00084766862,-0.0029511506,-0.00034356738,-0.0028636024,-0.0013745353,-0.00011662447,-0.0013706078,-0.00011660112,-0.0013556007,4.1933772e-05,-1.9285671e-05,-0.0020934756,-0.0013455238,8.0929439e-06,-0.00057384435,-0.0012081803,-0.00077020121,-0.002225577,-0.00076972751,-0.0022257173,-0.0012525378,-0.0022965291,-0.0038022282,-0.0023778216,-0.00041120803,-0.0022509941,0.00076966733,-0.0056533247,0.0061983045,-0.00033982386,0.0018104408,-0.0016717144,-0.0037463265,-0.001057424,-0.0023862526,-0.0016763648,-0.0036165775,-0.001211333,-0.001707048,-0.0022921351,-0.0034930851,0.016574608
2025-10-30,-0.0038758347,-0.0057968798,-0.0038762494,-0.0057966656,-0.0023167733,-0.0053453891,-0.0074903968,-0.0039668173,-0.0039702174,-0.0058650969,-0.0035049996,0.00022856492,-0.0041927715,-0.0069284411,-0.0041952441,-0.0069284843,-0.0059412995,-0.0069844242,0.0023339928,-0.0037667714,-0.0045718291,-0.0069712288,-0.0024971694,-0.00064993394,-0.0031544869,-0.0053109339,-0.0031545485,-0.0053105108,-0.0017344335,-0.0049105881,-0.0035242328,-0.0052689646,-0.0030091729,-0.0052858277,-0.0059614479,-0.0050517112,-0.0046912039,-0.0047856506,-0.0046992655,-0.0047857898,-0.0050181331,-0.0046326717,-0.00318638,-0.0019431693,-0.0047091488,-0.0047364017,-0.0026036164,-0.0019526119,-0.0046125924,-0.0058476706,-0.0046127751,-0.0058476535,-0.0058744209,-0.0055009762,-0.0011874607,-0.006475115,-0.0040929772,-0.0057869766,0.00069106802,-0.0012365351,0.0047406583,0.00031380271,0.0081035063,-0.00071979237,-0.0061992954,0.00012603636,-0.0052773067,-0.00080264082,-0.005690754,-0.0033033992,-0.0045232576,-0.001712934,-0.0057067986,0
2025-10-31,-0.0050082929,-0.007308423,-0.0050076963,-0.0073082797,-0.006298478,-0.0079926698,-0.0047723226,-0.0094803402,-0.0050402518,-0.0072377649,-0.0067338213,-0.013214435,-0.0056211827,-0.0081456531,-0.0056219238,-0.0081456592,-0.005726445,-0.0082756856,-0.0069273231,-0.013583899,-0.0051454174,-0.0081790693,-0.0062779582,-0.014222778,-0.0059515058,-0.0089886972,-0.0059520222,-0.0089891916,-0.0070246872,-0.0091988773,-0.0051485099,-0.0082109785,-0.0059432078,-0.0091878094,-0.0028903534,-0.012681435,-0.0050999316,-0.0099294441,-0.0050922858,-0.009929322,-0.0049250822,-0.010043458,-0.003832392,-0.0096894584,-0.0050434043,-0.010051576,-0.0056437787,-0.010345598,-0.0050496655,-0.008421257,-0.0050503217,-0.0084214409,-0.0046325416,-0.0084691284,-0.004196205,-0.011478205,-0.0053410022,-0.0084434223,-0.0040227808,-0.015558823,-0.0022272335,-0.0044128516,0.001982692,-0.0064370118,-0.010166698,-0.0068155302,-0.011891216,-0.0063612799,-0.010157418,-0.0057670421,-0.010859286,-0.0061569525,-0.0098536421,0.0054348302
2025-11-03,0.0027159926,-0.00056186648,0.002715654,-0.00056189028,0.0029427898,-0.001107543,0.0025456296,-0.0065519894,0.0029801549,-0.00045229077,0.0015770551,-0.0045300011,0.00099962796,0.0019781653,0.00099750885,0.001978183,0.0021699838,0.0002368576,0.0018413326,-0.00036024932,0.0010470353,0.0022020105,0.00012495914,0.00223039,0.0015061403,-0.00031904723,0.0015082866,-0.00031892875,0.0026374313,0.00051805513,0.0059633419,0.0003129278,0.001518243,-0.00019234434,0.0036890679,-0.0012298076,0.0036304819,0.003596711,0.0036354226,0.0035966075,0.0036848172,0.0039240191,0.0031455474,0.0014336663,0.0036228038,0.0037018991,0.0023119024,-0.00046372011,0.0027188381,-0.00015631034,0.0027200689,-0.00015618561,0.0033266063,-0.00085612143,0.0031993226,0.0029721842,0.0027335238,-0.00030200271,0.0046172067,-0.0039140203,0.0016871878,-3.755255e-05,0.016545914,0.00036434321,0.0032004706,-0.0012265616,0.0029551464,0.00052741313,0.0031341645,0.0035026208,0.0033083292,0.0015424907,0.0034713382,-0.0092664557
2025-11-04,-0.004001429,0.0078614335,-0.0040016285,0.0078617372,-0.0046450141,0.0077099256,-0.001800987,0.0082449002,-0.0039015491,0.007844188,-0.0038135641,0.0036916183,-0.0033075263,0.0060916533,-0.0033069881,0.0060915414,-0.0026428525,0.0060023176,-0.011010399,-0.0018455524,-0.0030045171,0.0060268982,-0.0047898505,-0.0018588737,-0.0027446692,0.0064095206,-0.0027438641,0.0064100052,-0.0034756428,0.0065600618,-0.005464733,0.0033646755,-0.0028397406,0.0062755376,-0.0021965831,0.00037411624,-0.0031629283,0.0063038648,-0.0031708499,0.0063038952,-0.0031552517,0.0062749641,-0.0075237191,0.0046018692,-0.0032006831,0.006256063,-0.00058421794,0.0015691442,-0.0034240337,0.0065695839,-0.0034244467,0.0065693113,-0.0038140041,0.0069840486,0.00039538329,0.0021246774,-0.0036030274,0.006663331,4.0509057e-05,0.004348859,-0.0068359988,-0.002407515,-0.012157983,-0.00034422077,0.0012230765,-0.0011610102,6.5354537e-05,-0.0004521172,0.0011549184,0.0010918899,0.0014553358,0.00048868704,0.0016251344,-0.0031176682
2025-11-05,0.004301837,0.0052210667,0.0043022007,0.005220734,0.0037142979,0.0058664006,-0.0011682067,0.0026374499,0.0041804556,0.0051820216,0.00039172385,0.0046825231,0.0033283102,0.0041647947,0.0033296871,0.0041648283,0.0037697401,0.004819452,-0.00026014259,0.0006519494,0.0032398189,0.004192274,-0.00077029744,-0.0018223418,0.0025260247,0.0043342219,0.0025284482,0.0043344709,0.0029352105,0.0044133921,-0.00093084119,0.00059738275,0.0024422492,0.0043766641,-0.00090805794,-0.00087564272,0.0051414508,0.0021206316,0.0051404765,0.0021205568,0.0050076224,0.0020106732,0.0020678427,0.0027787586,0.0052054468,0.002022197,-0.00086746891,0.0037421638,0.0042688625,0.0036962558,0.004268797,0.0036960465,0.0053490483,0.0042530754,-0.0022608605,0.0015042222,0.0040520446,0.0037589457,-0.0010729845,8.4629318e-05,-0.0068357098,0.0030370816,-0.005785417,0.00071313482,0.0016259162,0.000311141,0.0021026948,0.00076626988,0.001907422,0.0025485659,0.0038637425,0.0013003555,0.0019676115,-0.012509735
2025-11-06,-0.001886195,0.015416787,-0.0018858466,0.015417682,-0.002269916,0.016301654,-0.0010725226,0.02440717,-0.0020061058,0.015127309,0.00054292882,0.020504359,-0.001857539,0.012022626,-0.0018591938,0.012022295,-0.0033849543,0.013326011,0.0009028899,0.0075390357,-0.0017293477,0.012077673,-0.0008677446,0.0067182404,-0.0024363061,0.014095656,-0.0024399256,0.014098941,-0.0032607404,0.013965148,-0.00084406342,0.0082367031,-0.0023067377,0.014095854,-0.00031048186,0.011746273,-0.0033689119,0.011080149,-0.0033623363,0.011080043,-0.0031967055,0.011130144,0.00084930703,0.01006729,-0.0033371303,0.011002686,-0.0017957222,0.0089551732,-0.002544342,0.011947126,-0.0025446214,0.011946588,-0.0035135138,0.013742489,-0.00025220997,0.0093757292,-0.0022836388,0.012327618,0.00011848501,0.024109247,0.0093514053,-7.7459862e-05,0.0078936247,-0.0035264193,0.0058061207,-0.0032800614,0.0060591359,-0.0035180562,0.0055631064,-0.0052596474,0.0047779814,-0.0048395649,0.0051608962,0.0023752471
2025-11-07,0.0057978921,0.010663795,0.0057975407,0.01066392,0.0059511644,0.01180763,0.0026658256,0.01631028,0.0059857332,0.010536631,-0.0013035401,0.014168655,0.0037608981,0.0072364675,0.0037615703,0.0072363492,0.0050512338,0.0077682279,-0.0032165634,0.0029387182,0.0039560717,0.0070188245,-0.0015612658,0.0013842035,0.0043497521,0.011066493,0.0043511327,0.011067178,0.00520407,0.011638737,-0.0020397266,0.0077952053,0.0042128762,0.011066821,-0.0031739333,0.0040219909,0.0069147384,0.011819871,0.0069245356,0.011819641,0.0071242044,0.012485213,-0.00089754874,0.011539058,0.0069823673,0.011976815,-0.0015288856,0.0076753687,0.0059991535,0.010342302,0.0059989589,0.01034242,0.0066742485,0.011552196,-0.0020518163,0.0068451231,0.0057587369,0.010490603,-0.0021112705,0.014890326,-0.012401615,-0.0014349278,-0.011644154,0.0011026909,0.0066425475,-0.00040423914,0.0055085926,0.001004917,0.0063696786,0.0018970312,0.0067226951,0.0015845038,0.0077733937,-0.011848339
2025-11-10,0.0021404588,0.01005124,0.0021412929,0.010050783,0.0012101647,0.011198235,-0.0015518903,0.012193526,0.002014539,0.0098931982,0.00020578519,0.013924145,0.0013539541,0.0075763512,0.0013532923,0.0075760293,0.00053915268,0.0084362878,-0.0035578244,0.0037611592,0.0014996056,0.0074577179,-0.0012228279,0.0012292151,-0.00010537097,0.0089485157,-0.00010553512,0.008949432,-0.00050490732,0.0092260897,0.00074488547,0.0052623777,-8.1477919e-05,0.0090213646,-0.00051399364,0.0062859588,0.0020812162,0.0081717782,0.0020795918,0.0081717849,0.001891759,0.0080628172,-0.00049000326,0.0078060724,0.0020726529,0.0082149945,-0.0013591082,0.0057008761,0.0016115788,0.0083421953,0.0016133735,0.0083418052,0.0024486459,0.0093632156,-0.00097880951,0.0035801849,0.0017026846,0.0085864886,0.0001199139,0.012654464,0.0045343343,0.0008441879,0.010074469,-0.0031910683,0.0026289292,-0.0030437914,0.0031713224,-0.0029517698,0.0025390902,-0.0022950488,0.0035741775,-0.0033245763,0.0027015479,0.012789729
2025-11-11,-0.0056702871,0.012156515,-0.0056704928,0.012155668,-0.005762773,0.012428067,-0.0041465911,0.0099705695,-0.005663458,0.012139983,-0.0011719427,0.0084499402,-0.0041927346,0.012335226,-0.0041898724,0.012334886,-0.0041235361,0.011718218,-9.2083327e-05,0.0085208493,-0.0044024015,0.012220559,0.00066658637,0.0072920596,-0.0039469088,0.012245831,-0.0039438187,0.012244575,-0.0038952275,0.012779812,-0.0060365048,0.010133687,-0.004145456,0.012324008,-0.0029663626,0.012428974,-0.0049152906,0.014835642,-0.0049157743,0.014835769,-0.0051074047,0.014642107,-0.0025421113,0.009946856,-0.0049762602,0.014983717,-0.0010295553,0.0074585164,-0.0051544554,0.012747428,-0.0051537449,0.012747365,-0.0051942776,0.012250249,0.0051866135,0.010818847,-0.0051547647,0.012757329,8.011955e-05,0.012280424,0.0020061459,0.0006664259,0.01283626,-0.0010544436,0.0085853614,-0.00058535828,0.0089240886,-0.00090196316,0.0088487855,0.0012363489,0.0091122548,-0.00091370111,0.0084330486,-0.0071033685
2025-11-12,0.0027920551,0.015420334,0.0027918457,0.015418995,0.0041799878,0.016924816,0.0051188425,0.022932482,0.0028088935,0.015122274,0.0036110874,0.023077369,0.0019023804,0.012629254,0.0019021236,0.012628433,0.0022468048,0.014495598,0.002191556,0.013900818,0.0019271793,0.012387679,0.0035507468,0.0084174145,0.0036969471,0.015165688,0.0036966412,0.015164688,0.0048893019,0.014749247,0.0001680891,0.013161981,0.003762168,0.015265354,0.00063296244,0.01397794,0.0023242003,0.012847822,0.0023270406,0.012848066,0.0025076596,0.012776058,0.0041348032,0.015103679,0.0023190981,0.012985401,0.0013501168,0.013488667,0.0029293904,0.013616848,0.0029295594,0.013616664,0.0032461698,0.014470206,-0.00061253984,0.011392052,0.0029174106,0.013878585,0.0003659716,0.025197581,0.0022832789,0.00046025851,0.003910439,0.0019351593,0.0094307004,0.00096993249,0.0090275173,0.001677623,0.0091437692,0.00049226737,0.0096975031,0.0020082932,0.0095323228,0.0047694376
2025-11-13,-0.0082555223,-0.0033917582,-0.008255119,-0.0033914704,-0.0079601248,-0.0037746467,-0.013096467,0.0012463914,-0.0083838722,-0.0033714741,-0.0079089681,-0.0014663741,-0.0093808025,-0.003504682,-0.0093814892,-0.003504673,-0.010464934,-0.0036879164,0.0014863228,0.0014870115,-0.0095522646,-0.0036777214,-0.0054903707,-0.0012595304,-0.0095342114,-0.0019733703,-0.0095310833,-0.0019743407,-0.0093083415,-0.0022026818,-0.0089253424,-0.0012400547,-0.0094694844,-0.0020790866,-0.0073875127,0.00098652765,-0.0075575711,-0.00058699282,-0.0075594113,-0.00058694001,-0.0080865185,-0.00041160003,-0.0034220442,0.0010524922,-0.0075777223,-0.00048351743,-0.0074056837,-0.0021318886,-0.0085508557,-0.0013205097,-0.0085511538,-0.0013201476,-0.0085434694,-0.0017468028,-0.012259695,-0.0020548732,-0.0085908252,-0.0013911694,-0.0082462064,0.0035292933,0.0023785162,-0.0051650943,0.012681866,-0.0073445616,-0.0025124632,-0.0073225303,-0.0020573022,-0.0073992936,-0.0023362459,-0.0082736038,-0.0021527117,-0.0079260996,-0.0028717869,-0.004746798
2025-11-14,-0.0015177793,-0.016021771,-0.0015184146,-0.016022072,-0.0017920798,-0.016387887,-0.0029011608,-0.018908983,-0.0013278651,-0.01589861,-0.0063701791,-0.017225824,-0.0012938402,-0.0142056,-0.0012941089,-0.014205474,-0.00078408769,-0.015261499,-0.0070104343,-0.010760157,-0.0011025638,-0.014234651,-0.0027980039,-0.0085852522,-0.0019513305,-0.014478405,-0.0019510887,-0.014480026,-0.0020457347,-0.014120913,-0.0035075444,-0.012146135,-0.002045801,-0.014439773,-0.0032985413,-0.012025796,-0.00046725792,-0.011493501,-0.00046457895,-0.011493533,-0.0004988498,-0.011264502,-0.0081414671,-0.0087743405,-0.00045712256,-0.011363033,-0.0026602111,-0.011020655,-0.0011777146,-0.013660989,-0.0011783893,-0.013660546,-0.0016541522,-0.014632978,-0.0044248968,-0.011169997,-0.0012625143,-0.013872079,-0.0042457756,-0.015361358,-0.011451012,-0.0044561621,-0.0096584184,-0.001263691,-0.0080360491,-0.001046468,-0.008561706,-0.0015228599,-0.0082727819,-0.0019124107,-0.0079995417,-0.0010378707,-0.007650613,-0.019077874
2025-11-17,0.0009911782,0.013997869,0.00099134616,0.013997295,-9.4488261e-05,0.014548653,-0.0018427625,0.017072289,0.0008483218,0.013870624,-0.0016433366,0.010395162,-6.3515152e-05,0.012347793,-6.2943553e-05,0.012347431,-9.3039625e-05,0.013726967,-0.0055557443,0.0064984483,-4.8289207e-05,0.01223518,-0.001085657,0.0030764355,-0.00080331631,0.012313803,-0.00079973289,0.012314202,-0.0010499957,0.011736154,0.000242495,0.0080807673,-0.00086064338,0.012301385,-0.0012353929,0.0087666375,0.002194588,0.009835726,0.002203123,0.009835976,0.0021021703,0.0094541373,-0.001993532,0.0070862619,0.002199354,0.0097967266,-0.0019428163,0.0057213705,0.0012369257,0.012159932,0.0012374638,0.012159493,0.00073991364,0.012870489,-0.00095313658,0.0091047323,0.0011513346,0.012378413,-0.0014102865,0.013345563,-0.0022180706,0.00071464861,0.00083780209,-0.0014981421,0.0058510206,-0.0026266915,0.0058541025,-0.0015266173,0.0059941095,7.5939927e-05,0.0057583374,-0.00090730558,0.0055112744,0.0032415284
2025-11-18,-0.0099493583,-0.013119602,-0.0099496618,-0.013120321,-0.0093060931,-0.012940767,-0.0071034296,-0.017134277,-0.0098230251,-0.01308494,-0.011396043,-0.015336352,-0.011561488,-0.013750894,-0.01155977,-0.013750999,-0.010208301,-0.013579872,-0.0044570218,-0.018185838,-0.011866153,-0.013762872,-0.010924725,-0.017458758,-0.0088547624,-0.014408521,-0.0088501242,-0.014409444,-0.0078005123,-0.014300803,-0.011903369,-0.014821834,-0.009130041,-0.01442348,-0.013131782,-0.01981189,-0.0074111193,-0.015132761,-0.0074149425,-0.01513272,-0.0074397689,-0.01494991,-0.0075789931,-0.012791298,-0.0074194947,-0.015153415,-0.0088374558,-0.013166409,-0.0088943055,-0.014512494,-0.0088949081,-0.014512553,-0.0080722348,-0.014321062,-0.0099631054,-0.016935158,-0.0094939184,-0.014545482,-0.012518747,-0.020399313,-0.019905251,-0.0066638387,-0.0093361525,-0.0065713915,-0.015204998,-0.0064276768,-0.016088411,-0.0067371581,-0.01508448,-0.005652539,-0.013999004,-0.0058225527,-0.014188566,-0.023424912
2025-11-19,-0.0032269826,-0.0021940499,-0.0032267456,-0.0021939347,-0.0034668671,-0.0028467242,-0.0028659606,-0.0031918118,-0.0033170803,-0.0022055301,-0.0026857887,-0.0078685199,-0.0028629332,-0.0028092981,-0.0028631083,-0.0028094346,-0.0031321706,-0.0024155045,-0.0035023998,-0.0065690423,-0.0028371428,-0.0027285399,-0.0045226415,-0.0076387922,-0.0030362352,-0.0037671767,-0.0030351207,-0.0037678593,-0.0033752743,-0.0043942774,-0.0037507143,-0.0046396592,-0.0029206719,-0.0039455227,-0.0021345853,-0.0062226745,-0.0038367033,-0.0071789372,-0.0038304248,-0.007178781,-0.0038490005,-0.0074110613,-0.0051070768,-0.0096039281,-0.0038387564,-0.0073912864,-0.0037208901,-0.0061512007,-0.0032832882,-0.0044365799,-0.0032836056,-0.0044367969,-0.0034717929,-0.0044695381,-0.0013312826,-0.0061273098,-0.0032796919,-0.004447167,-0.0030263313,-0.010481611,-0.0062312424,-0.0012866332,-0.013985246,-0.0024180034,-0.0049680832,-0.0026448321,-0.0061927316,-0.0024065485,-0.0048916958,-0.0033492309,-0.0073013372,-0.0026833218,-0.0053221854,-0.0066170506
2025-11-20,0.00931031,0.02279542,0.0093100654,0.022795743,0.010652829,0.023427062,0.01363868,0.026221547,0.0095976184,0.022685256,0.0099585166,0.028525764,0.0079406682,0.021290801,0.0079396728,0.021290582,0.0089972108,0.02123933,0.013493348,0.018988508,0.0076398037,0.021331386,0.011915001,0.017491604,0.0088218358,0.022014574,0.0088218368,0.02201695,0.0094816717,0.022641271,0.013829313,0.019738104,0.0087767006,0.02210919,0.014452009,0.020108682,0.0099849883,0.023828411,0.0099800054,0.023828255,0.010062813,0.024404448,0.01559935,0.025666273,0.0099887424,0.023966692,0.014496664,0.018746264,0.0092351146,0.021248149,0.0092348471,0.021247962,0.010128775,0.022396715,0.010581649,0.018784423,0.0090868576,0.021443152,0.012882734,0.028153398,0.020658945,0.0058416128,0.019466476,0.0083246601,0.016103825,0.0091599803,0.016805132,0.0084920574,0.016000404,0.0096139367,0.018330912,0.0083631057,0.016360084,0.030807707
2025-11-21,-0.0059156045,-0.021606467,-0.0059162373,-0.021606047,-0.0061234658,-0.022950478,-0.0080059914,-0.02953863,-0.0057514468,-0.021249264,-0.009358897,-0.029556621,-0.0055322838,-0.017887767,-0.0055313353,-0.017886994,-0.0044915191,-0.019302103,-0.0060432952,-0.019048801,-0.0054217299,-0.017715694,-0.0093001746,-0.013686858,-0.0062490536,-0.021543159,-0.0062489219,-0.021542934,-0.0060108376,-0.021456798,-0.010902412,-0.018967372,-0.0063858895,-0.021573292,-0.008970952,-0.020764617,-0.0047513806,-0.018586693,-0.0047520186,-0.01858678,-0.0048803123,-0.018273678,-0.0081345549,-0.017564639,-0.0047329787,-0.018608299,-0.0064251003,-0.019078807,-0.0054532385,-0.019189979,-0.0054545894,-0.019189624,-0.0057844083,-0.0201021,-0.0077476493,-0.016900946,-0.005591203,-0.019503893,-0.0071432864,-0.031101304,-0.021693897,-0.005090455,-0.020344665,-0.0045694224,-0.014994345,-0.0050665269,-0.014624101,-0.004585821,-0.015100274,-0.0029834407,-0.014341831,-0.0037250633,-0.015052849,-0.033118014
2025-11-24,0.0043436752,0.030533362,0.004343046,0.030533606,0.0054512387,0.030180506,0.0070096385,0.035394479,0.0045412092,0.030369693,0.0085741321,0.02635822,0.0045959803,0.028609364,0.0045955014,0.028608794,0.0049428945,0.029551089,0.0071583347,0.017971935,0.0046802687,0.028666315,0.011386501,0.018103531,0.0070610128,0.02755553,0.0070565537,0.027556826,0.0074433041,0.02678767,0.0079065313,0.022544474,0.0071604387,0.02740013,0.011465852,0.023496864,0.0043059437,0.024423003,0.0042932676,0.024423311,0.0042184278,0.024179652,0.0076396186,0.019511856,0.0042804849,0.024284315,0.01096628,0.018444523,0.0045185683,0.026566846,0.0045166568,0.026566206,0.0038747597,0.027408524,0.0092586987,0.022931174,0.0044576888,0.026824404,0.010275715,0.031025148,0.012945083,0.0069354409,0.015454942,0.011724842,0.017723927,0.011093258,0.017459902,0.011785799,0.018011714,0.010596606,0.016556083,0.011517507,0.017473636,-0.0050124917
2025-11-25,-0.004043919,-0.030055676,-0.0040435534,-0.030054513,-0.0044795718,-0.030779197,-0.0054818099,-0.030473563,-0.0041416201,-0.03000678,-0.0075792236,-0.029833138,-0.0026744827,-0.028897567,-0.0026736644,-0.028896961,-0.0039729904,-0.029271208,-0.0068822213,-0.017827598,-0.002535875,-0.028803039,-0.0076392917,-0.016503262,-0.0060191502,-0.026461204,-0.006019387,-0.026463312,-0.0075240191,-0.026832332,-0.0086080715,-0.026273609,-0.0057997396,-0.026598688,-0.005385939,-0.020804215,-0.0056815624,-0.029725988,-0.0056725055,-0.029726274,-0.0054096127,-0.030101591,-0.0050960082,-0.027876379,-0.0056935702,-0.029983798,-0.011445584,-0.018607581,-0.004027352,-0.027572291,-0.0040256911,-0.027571684,-0.002879289,-0.028868331,-0.0026388259,-0.022508472,-0.0041429538,-0.027876254,-0.0084364874,-0.029123261,-0.0022346655,-0.0038657567,-0.0084431283,-0.011442936,-0.01351085,-0.011047303,-0.014595283,-0.011443522,-0.014257093,-0.013718643,-0.018138177,-0.012036105,-0.014999818,0.013434048
2025-11-26,0.0055519782,-0.006434704,0.0055522748,-0.0064351102,0.0056736384,-0.0075193784,0.010953241,-0.0087192571,0.0054279452,-0.0062205237,0.0093617704,-0.0051551952,0.0073231849,-0.0030216588,0.0073232913,-0.0030214514,0.0061153797,-0.0039763442,0.0070858045,0.0051576073,0.0075419316,-0.0030272783,0.0098912455,0.0078412435,0.0079715469,-0.0046304919,0.0079653021,-0.0046329623,0.0069386009,-0.0049565368,0.004632374,0.0022950972,0.0081501003,-0.0046480213,0.011393691,0.0046389908,0.0035508046,-0.0018524702,0.0035375965,-0.0018523476,0.0037122938,-0.0014719854,0.0088098386,0.0019418926,0.0035094789,-0.0017164431,0.01171134,0.0003402623,0.0052173362,-0.0032112369,0.0052178029,-0.0032105239,0.00490027,-0.0046911242,0.014461271,0.00084540029,0.0054553252,-0.0035566328,0.01041831,-0.0079853167,0.016654376,0.006549398,0.010693302,0.0083992701,0.003692683,0.0086784191,0.0037871185,0.008436278,0.0036445216,0.0064938873,0.0028706473,0.0075257163,0.0032959153,0.016570006
2025-11-27,0.00081346922,0.012140584,0.00081418838,0.012140666,-0.00031654736,0.013032854,-0.00031537306,0.021392888,0.00053917649,0.011935855,0.0031680672,0.018755565,0.0017613274,0.0093748799,0.0017611632,0.0093746405,0.00059830404,0.010481552,0.0038814016,0.014081426,0.001724213,0.0090718147,0.0037284508,0.0087826488,0.0011897119,0.014052563,0.0011889904,0.014051663,0.00039225453,0.013785932,0.0046396262,0.012346698,0.0011637099,0.014001169,0.0039401326,0.016082163,2.4726698e-05,0.012502183,1.7691334e-05,0.012502169,3.8820749e-05,0.012373836,0.004235941,0.015645681,5.0773869e-05,0.01257179,0.0016326796,0.012503692,0.00060995219,0.013161354,0.00060986122,0.013161528,0.0006461991,0.01350328,0.0019356812,0.01219815,0.00060936434,0.013291015,0.0013870405,0.024355033,0.012333193,0.004870003,0.019116551,0.00215423,0.010793843,0.0037603208,0.010837222,0.0019747292,0.011018102,0.00068214625,0.011149497,0.001631186,0.010845806,0.008965043
2025-11-28,-0.0032753806,0.0023263917,-0.0032755348,0.0023257991,-0.0031420526,0.0020465579,-0.0035280602,0.0020704974,-0.0032477131,0.002483875,-0.006250289,-0.0028903503,-0.003290781,0.0026184841,-0.0032908491,0.002618611,-0.0039587957,0.0034111391,-0.0047307312,-0.0047495429,-0.0033398169,0.002565057,-0.0027890379,-0.0041179181,-0.0039437515,0.0003283043,-0.0039440877,0.00032869694,-0.0034960729,-0.00033243143,-0.00059954892,-0.00176231,-0.0039638709,0.00027237501,-0.0028686006,-0.0018611996,-0.0031532588,0.00052524453,-0.003146139,0.00052542076,-0.0032205628,0.0012891363,-0.004264074,-0.00092187828,-0.0031268916,0.00060483125,-0.0039904857,-0.0049880479,-0.0032809396,0.001802423,-0.0032809501,0.0018025527,-0.0029447976,0.0024688463,-0.00091255282,-0.0019484028,-0.0033299696,0.001758268,-0.002685107,-0.0021941507,-0.00045808123,-0.0030362284,0.0046782306,-0.0036625389,-0.0036140153,-0.0043572814,-0.0033894102,-0.0036959882,-0.0036740212,-0.003023275,-0.0041826578,-0.0035477545,-0.0039009764,0.0072697005
2025-12-01,-0.004249093,0.0035139887,-0.0042493088,0.003514066,-0.0042135524,0.0036305958,0.00020700335,0.0031310038,-0.0042704982,0.0034669735,-0.0015945313,0.0013556953,-0.0035484284,0.003271611,-0.0035475937,0.0032715395,-0.0039815846,0.0030411758,-0.003857849,0.0011615923,-0.0032014742,0.003231637,0.00010323687,0.002054056,-0.0026650616,0.0037629475,-0.0026697976,0.0037628767,-0.0029466296,0.0039776968,-0.0088183862,0.0023637458,-0.0026933377,0.0037709671,-0.0034611283,0.0034050401,-0.0041191817,0.0039213404,-0.0041279935,0.0039213614,-0.0043005942,0.003395387,-0.0066614921,0.00031760982,-0.0041528392,0.0038897581,-0.0013360064,0.0020816284,-0.0040631808,0.003827867,-0.0040634487,0.0038276654,-0.0044556265,0.0035632541,-0.0046364807,0.0040812431,-0.0040812389,0.0038881699,-0.0044747728,0.0050469733,-0.0037153621,-0.0012668795,-0.0022052542,0.00039619148,0.0019215392,0.00017606164,0.0026159547,0.00040876044,0.0023317338,-1.2229857e-05,0.0025499593,0.00056871516,0.0022304549,-0.013632705
2025-12-02,-0.002546097,0.020019134,-0.0025458383,0.020020869,-0.0030771349,0.019566153,-0.0010264419,0.024649385,-0.0025779135,0.019977754,0.0011280311,0.018839284,-0.0025598998,0.018443376,-0.0025602696,0.018443473,-0.0029647348,0.017316175,0.00056347046,0.014698962,-0.0023361327,0.018447081,0.0028889224,0.013184702,-0.0026626528,0.020435376,-0.0026651066,0.020437489,-0.0037702819,0.021132616,-0.0019451961,0.017482014,-0.0026379974,0.020300213,0.0020870053,0.018380225,-0.0023013536,0.02289908,-0.0022999886,0.022898825,-0.0024880344,0.023143048,-0.00026145672,0.02072443,-0.0023500555,0.022919791,0.0030599108,0.013917651,-0.0026129281,0.020255787,-0.0026130623,0.020255725,-0.0035305262,0.020621034,0.00052637414,0.017935581,-0.0025643908,0.020350105,0.0041990758,0.024491655,0.007915147,0.0012676245,0.014852585,0.00010704425,0.014452371,-0.00059606357,0.014445855,0.00043216508,0.014536155,0.0019703158,0.015252857,0.00032292317,0.01425516,0.0032520701
2025-12-03,-0.0018978055,-0.0065298758,-0.0018977995,-0.0065285441,-0.0015963614,-0.0070332747,-0.0024122614,-0.0012277043,-0.0018865796,-0.0065288844,-0.0024729142,-0.0028348927,-0.0021667736,-0.0070813341,-0.0021657235,-0.0070809578,-0.0006783749,-0.0069660266,0.0018585552,-0.00099087298,-0.0025247203,-0.0071150976,-0.0012954206,-0.00042399721,-0.0025277748,-0.0047409485,-0.0025294696,-0.004740757,-0.0024747416,-0.0051580655,-5.9753457e-05,-0.0029231655,-0.0024617945,-0.0049078228,-0.00028159743,-0.00096897513,-0.0012869672,-0.0061973807,-0.0012856329,-0.0061975511,-0.0012806601,-0.0061424909,0.0010383258,-0.0030966732,-0.0012265961,-0.0062997855,-0.0029818944,-0.0016640837,-0.0018564873,-0.0050329898,-0.0018583703,-0.0050326614,-0.0016064376,-0.0051447386,8.6182348e-05,-0.0033133451,-0.0020552319,-0.0051018874,-0.0033734501,8.3018575e-05,0.0030463024,-0.00080321724,0.016409943,-0.0037487631,-0.0015266646,-0.003170466,-0.0016378572,-0.0036503512,-0.0014954662,-0.004747129,-0.0029471425,-0.0039101688,-0.0021194153,0.009724396
2025-12-04,-0.0025128087,0.013241682,-0.00251256,0.013243058,-0.0021410795,0.01227278,0.00054308211,0.013089519,-0.0026728208,0.013226852,0.0035577741,0.0063627881,-0.0025582788,0.012178518,-0.0025580015,0.0121787,-0.0028742137,0.012364841,0.0036950981,0.0047147087,-0.0027348978,0.012338435,0.0027228238,0.0051694431,-0.00057498677,0.011475964,-0.00057139296,0.011477278,-0.00020770828,0.010905828,0.0023767403,0.0078389033,-0.00042525694,0.011216332,0.0039683035,0.0076154022,-0.0024727119,0.0072359749,-0.0024846455,0.007235991,-0.0026363425,0.0065803958,0.0024077424,0.0030794932,-0.0024548511,0.006858469,0.002888712,0.0068942379,-0.0024884938,0.010926426,-0.0024899072,0.010925922,-0.0023662392,0.011119636,0.0048509402,0.0088537187,-0.0026625941,0.011004009,0.0019942535,0.0048905505,0.0014289493,0.0023326695,-0.0051649297,0.0031796668,0.0068589899,0.0020617211,0.0065329658,0.0032136168,0.0071924261,0.0041889994,0.0058998921,0.0033286525,0.0063240746,-0.0016050613
2025-12-05,0.0015658063,-0.017060942,0.0015659787,-0.01706142,0.00080605044,-0.016900375,-0.00048102023,-0.025279948,0.0015412915,-0.016872413,0.00012583048,-0.014201543,0.0017517682,-0.014487287,0.001752134,-0.014486899,0.0017239758,-0.016083611,0.0052567282,-0.0086308376,0.0015889219,-0.014420505,0.00058622273,-0.0058241788,0.00051419292,-0.015495203,0.00051750951,-0.015495868,0.00044583508,-0.014330513,0.0016616801,-0.012064,0.00028796819,-0.015283945,-0.0001938007,-0.013211871,0.0023860851,-0.010757141,0.0023807955,-0.010757396,0.0022417595,-0.010432402,0.0035724577,-0.0063050199,0.0023822647,-0.010582246,0.0031791404,-0.0075099839,0.0015004645,-0.014410651,0.0015015652,-0.014410259,0.0018311333,-0.015214874,0.00072153164,-0.011913611,0.0015715521,-0.014638042,0.0030227986,-0.018877507,0.0024366236,0.0027154628,0.011982061,0.00026640983,-0.0087087391,0.0026426061,-0.0075761732,0.00045180606,-0.0085412005,0.0021179965,-0.0049525984,0.00051572865,-0.0079311151,0.0088424047
2025-12-08,-0.0056640582,-0.0062799035,-0.0056644592,-0.0062832526,-0.0057937765,-0.0052514891,-0.0043605258,-0.0022924587,-0.0051718077,-0.0064420474,-0.0061401984,-0.0050413368,-0.007605544,-0.0086762909,-0.0076034602,-0.008674805,-0.0087936777,-0.0084091651,-0.0099639156,-0.0067144851,-0.0076281869,-0.0091476101,-0.0052885942,-0.0036494639,-0.0071066098,-0.0034701861,-0.007105227,-0.0034700734,-0.0058380936,-0.0043768721,-0.0094327902,-0.0075337657,-0.0073779613,-0.0033222278,-0.0061739578,-0.0017905682,-0.0055246166,-0.0047407214,-0.005539609,-0.0047408469,-0.0058643565,-0.0038836587,-0.0054772285,-0.00073888033,-0.0054692562,-0.004603553,-0.0038271315,-0.0048525304,-0.0062015763,-0.0050171268,-0.0062586841,-0.0050176795,-0.0065092214,-0.0047449127,-0.0073160561,-0.0062787888,-0.0062925623,-0.005345223,-0.0023815355,-0.0058514979,-0.00047124013,-0.0041530502,0.00051714332,-0.0077184443,-0.0019436071,-0.0081824476,-0.0032529761,-0.0067298081,-0.0017324961,-0.0054638695,-0.00050578034,-0.00657553,-0.0019084788,0.015139478
2025-12-09,-0.00019397287,-0.0041284173,-0.00019446257,-0.0041280709,-0.0006609411,-0.0043095209,-0.00082234601,-0.0090532335,-0.00041737331,-0.0041518532,-0.00028143317,-0.0089937575,-0.0011038473,-0.0043273222,-0.0011027387,-0.0043275236,-0.0024314041,-0.0031090046,-0.0014889728,-0.0045736885,-0.0010408726,-0.0041682852,-0.0015026394,-0.0067500946,-0.0015479625,-0.0057684062,-0.0015484681,-0.0057682895,-0.0012500856,-0.0054967971,-0.0032131988,-0.014349821,-0.0015455995,-0.0059245929,-0.0027890358,-0.0092827063,-0.00053757645,-0.0086430363,-0.00054354101,-0.008643088,-0.00074570599,-0.0097220173,0.001119117,-0.013510471,-0.00059200256,-0.008510697,-0.00072453955,-0.013846977,-0.00075374564,-0.0064909707,-0.0007473872,-0.0064908351,-0.0010992812,-0.0069582128,-0.00062271404,-0.012949934,-0.000605397,-0.0066969964,-0.0015080381,-0.010488922,-0.0012587277,-0.0010455478,0.0018165663,-0.00092673855,-0.0064720766,-0.0013835586,-0.0053876205,-0.00096250339,-0.0058230694,-0.00093771459,-0.0054510443,-0.00093276168,-0.0064206383,-0.0015699073
2025-12-10,-0.0027009763,-0.0068527625,-0.0027009896,-0.0068528106,-0.0034594042,-0.0061258786,-0.00034392737,-0.011198409,-0.0028801848,-0.0068280178,-0.00099109792,-0.0083538234,-0.0021061775,-0.0058184419,-0.0021059041,-0.0058182151,-0.0017673687,-0.0062860423,-0.00096114851,-0.0067621988,-0.0022402254,-0.0059206312,-0.0005521607,-0.0060514643,-0.0018314504,-0.0069813617,-0.0018285562,-0.0069814965,-0.0016979369,-0.0076847689,0.0010403501,-0.011315848,-0.0017165842,-0.0068851678,-0.0014753065,-0.0027878599,-0.0024644729,-0.00640725,-0.0024704638,-0.0064071527,-0.0027451482,-0.0064671292,-0.0013165454,-0.0077425797,-0.002406066,-0.0065282419,0.001640712,-0.0096444236,-0.0025764837,-0.006922548,-0.002545963,-0.0069225996,-0.00282539,-0.0067188981,-0.0031832051,-0.0086379493,-0.0024655402,-0.0069783943,-0.0011086147,-0.011824384,0.0034429721,0.0013684889,0.0043152589,-0.00016472981,-0.0066194686,0.00024071366,-0.0056276762,-0.00014819445,-0.0071385349,5.9195215e-05,-0.0072539072,-0.00010595519,-0.0067410427,0.0070755688
2025-12-11,0.0041789843,-0.0097091084,0.0041789514,-0.00970769,0.0046422766,-0.0089025224,0.0012042012,-0.014447721,0.0042929019,-0.009806475,0.00053534852,-0.016317426,0.0019674966,-0.0040717257,0.0019687226,-0.0040730751,0.0022619095,-0.0046079612,0.00074505499,-0.0060343964,0.00174523,-0.004012617,-0.0022929537,-0.0099230043,0.003881593,-0.0096713377,0.0038815693,-0.0096715402,0.0049320568,-0.010009605,-0.0028862683,-0.01193309,0.0037965728,-0.0095086586,0.00019773355,-0.012970666,0.0050453151,-0.0072207527,0.0050224353,-0.0072210866,0.005210559,-0.006912401,0.0013087047,-0.012150746,0.005009412,-0.0072425042,0.0027201516,-0.016785375,0.004424351,-0.0078779572,0.0044287869,-0.0078787982,0.0057347737,-0.0074839708,0.0030762638,-0.017190421,0.004455113,-0.0080188306,0.0035894857,-0.014386208,-0.0030385549,0.0051551296,-0.00022931623,0.0026014696,-0.0045011612,0.0023163967,-0.0042693839,0.0027368857,-0.0051925793,0.0047469121,-0.0059850665,0.0033209635,-0.0043702507,-0.010929057
2025-12-12,0.0010825672,0.00974788,0.0010825965,0.0097469153,0.0019297067,0.0095902806,0.0014385525,0.012196475,0.0013347943,0.0097014047,0.0030284701,0.0080614373,0.001612714,0.006150776,0.0016184371,0.0061499335,0.0018351024,0.0056752891,0.0067920618,0.010781057,0.0015190222,0.0060454042,0.0053447314,0.0079687142,0.00057461016,0.0094395834,0.00057415769,0.0094395887,0.00068900328,0.0097448869,0.0011946944,0.0093700724,0.00040533549,0.00942921,0.0045784196,0.010235754,0.0014756515,0.0084283076,0.0014724293,0.0084276854,0.0015701476,0.0087854242,0.0017595479,0.0090355808,0.001380299,0.0085176046,0.0021550004,0.0074573657,0.00095446894,0.0089921173,0.00092317737,0.0089920871,0.0012360513,0.0088905519,0.0041567559,0.010152544,0.00096701652,0.0088836965,0.003167946,0.008350236,0.0039704942,0.001178542,0.005730699,0.0014779806,0.0052505567,0.0020336379,0.0087162316,0.0018638569,0.006139212,0.0028699638,0.0089474698,0.0017581996,0.0058469457,0.0015785809
2025-12-15,-0.0032895586,-0.0039129764,-0.0032895647,-0.003911357,-0.0041686667,-0.0026827969,-0.00051162952,-0.0032852349,-0.0030239232,-0.0039543844,0.00016722854,-0.005363029,-0.0031101623,0.00032884352,-0.0031103425,0.00032793327,-0.0019272018,-0.00016987008,0.00071531665,-0.00093649945,-0.003220229,0.00024766651,0.00064395188,-0.0063979552,-0.0028281067,-0.003376158,-0.0028274826,-0.0033765041,-0.0034114896,-0.0041453729,-0.001557972,-0.0010062741,-0.0029184121,-0.0030793093,0.00024195737,-0.0020690902,-0.001419609,0.0013352699,-0.0014265043,0.0013352999,-0.0015862739,0.0019968367,-0.0006524781,0.0010536879,-0.0014671513,0.0011557256,0.00089991883,0.0017440165,-0.0029478783,-0.00088799512,-0.0029532751,-0.00088883658,-0.0017718693,-0.00012333306,-0.0042542366,-0.0060950391,-0.003020596,-0.00090357814,1.7533226e-05,-0.0025133201,-0.0051458262,-0.00034483998,-0.0041872623,0.00035026539,-0.0010772951,2.4251034e-05,1.1145031e-06,0.0003105556,-0.0003972431,0.0027064404,0.0016135102,0.0013519869,-2.5132987e-05,-0.010244297
2025-12-16,-0.0022934552,-0.011653161,-0.0022933442,-0.011650962,-0.0020881366,-0.010981609,0.0039896549,-0.01931878,-0.0023430609,-0.011724352,-0.0023450848,-0.020315751,-0.003071437,-0.0069339965,-0.0030737981,-0.0069354419,-0.0019985781,-0.0070525323,0.0010234488,-0.0090172207,-0.0030528189,-0.0067101375,-0.0034626037,-0.013023837,-0.0041480377,-0.012818344,-0.0041436824,-0.012818486,-0.0042006711,-0.013505799,-0.0039460323,-0.020288426,-0.004244222,-0.012740968,-0.0021942118,-0.018260365,-0.00085421869,-0.010437134,-0.0008417236,-0.010438174,-0.00063138215,-0.010739015,-0.0025133351,-0.018166745,-0.00070075742,-0.010529736,-0.0081827746,-0.024913759,-0.0024215444,-0.011064729,-0.0023982293,-0.011064975,-0.0019846427,-0.010565598,-0.005834166,-0.022104546,-0.0027089735,-0.011282245,-0.00034425076,-0.021537657,-0.0120768,-0.00075432753,-0.0023990613,-0.0043938602,-0.0093892259,-0.0037520219,-0.00884115,-0.004287742,-0.0092417899,-0.0018011844,-0.0085318863,-0.0030866363,-0.0083412246,-0.0087579233
2025-12-17,-0.007106773,0.0036905449,-0.0071070381,0.0036918501,-0.0082199613,0.0048327021,0.0078288184,-0.0030409528,-0.0068571845,0.0036332861,0.00055462712,-0.0055205547,-0.0033490194,0.0034306852,-0.0033409112,0.0034293168,-0.0027983644,0.0036181294,0.010392983,0.010409063,-0.0037328615,0.0034593732,0.0041232047,0.0013535033,-0.0053415345,0.0025093234,-0.0053390643,0.0025090425,-0.0065599943,0.0011335536,0.0028402866,-0.0058256638,-0.0054071299,0.0027047122,0.0040320339,-0.0020090545,-0.0070498815,0.0056959746,-0.0070729135,0.0056948481,-0.0074896588,0.0056520853,-0.0040450671,-0.00083313911,-0.0069852333,0.0055214475,0.00048615417,-0.0094683514,-0.007358093,0.0041015315,-0.0073991604,0.0041014116,-0.0076737063,0.0049339225,-0.0032090117,-0.0090978731,-0.0072578294,0.0038181367,0.0035943154,-0.0088042927,0.0047725033,-0.00097120058,0.0080170851,0.0019237033,-0.0005337349,0.003322747,0.0065145549,0.0023995345,0.0013488993,0.0049427733,0.0063484616,0.0026778193,0.0012522967,-0.0056224764
2025-12-18,0.0006193601,-0.0032365863,0.00061881183,-0.0032364728,0.0012610921,-0.0034479831,0.0024538956,-0.0036297632,0.00091640299,-0.0032101229,-0.0021024952,-0.0034412475,0.0011291857,-0.0047446586,0.0011343027,-0.0047457329,0.0025790401,-0.0044253747,0.0025908136,-0.0024923123,0.00068461727,-0.0046709749,-0.0002521405,-0.0033720478,-0.00036369102,-0.0037372231,-0.00036470434,-0.0037372919,-0.00048779737,-0.0044550022,0.0022813385,-0.0026519034,-0.00079793687,-0.0036530734,-0.0002334464,-0.0028525017,0.0017113528,-0.0026752478,0.0017234714,-0.002675317,0.0019117208,-0.0025175262,-0.0011100442,-0.0024728794,0.0017722068,-0.0028146724,-0.0019052061,-0.004170409,0.00069406389,-0.0033900565,0.00066455792,-0.0033898406,0.0018891241,-0.0030276938,-0.0018395663,-0.0035257181,0.00080152706,-0.0034515905,-0.0014111619,-0.0053890351,-0.0025710969,-0.00036967053,-0.0013222286,0.00096778903,-0.0048916715,0.0015344971,-0.0041576101,0.0010694556,-0.004794258,0.0023998638,-0.0032516686,0.0012386349,-0.0041523581,0
2025-12-19,0.0094241996,0.02312437,0.0094238446,0.02312238,0.010020925,0.02200008,0.0075292593,0.026651984,0.0092061902,0.023170072,0.0082285342,0.026652943,0.0079812985,0.016393861,0.007979515,0.016394005,0.0064187476,0.016594835,0.007309232,0.016869901,0.0083035909,0.01643461,0.0099758338,0.022821893,0.0090495395,0.023160138,0.0090463647,0.023160475,0.0084376775,0.024675506,0.0056059449,0.025810282,0.0092248788,0.022862505,0.0096944348,0.020759919,0.008753628,0.017957989,0.0087487737,0.01795849,0.0092423861,0.017374828,0.010625385,0.022443183,0.0087364361,0.018135787,0.0073004303,0.023478938,0.0092850945,0.02072092,0.0092679981,0.020721568,0.0097404248,0.019786914,0.012375166,0.028427649,0.0092150476,0.020864565,0.0086321187,0.027504153,0.014433957,0.0069663186,0.010976108,0.0054681697,0.017368935,0.004989159,0.015756078,0.0058276657,0.017173763,0.0054539876,0.013437537,0.0054894466,0.016675806,0.0096929759
2025-12-22,-0.0010576839,0.0094574778,-0.0010580356,0.0094571837,-0.0010393388,0.0085875044,0.0026776303,0.010767899,-0.0010176093,0.0095594109,0.0023527862,0.013493338,-0.0012837676,0.0045838881,-0.0012797816,0.0045839099,-0.002132141,0.0048039672,0.004731659,0.0099957837,-0.0012061725,0.0047007821,0.0018491314,0.010218099,0.0011207635,0.0095991154,0.0011156158,0.0095993185,0.00076967079,0.0092366578,0.0044059521,0.010081228,0.0015018956,0.0094649425,-0.00054466806,0.010061436,-0.0015657501,0.0087024425,-0.0015815461,0.0087026275,-0.0017681323,0.0083466534,-0.0014085028,0.01011195,-0.0015452419,0.0086036127,0.0025614414,0.011953433,-0.00097771148,0.0084937519,-0.0010098558,0.0084946447,-0.00057398041,0.0084340959,0.0023099732,0.0095497766,-0.001084725,0.0086396454,0.00074777593,0.0098292789,0.0092798471,0.0030761021,0.0052665811,0.0013306526,0.0068149487,0.0014364997,0.006269708,0.001837371,0.0069426822,0.0010690005,0.0075787219,0.00073799651,0.0065971669,0.014400011
2025-12-23,-0.0012326844,-0.010038153,-0.0012326232,-0.010037276,-0.00051634079,-0.0093844183,-0.0055950041,-0.010005023,-0.0013576903,-0.01011236,-0.0014379701,-0.011124327,-0.0014978135,-0.0040432567,-0.0014985484,-0.0040431871,-0.001752578,-0.0042508445,-0.0035262857,-0.0082898985,-0.0015895144,-0.0041056718,-0.0053215693,-0.0073252555,-0.0020016475,-0.0095122129,-0.0020009491,-0.0095123217,-0.0015485096,-0.0096835833,-0.0035299831,-0.010361852,-0.0019306157,-0.0094202697,-0.0042625994,-0.0069009103,-0.0012025276,-0.0084874615,-0.0011989854,-0.0084874891,-0.0010596204,-0.0082833535,-0.0019834576,-0.010257775,-0.0012196783,-0.0084801158,-0.0036038904,-0.0076781914,-0.00137797,-0.0085563488,-0.0013597601,-0.0085571096,-0.0015015569,-0.0084481735,-0.001279325,-0.01264663,-0.0012350295,-0.0086262561,-0.0026643352,-0.0095047361,-0.0022364151,-0.0018102381,0.0052885062,-0.0028151141,-0.0040897548,-0.0026173222,-0.0039154352,-0.0029249697,-0.0039658425,-0.0028818429,-0.0027314065,-0.0028798116,-0.0036677548,0.0047318851
2025-12-24,0.0043620374,-0.0046260346,0.0043619247,-0.0046266589,0.0043450578,-0.003817017,0.0031248905,-0.0072300075,0.0049534228,-0.0046129796,-0.00032086589,-0.0043963079,0.0037122751,-0.0021073025,0.0037135108,-0.0021081446,0.0040591146,-0.0021913495,0.0014945025,-0.0050351637,0.0034836304,-0.0020874377,9.9516546e-05,-0.0034906808,0.0040576141,-0.0040229947,0.004055442,-0.0040231437,0.0043646577,-0.0049614177,0.003512164,-0.0064746786,0.003969446,-0.0038838193,0.0024565061,-0.0037463425,0.0031593717,-0.0039499372,0.0031731242,-0.0039495824,0.0032999858,-0.0036480049,-0.00087458016,-0.0037653131,0.0033052255,-0.0040638149,0.0013191719,-0.0052994468,0.0042857172,-0.0043448903,0.0042235346,-0.0043452603,0.0044777699,-0.0042238179,0.0020344101,-0.0072103805,0.0042402878,-0.0044087754,0.00097241941,-0.0073037165,0.0027565717,0.0006799955,0.0011644767,0.001938375,0.00015104379,0.0026636077,-0.0016490105,0.0018833339,-0.00083135521,0.00077082574,-0.0017490492,0.0012260031,-9.5264567e-05,0.0023547388
2025-12-26,0.012163146,0.0032265624,0.012162984,0.0032274695,0.012444635,0.0030605724,0.0050600784,-0.0011585143,0.011907962,0.0031895147,0.0069983267,-4.2553328e-05,0.01014683,0.0061301398,0.010144625,0.0061295423,0.0089421347,0.0060993661,0.0044307237,-0.0002744674,0.010162911,0.0062576838,0.0078676448,0.0012221677,0.012046078,0.002946164,0.012045422,0.0029462608,0.012084449,0.0035438694,0.012307944,-0.0012610614,0.012443213,0.0028424899,0.0093177031,0.00026594207,0.010696451,0.0013690178,0.010722794,0.0013695984,0.011173876,0.00053952905,0.0071405925,-0.0013776653,0.010759589,0.0014173985,0.00491295,-0.0020726695,0.011949753,0.0031538555,0.01196189,0.0031536492,0.012199829,0.0028448557,0.007897926,0.00069247335,0.01195557,0.0031391254,0.0079576464,0.00090381184,0.0047908732,0.007676296,0.0081207336,0.010065127,0.0062353295,0.0090373223,0.002957455,0.010010628,0.0049523959,0.0089728223,0.00015284614,0.0098685179,0.0057570363,0.0086139624
2025-12-29,-0.00064536715,0.0046348339,-0.00064524208,0.0046347812,-0.00073973875,0.0044813819,-6.482616e-05,0.0059317511,-0.00067045082,0.0048052828,0.0017271573,0.0062124148,0.00063349793,0.0015394978,0.00063392193,0.0015405004,0.00087866715,0.00084276732,0.0038188533,0.0032665165,0.00051733479,0.0013940749,0.00068197232,0.0041376259,-0.0018361006,0.0033930469,-0.0018326631,0.003393004,-0.002522145,0.0034102118,0.0036338152,0.0053593057,-0.0015656491,0.0034012125,8.9287417e-06,0.0076260988,-0.00022224415,0.0034990908,-0.00023687911,0.0034989099,-0.00013810712,0.0039344699,0.0012997725,0.0051734126,-0.00027254351,0.0033751557,-0.00026820587,0.0088780344,-0.0010361793,0.0029498991,-0.0010335132,0.0029503287,-0.001674945,0.0026882495,0.0047103686,0.0088031852,-0.00076794381,0.0030680923,-0.0016302813,0.0045776053,0.0055522887,-0.001493531,0.0026593087,-0.0016890891,-0.001079142,-0.0009194855,0.0012878689,-0.0015614473,-0.00053134804,-0.0011409988,0.003085305,-0.0018025653,-0.00078217171,0.013198804
2025-12-30,-0.0027447595,-0.011354709,-0.0027449682,-0.011356875,-0.0030630564,-0.010252582,-0.005009579,-0.0070219132,-0.0025472903,-0.011384315,-0.0057965349,-0.0062487252,-0.0043592904,-0.011191064,-0.0043553152,-0.011191113,-0.0052084545,-0.01075341,-0.0067157442,-0.0044339864,-0.0044818321,-0.011238195,-0.0015069898,-0.0051759342,-0.0027652002,-0.0097632941,-0.0027654674,-0.009763417,-0.0016372625,-0.010787809,-0.0055686849,-0.0093856284,-0.0027873132,-0.0096479618,-0.0032880276,-0.0065813869,-0.0039640177,-0.0094207025,-0.0039629078,-0.0094209451,-0.0039256994,-0.0090317775,-0.0014048343,-0.0049976575,-0.0038937743,-0.0094496389,-0.0026053217,-0.0053663794,-0.0029524977,-0.010867154,-0.0029874505,-0.010867073,-0.0030077138,-0.010476996,-0.0031923294,-0.010603035,-0.0027930034,-0.010910226,-0.002584466,-0.0093952677,-0.002573367,-0.0028501857,-0.00027735405,-0.0070482972,-0.0059376598,-0.006652573,-0.0064887969,-0.0061780459,-0.0060807065,-0.0060632158,-0.0060434274,-0.0068122873,-0.0056005701,-0.0015325548
2025-12-31,-0.007051791,0.0029714805,-0.007051846,0.0029685734,-0.0082735978,0.0025895788,-0.0064733431,0.0076074638,-0.0071062464,0.0030064266,-0.0048290591,0.010052263,-0.0063139875,-0.0033585228,-0.0063096056,-0.0033571864,-0.0060402995,-0.0024501105,-0.0056006546,0.0056130916,-0.0060283467,-0.0036413325,-0.0041300421,0.0071354343,-0.0075674409,0.0037473503,-0.0075665812,0.0037474678,-0.0084471957,0.0041684139,-0.0043646759,0.0091015167,-0.0073464829,0.0036634445,-0.0061935368,0.0091519906,-0.0071745615,0.0012766616,-0.0071764343,0.0012770981,-0.0075341423,0.0013687569,-0.0027759246,0.0070624053,-0.0072340176,0.0014222583,-0.0036456804,0.0084450038,-0.0073765257,0.0015925215,-0.0073780351,0.0015930783,-0.0082606334,0.001285341,-0.005337021,0.011586648,-0.0074749344,0.0016805533,-0.0083305514,0.0091147262,-0.00064715938,-0.0073508204,-0.0043211555,-0.007214735,-0.0030610647,-0.0069441952,0.00076975624,-0.0068958585,-0.0026192602,-0.0083114815,-0.0020107201,-0.0078735421,-0.0041664309,0.0069071122
2026-01-02,0.007304313,-0.0064515781,0.0073042016,-0.0064492901,0.0073119957,-0.0057721395,0.0030229059,-0.017667843,0.0077084596,-0.0064587217,0.0072885457,-0.010332013,0.0059546173,0.0032123902,0.0059558209,0.0032113302,0.0043309462,0.0049123572,0.0069470026,-1.6063129e-05,0.0058830444,0.0036026903,0.0052739322,-0.0075425372,0.0051653171,-0.0065575283,0.005163426,-0.0065576087,0.0046628389,-0.0081425458,0.0049949401,-0.01538639,0.005405779,-0.006480019,0.0029704449,-0.011282619,0.0056869177,-0.0051368796,0.0056922809,-0.0051357658,0.0058721073,-0.0063647943,0.0083693932,-0.013082242,0.0055244275,-0.0053040182,0.0026360827,-0.014207221,0.006178163,-0.0054886679,0.0061083992,-0.0054889604,0.0055299737,-0.0050730022,0.0045477289,-0.017165927,0.0064518715,-0.0056158137,0.0033407331,-0.013797465,0.0027117141,-0.00077963385,0.0053002565,0.0047036881,-0.00063465925,0.0041698712,0.0026105369,0.0048059277,-0.0005223308,0.004446185,2.2431715e-05,0.0040090865,-0.0012540378,0.020579253
2026-01-05,0.0022262452,-0.0032162426,0.0022260281,-0.0032144443,0.0030110942,-0.003864888,0.0033920738,-0.0071738843,0.0023190652,-0.0032026828,0.0025033365,-0.0018399371,0.00088160635,-0.0011309652,0.00087601779,-0.0011298292,-3.1504254e-05,-0.00046929465,-0.0025823682,-0.0064626013,0.00073003538,-0.0011576722,0.002520252,-0.00071039125,7.4591673e-05,-0.0042412257,7.4468069e-05,-0.0042411843,0.0014669954,-0.0049588193,-0.0011081937,-0.0079353925,-0.00023335541,-0.0042463257,-0.0012639966,0.0037614353,0.0022908996,-0.0028821051,0.0022779365,-0.0028821164,0.0021754589,-0.0032612388,0.003980983,-0.0070973754,0.0022122431,-0.0029453161,0.0025020579,-0.0037176131,0.0017283776,-0.0033347839,0.0017252768,-0.0033346251,0.0012157298,-0.0030773176,0.0021768812,-0.0060269248,0.0020029487,-0.0034269607,0.0032692369,-0.0056291423,0.0040858114,0.00082853701,0.017606104,0.0007327794,-0.0025088755,-0.00039046965,-0.0039212508,0.00019442675,-0.001896339,0.00025700654,0.00098093035,0.00059720126,-0.0023384563,0.038088085
2026-01-06,-0.00078238652,0.019232665,-0.00078238641,0.019229872,-0.00042138887,0.018714072,0.0045531904,0.021990047,0.00015437939,0.019452264,0.0021982249,0.024071574,0.00076969338,0.006422689,0.00076738481,0.006424175,0.00010537471,0.0054333238,0.00010940112,0.0098034981,0.00053435457,0.0060978499,-0.00068765457,0.015559206,0.000770128,0.019097978,0.00076748673,0.019097994,0.002577425,0.018401977,0.0029111941,0.024522418,0.00040850505,0.01911713,0.0014442418,0.023540858,-0.002524189,0.017392427,-0.0025334741,0.017393246,-0.0032282787,0.017652495,0.004300862,0.026139186,-0.0023355018,0.017150541,0.0081641352,0.025536351,-0.0010634843,0.016791201,-0.0011713544,0.016792371,-0.002737834,0.016728002,-0.00061634325,0.024709399,-0.00095257559,0.016967246,0.0023287293,0.020435064,0.011804339,0.00064856985,0.0095585523,0.0024595796,0.0077987331,0.0030924363,0.0069937494,0.0025056033,0.0077646892,0.00042620194,0.0083423151,0.0016725728,0.0074872367,0.012949706
2026-01-07,0.0051918364,0.020855843,0.0051919954,0.020854041,0.007034149,0.021640253,0.010786335,0.030918727,0.0058269562,0.021098706,0.0073916013,0.02707866,0.0079107866,0.011171833,0.007901107,0.011169939,0.0062219193,0.0089402263,0.00077097626,0.015734329,0.0077409799,0.010618695,0.0072250685,0.020930321,0.0050308464,0.021336198,0.0050244703,0.021335824,0.0070792031,0.022348148,0.0091063146,0.043671641,0.0045877323,0.021625604,0.015936079,0.025929522,0.0028554731,0.024531269,0.0028626813,0.024530801,0.0024055265,0.027390194,0.0012550723,0.036948077,0.003130909,0.024291987,0.0055786334,0.037086778,0.0047143489,0.02166117,0.0046558914,0.02166101,0.0024927682,0.021541181,0.0038723835,0.03972178,0.0048531933,0.022140674,0.0068796791,0.032824585,0.0033542041,-0.00082186817,9.865611e-05,0.0033368929,0.0094974047,0.004788109,0.010243923,0.0030048159,0.0093151619,-0.00092716033,0.010039123,0.0025343293,0.0097873498,-0.007812576
2026-01-08,0.00055933064,0.01039726,0.00055939384,0.010397593,0.0015313981,0.0094359935,-0.0073423388,0.013878616,0.00079085802,0.010393629,-0.0067760214,0.0066104414,-0.0016967282,0.0020952042,-0.0016937982,0.0020955199,-0.0016144068,-0.00032087036,-0.0025150731,0.0017999738,-0.0020316485,0.0017814428,-0.0067471579,0.0042771738,-0.0015259062,0.0096901703,-0.0015247195,0.0096901876,0.00039566438,0.010409303,-0.0087121084,0.016307925,-0.0018097042,0.0096926657,-0.0075705378,0.011686134,0.00102974,0.011471527,0.0010289716,0.011470333,0.0012521122,0.012342027,-0.0050216525,0.012945926,0.00086149597,0.01144923,-0.0027720752,0.0086765214,0.00052222168,0.010701118,0.00052208365,0.010701447,0.0012876824,0.01094792,-0.0021589038,0.012848815,0.00078499149,0.010762735,-0.0027198756,0.010672421,-0.0075147401,-0.0023238574,-0.0015762665,-0.0026799881,0.0020133446,-0.0038799934,0.00055493023,-0.0030431107,0.0018781345,-0.0019932843,0.002991558,-0.0024891897,0.0026551101,0.0035791534
2026-01-09,0.0010994388,-0.018259639,0.001099505,-0.018256071,0.0023624911,-0.018433909,0.00073383159,-0.025938537,-9.5501058e-05,-0.018431591,0.0047974689,-0.021809165,0.001302806,-0.0030665296,0.0012998807,-0.0030658113,0.00057744183,-0.0014117567,0.002686443,-0.0087412556,0.0014104539,-0.0025077317,0.0039066291,-0.015269956,0.0022383455,-0.018188317,0.0022371364,-0.018188139,0.0015811108,-0.018419069,0.0033109603,-0.030245127,0.0025645219,-0.018331237,0.0028107261,-0.025044271,0.0021456865,-0.017583725,0.0021490872,-0.017582559,0.002713158,-0.019788995,0.0032347334,-0.028117499,0.0020617898,-0.017403017,-0.0039537142,-0.024172668,0.0017907911,-0.016405283,0.0019193241,-0.016405753,0.0029881751,-0.016206154,0.0030745556,-0.029638972,0.0018259468,-0.016569696,0.0014184418,-0.021268404,-0.0037007041,0.0029577688,-0.00022800159,0.0015634434,-0.004114674,0.001079034,-0.002788971,0.0017708062,-0.0040988494,0.0026953908,-0.0065567434,0.002551984,-0.0048467554,-0.0035663888
2026-01-12,0.0039507052,0.016791526,0.0039514907,0.016790404,0.0031487761,0.015541914,0.0029283206,0.020666933,0.0050289037,0.017010423,0.0018525239,0.020759707,0.0054543077,0.0085785003,0.0054533342,0.0085782277,0.0053022722,0.0061105925,0.0028448396,0.0092285918,0.0053868155,0.0084613828,0.001011683,0.013321205,0.0038375858,0.016371253,0.0038407409,0.016371357,0.0047789082,0.016732746,0.0039885644,0.021891637,0.0036942791,0.016333212,0.0045492733,0.019037667,0.0013186254,0.013659635,0.001311113,0.013660853,0.00093514956,0.014184727,0.0012124316,0.020939888,0.001321606,0.01342624,0.0051266786,0.024349782,0.0033339851,0.014947682,0.0032276561,0.014948106,0.00082165198,0.014304901,0.0035832469,0.025774535,0.0033847478,0.015206779,0.0018787089,0.019391317,0.008658705,-0.0011171336,0.0046969085,0.0042402397,0.008911359,0.0045254628,0.0075304327,0.0034812719,0.0091177196,0.00080935343,0.0093784386,0.0027661002,0.0095708047,0.0071581954
2026-01-13,0.00011305596,-0.016894596,0.00011275722,-0.016893322,0.0012207575,-0.016261241,0.00015721865,-0.023992573,4.8488928e-05,-0.016949433,-0.0012717671,-0.021677701,0.0029077058,-0.010416583,0.0029066632,-0.010416051,0.0034049686,-0.0099726044,-0.001223309,-0.015633184,0.0024043537,-0.010372577,-2.0802219e-05,-0.015347239,0.0012454304,-0.017881559,0.0012460391,-0.017881647,0.00451388,-0.018288648,0.002794361,-0.025941378,0.00083994219,-0.017854969,-3.837954e-05,-0.016597134,0.00013073659,-0.017317673,0.0001319707,-0.017317706,-0.00052763998,-0.018072146,0.0051494117,-0.023558972,0.00020173653,-0.017279666,0.0040294481,-0.025106969,0.00056504293,-0.017098321,0.00061551311,-0.017098582,-0.00074590142,-0.016955958,-0.00089915082,-0.023279826,0.0011242818,-0.017299345,1.869575e-05,-0.023068847,-0.0033190501,0.00057084026,0.0026162963,0.0041540629,-0.012864232,0.0037594737,-0.010964584,0.0034021365,-0.013159981,0.0020764061,-0.013139947,0.003710391,-0.013023046,0.0049751128
2026-01-14,-0.0028430683,0.013995274,-0.0028429708,0.013995568,-0.0013260829,0.012569849,-0.0014685536,0.014827485,-0.0028947756,0.014032223,0.0033073754,0.01803553,-0.0056004251,0.010484908,-0.0056041559,0.010484841,-0.0065942761,0.01096278,-0.00123476,0.0089702354,-0.0052962542,0.010578052,0.0018944514,0.012925105,-0.0024446112,0.014070485,-0.0024490278,0.014070686,-0.0038924554,0.014525018,-0.004071335,0.019134839,-0.0025284423,0.01396341,-0.0030812788,0.013359582,-0.0025305934,0.01292538,-0.0025306377,0.012926538,-0.0017554924,0.012523918,0.0021913724,0.014814111,-0.0025728298,0.01292606,-0.0035499627,0.018110892,-0.0028772318,0.013934585,-0.0029170862,0.013934856,-0.0011063693,0.013730459,0.0020824219,0.020203641,-0.0033233042,0.014064836,0.0014997633,0.018768514,0.008018798,-0.00060325591,0.0082957491,-0.003203934,0.010441381,-0.002956169,0.0083790694,-0.0030358463,0.010635248,-0.0019685897,0.0087856538,-0.003135184,0.0099115782,0.00070729059
2026-01-15,0.0022772139,0.041284243,0.0022772158,0.041281831,0.0027020503,0.038520175,0.0036005735,0.052875173,0.0021102156,0.041238986,0.0069148341,0.040368178,0.0022308525,0.023619562,0.0022318896,0.023619142,0.0030148057,0.021497869,0.0082517055,0.027798187,0.0026023442,0.023324503,0.0064379829,0.032553653,0.0029268938,0.04029193,0.0029270291,0.040292382,0.0016009892,0.043740562,0.0026815528,0.048604888,0.0027473902,0.039913463,0.0043470625,0.037081069,0.0038489547,0.034107144,0.0038532923,0.034106971,0.0043734911,0.034159421,0.0032752286,0.042428997,0.0038055136,0.03444905,0.00090082757,0.041031468,0.0027914769,0.038533198,0.0027894984,0.038533866,0.004395635,0.037398048,0.0048658719,0.054036029,0.0023016464,0.038652399,0.0047867617,0.048170986,0.0023174522,0.0025534965,0.0031985446,0.0052549798,0.022737116,0.0050269668,0.022813235,0.0054094914,0.023832155,0.0070653497,0.021490078,0.0062007309,0.023625714,-0.0014133613
2026-01-16,-0.0040142029,0.032609054,-0.0040147287,0.032606029,-0.0036075097,0.030636878,0.0037436235,0.031767623,-0.0036610259,0.032768625,0.0037214507,0.033639947,-0.0041367733,0.015063455,-0.0041404201,0.015065228,-0.0063026477,0.015174165,-0.0034431562,0.017141548,-0.0041312864,0.014855782,0.0047954777,0.024326916,-0.0034848201,0.032569013,-0.0034908921,0.032569284,-0.0028961786,0.031778918,0.00091781921,0.034562564,-0.0038316044,0.032448453,0.00039167842,0.027595973,-0.0050365856,0.028853049,-0.0050601761,0.028854166,-0.0052766186,0.02864235,0.00011109124,0.035161601,-0.0050178983,0.028681747,-0.00080482883,0.029553531,-0.0044266508,0.029593118,-0.0044989288,0.029594611,-0.0045804842,0.029467202,-0.0007098559,0.03705617,-0.0044468453,0.029679671,0.00177894,0.029478231,0.007967919,-0.0027377909,0.0077290497,-0.0013816727,0.016708142,-0.0023882484,0.014645427,-0.0011186272,0.016856533,-0.0019493853,0.016800523,-0.0011399077,0.015554037,0.019108155
2026-01-19,0.0035817513,0.023243849,0.0035818618,0.023240787,0.0012070244,0.023295938,0.013036763,0.027550321,0.0049233299,0.023372493,0.0010407381,0.020957239,0.0026081933,0.0070865335,0.0026065615,0.007087308,0.00364223,0.0042881746,0.0015195927,0.013987833,0.0024212723,0.0062810356,0.0032526459,0.017739048,0.00025319495,0.022481831,0.00025541863,0.022481547,-0.00043926775,0.022225099,0.0035337287,0.029283002,-2.0843288e-05,0.02273821,0.0063660177,0.024256137,0.0041131425,0.022032903,0.0041042058,0.022032779,0.0037555922,0.023813222,0.0035261511,0.031139847,0.0042764714,0.021796324,0.0021098116,0.024063538,0.0029937802,0.021513178,0.0028688239,0.0215133,0.0030806056,0.021563678,-0.00036702535,0.029074825,0.0027384443,0.021498632,0.0049586159,0.021590346,0.0019220948,0.0032340343,0.002022111,-0.0012113806,0.0073218206,-0.00060936988,0.0084797405,-0.00081976838,0.0081872536,0.00025090307,0.011484369,-0.00020629289,0.008904346,0.0083333757
2026-01-20,-0.0041987571,-0.01559762,-0.0041983005,-0.015597453,-0.001155957,-0.014924931,0.0025198581,-0.021869232,-0.0043317652,-0.015602278,0.0011245347,-0.018000668,-0.0011335523,-0.0096968608,-0.0011394986,-0.0096972823,-0.003906814,-0.010152945,-0.003070554,-0.012741452,-0.0013448449,-0.009479579,-0.0012355789,-0.011801059,-0.0032844957,-0.015265952,-0.0032848932,-0.015265937,-0.00075200518,-0.015890446,0.00087025468,-0.023765408,-0.0035628757,-0.015297494,0.0046494362,-0.015762237,-0.0063611989,-0.016563328,-0.0063651886,-0.016563011,-0.0064433776,-0.017230967,-0.0078930567,-0.020230461,-0.0062858895,-0.016615248,-0.0062147074,-0.022298489,-0.0046283156,-0.015876335,-0.0046163516,-0.01587645,-0.0068921066,-0.015992746,-0.0089711808,-0.022338656,-0.0042668514,-0.015940982,-0.00057191295,-0.022451659,0.00010898844,-0.0044951864,0.0082956969,-0.0020735748,-0.010440808,-0.0014418941,-0.0084912315,-0.001765163,-0.01077715,-0.0051265631,-0.011706513,-0.0023402174,-0.010749834,0
2026-01-21,-0.0030259598,-0.0098631534,-0.0030261505,-0.009861722,-0.002463445,-0.009891105,-0.007349259,-0.015998962,-0.0038075362,-0.0099443534,-0.0052076182,-0.016084544,-0.0044976633,-0.0040402366,-0.0045001844,-0.0040413557,-0.0042732727,-0.0037903108,-0.0045379845,-0.013547774,-0.0044670805,-0.0037160531,-0.0054057343,-0.016982602,-0.0040431311,-0.0098914174,-0.0040446701,-0.0098914086,-0.0046968102,-0.010393458,-0.0055352253,-0.016632031,-0.0037743591,-0.0098749896,-0.0043109844,-0.018221245,-0.0011817312,-0.0099413578,-0.0011638819,-0.009940674,-0.00062437621,-0.010679227,-0.0069018703,-0.014776187,-0.0012959866,-0.0099661699,-0.010143132,-0.017363133,-0.0024631743,-0.0090192154,-0.0023565903,-0.0090196904,-0.00055681527,-0.0088686025,-0.0051852344,-0.017003406,-0.0024721412,-0.0091701891,-0.0067615818,-0.015119073,-0.016622297,-0.0051120057,-0.017636872,-0.005519324,-0.0049970805,-0.0069014351,-0.007129343,-0.005613763,-0.005831226,-0.0037309144,-0.0077985032,-0.0042583694,-0.0054611528,-0.010330631
2026-01-22,-0.00037190388,0.02763799,-0.00037197489,0.027634768,-0.0012372878,0.027202475,0.0059214658,0.036109715,0.00032980437,0.027906458,0.00219596,0.04168096,-0.00066637449,0.014308054,-0.00066435854,0.014308343,-0.0010372419,0.013043497,0.0043374827,0.021371527,-0.00067440663,0.014168702,0.0009934336,0.0273459,-0.00099326409,0.029987751,-0.00099383283,0.029987752,-0.00057183648,0.028059712,-2.6907037e-05,0.040488844,-0.0010415539,0.030125705,0.0012560328,0.03356827,-0.0016297805,0.030159034,-0.0016355768,0.030160288,-0.0021912567,0.031275531,0.0060574222,0.043753461,-0.0015383323,0.029695052,0.005676188,0.047171523,-0.0010849128,0.027499954,-0.001168539,0.027501086,-0.0022538084,0.027862222,0.0024728702,0.038170933,-0.001153772,0.027888951,0.0014119671,0.035019519,0.019398343,0.00048821172,0.010608694,-0.00020379574,0.020505515,0.0007929938,0.017159988,-0.00015963425,0.021212481,-0.0014820017,0.023508307,-0.0012892865,0.020547474,0.01340869
2026-01-23,0.0045568258,-0.00047123108,0.0045565375,-0.00047098764,0.00423066,-0.0018600741,0.0011836863,0.0046158627,0.0044109824,-0.00059282092,0.0023200353,0.0026921071,0.0022862537,-0.0014841062,0.0022872837,-0.0014840343,0.0017918605,-0.0010658436,-0.0023890057,0.0022807954,0.0025708519,-0.001254047,0.0063896666,0.0032728052,0.0022396563,0.00096910356,0.0022402587,0.00096947381,0.0018964984,0.0017391341,0.0019989908,0.0043007726,0.0023375238,0.00072185092,-0.0049050739,0.0021917111,0.0035791457,0.00022107948,0.0035802771,0.00022052699,0.0034537463,-0.00013297182,-0.00040224841,0.00034935298,0.0036929727,0.00040370517,0.0022609425,0.0028461569,0.0038141729,0.00080347569,0.0037928038,0.00080388106,0.0029071292,0.00082058454,0.003203682,0.0078908433,0.0036387024,0.00090451917,0.0016696832,0.0041756185,0.0083294745,0.0024451569,0.0054960948,-0.00053866049,0.002489916,0.00015510745,1.0894058e-06,-0.0005059807,0.0027307929,-0.0013607226,0.0011026101,-0.0011866444,0.0024461531,0.0062673394
2026-01-26,0.0015137122,0.016866525,0.0015138236,0.016866288,0.00092510446,0.01763032,0.0077541179,0.034315969,0.0023479393,0.016775973,0.0088918802,0.026611408,0.0035848278,0.014545424,0.0035823368,0.014545341,0.0039258594,0.013381502,0.0039158217,0.020245806,0.0031284205,0.013901315,0.017481537,0.021542298,0.0019976721,0.019318151,0.001999546,0.019317655,0.0025260787,0.019032853,0.013504463,0.041977526,0.0015142052,0.019836032,0.011984068,0.02991195,0.0017253961,0.028051675,0.0016961068,0.028050951,0.0016670013,0.031004866,0.0056613064,0.038743325,0.0017402641,0.027942414,0.0056318608,0.044207193,0.0014732168,0.02277274,0.0014001961,0.022771689,0.0013825255,0.024198328,0.0058736128,0.037708937,0.0017288426,0.022944395,0.010028657,0.035614249,0.01141331,0.0024524947,0.012042793,0.0039948988,0.017483564,0.0045199863,0.018306084,0.0041864379,0.019196864,0.004176561,0.02465336,0.0042407493,0.019647904,0
2026-01-27,-0.0075557067,-0.0068998649,-0.00755573,-0.0068984806,-0.006999668,-0.0079733654,0.0032523004,-0.0023963902,-0.0078492912,-0.0071127685,0.00054225792,-0.0013171111,-0.0050136419,-0.0022351924,-0.0050193138,-0.0022354432,-0.0068543563,-0.0024648894,-0.0064045469,0.00082432619,-0.0047912459,-0.0020318562,0.0023934948,-0.00027419766,-0.0063953977,-0.0036297055,-0.0063985549,-0.0036294389,-0.0054900446,-0.003340792,0.0020022977,0.0033151996,-0.00655667,-0.0037220344,0.0038552692,-0.0031482826,-0.0080508953,-0.0011891728,-0.0080533217,-0.0011892479,-0.0085515576,-0.0011613011,-0.003080109,-0.0023410436,-0.0080376153,-0.0010534606,-0.0037202412,-0.00070132383,-0.0074334078,-0.0020649467,-0.0073968545,-0.0020652697,-0.0085705568,-0.0014649385,-0.0085629198,0.00016144182,-0.0074946752,-0.0019041783,0.00013953527,0.0011207576,0.00301036,-0.0041484184,0.0050598192,-0.003484196,0.0015502254,-0.0046034085,0.0017983974,-0.0032720379,0.0020899078,-0.0058525745,0.00084750533,-0.0030295853,0.001239902,0.01107273
2026-01-28,0.0001116842,0.0089319606,0.00011177764,0.0089324238,-0.00021393167,0.0086680301,-0.00011609101,0.0084750539,0.00098194298,0.0090615837,0.0024115256,0.010121671,-0.00108147,0.0064657385,-0.001082523,0.0064641829,-0.0015625956,0.0053583242,0.002174603,0.004935503,-0.0010097084,0.0064319483,-0.00016444451,0.0072686745,-0.0013505882,0.0083612077,-0.0013510658,0.0083611775,-0.002045078,0.0081586621,-0.0024730583,0.0095903716,-0.0013832002,0.0083994392,0.0012790907,0.011182015,-0.00016536607,0.008011817,-0.00015963558,0.0080125672,-0.0002172587,0.0081554461,-0.0013720298,0.0095281936,-0.00019113028,0.0078204308,0.0012613012,0.012540124,-0.00062542205,0.0083098182,-0.00073257555,0.0083098319,-0.00071057012,0.0080882505,0.0026222713,0.0085414442,-0.00080597915,0.0084158024,-6.6095391e-05,0.0090032035,0.0065897356,-0.00044016186,0.0086245118,-0.00024317928,0.0045041574,7.0912156e-05,0.0046987721,-0.00045465665,0.0049881149,-0.0006608599,0.0068314255,-0.00080740715,0.0048602633,0.015742525
2026-01-29,0.00046903998,-0.01379838,0.00046958284,-0.013796703,0.0012329464,-0.013283965,-0.011355602,-0.021318849,0.00054702995,-0.013875381,-0.0047392158,-0.022368475,-0.00051405172,-0.0052617303,-0.00050640454,-0.0052610559,0.0022023123,-0.004272679,0.0035960455,-0.010420292,-0.00068416158,-0.0049778455,-0.0037054473,-0.017520217,0.00038918563,-0.015472403,0.00039419054,-0.015472458,-0.00016367796,-0.015987318,-0.007414013,-0.027530377,0.00047603327,-0.015484076,-0.005803603,-0.020106086,0.0021129164,-0.015800505,0.0021133357,-0.01580051,0.002823651,-0.017018754,0.00021641694,-0.023297127,0.0019374236,-0.015766034,1.4734304e-05,-0.02487505,0.00095669896,-0.014703099,0.00095883762,-0.014703338,0.0022150962,-0.014614243,0.005706737,-0.024892934,0.00099089588,-0.015017087,-0.0018687953,-0.023435939,-0.0093875933,0.00078514293,-0.0043672516,-0.0018571369,-0.0087963796,-0.0012948895,-0.0064789505,-0.0019839155,-0.0088511912,0.0021050358,-0.0082225324,-0.0014221244,-0.0082411644,-0.006064623
2026-01-30,-0.0023340453,-0.017069574,-0.0023339671,-0.017070704,-0.0024747144,-0.017015856,-0.013334626,-0.014812788,-0.0010613145,-0.017087971,-0.013676688,-0.016195786,-0.0074609953,-0.016859903,-0.0074566188,-0.016858594,-0.0059450097,-0.016406442,-0.011211316,-0.017905734,-0.0073786821,-0.016908623,-0.012442625,-0.015593858,-0.0058272936,-0.017739132,-0.0058255069,-0.017739036,-0.0064668251,-0.017035537,-0.014603485,-0.021780536,-0.0060704771,-0.017873862,-0.016856882,-0.015632274,-0.0017402658,-0.021211881,-0.0017339399,-0.02121178,-0.00093937181,-0.021771469,-0.0059492775,-0.019835805,-0.0017806227,-0.021036111,-0.011345149,-0.016769823,-0.0027734685,-0.019156643,-0.002934067,-0.01915659,-0.0009888928,-0.019767134,-0.0077961509,-0.018490864,-0.0031256241,-0.01925873,-0.011688026,-0.016028292,-0.01437396,-0.0082092897,-0.0097787934,-0.011710426,-0.014740379,-0.011768643,-0.017064395,-0.011444923,-0.014841933,-0.010266395,-0.016378019,-0.012039271,-0.014393821,-0.015593209
2026-02-02,-0.0051279382,-0.031070195,-0.0051279935,-0.031068583,-0.0047078736,-0.029832665,-0.0089273118,-0.045702649,-0.0064691942,-0.031160729,-0.0061881049,-0.043378503,-0.0055592029,-0.021255296,-0.0055550801,-0.021254611,-0.0054616622,-0.019945826,-0.0045935513,-0.023712481,-0.0055553355,-0.021014824,-0.0087036918,-0.032498855,-0.0051748,-0.032536474,-0.0051746336,-0.032536517,-0.0044507497,-0.032935595,-0.0093555776,-0.049060471,-0.0049280395,-0.032608336,-0.0062396616,-0.038807452,-0.0047808644,-0.033304985,-0.0047786531,-0.033305546,-0.0046184765,-0.03473527,-0.0087256903,-0.045630835,-0.0048629862,-0.03319272,-0.0077109189,-0.052862036,-0.0047294437,-0.032217303,-0.0045652455,-0.032217552,-0.0042587734,-0.032296369,-0.0048859948,-0.047924568,-0.0045467229,-0.032534998,-0.0080097417,-0.046324589,-0.016331288,-0.0067912704,-0.0076466774,-0.0052822283,-0.025335278,-0.0050920535,-0.021586972,-0.0051584468,-0.026522276,-0.0034788734,-0.028300755,-0.0045834009,-0.026451034,-0.015151499
2026-02-03,0.0062405154,0.020510613,0.0062405586,0.020509725,0.0081476083,0.019500827,0.009862147,0.021265732,0.005283184,0.020599977,0.0098070367,0.023555986,0.0083330318,0.01448088,0.0083307736,0.014481365,0.0065145449,0.013820315,0.0094297857,0.013950875,0.0080967015,0.014434258,0.0085379698,0.018660907,0.007240252,0.020322297,0.0072415315,0.020322435,0.0091453354,0.020390678,0.0093352792,0.022311205,0.0073090712,0.02024528,0.0058267718,0.023107778,0.0043752844,0.018856876,0.0043635009,0.018857218,0.0042103209,0.01894638,0.0072097935,0.021670384,0.0043791083,0.018795106,0.0067051792,0.021912021,0.0059913822,0.01926632,0.0060902949,0.019266905,0.0038349749,0.019058527,0.0057843653,0.02681899,0.0065459052,0.019368174,0.0089734324,0.021057064,0.017045537,0.0067354496,0.021461783,0.0089842108,0.014324455,0.0091794676,0.013707382,0.0086184054,0.014451079,0.0073609533,0.014695368,0.0084307453,0.014029197,0.020279625
2026-02-04,-0.0033581081,0.024627077,-0.0033579844,0.024625139,-0.0041349228,0.024686453,-0.00069228376,0.032212974,-0.0027515051,0.024655465,-0.00011451321,0.027797235,-0.0037340391,0.015313104,-0.003735148,0.015312601,-0.0048660895,0.013939397,0.0014388712,0.018537868,-0.0035214395,0.01496823,0.0038394207,0.022162677,-0.0028066426,0.02530327,-0.0028065968,0.025303227,-0.0044856447,0.026311118,-0.001806105,0.034555619,-0.0027050249,0.025325135,0.0034310408,0.025935804,-0.0036105147,0.02548031,-0.0036255767,0.025479516,-0.0034697369,0.026669497,-0.0030316121,0.032426897,-0.0037285754,0.025530793,-7.9609285e-05,0.030331936,-0.0036800791,0.02472884,-0.0037793867,0.024729033,-0.0033232116,0.024622971,-0.0002978683,0.033340502,-0.0037893922,0.024910834,0.0010178602,0.031062285,0.0092500531,-0.0014822525,0.0059347639,-0.0022260449,0.015190065,-0.0027920422,0.01590542,-0.0018456225,0.015839827,-0.0021368553,0.016153669,-0.002172626,0.01534945,-0.00068529985
2026-02-05,-0.0014496481,-0.015741442,-0.0014493192,-0.01573816,-0.0017074436,-0.014867459,-0.0034594618,-0.019620678,-0.0021314213,-0.015949705,0.0016176085,-0.024575557,-0.00010273482,-0.0025984517,-0.00010152366,-0.0025988909,0.0024988026,-0.0020542567,0.0034015518,-0.0078844629,-0.00015988775,-0.002490842,-7.1982426e-05,-0.015670757,0.001643003,-0.016010094,0.0016443212,-0.016010324,-2.0820264e-05,-0.01585468,0.00099676888,-0.017535184,0.0015821066,-0.015842714,0.0010421275,-0.02058555,0.0016535892,-0.011441035,0.0016598333,-0.011442035,0.0022142963,-0.011190648,0.0010606775,-0.020057426,0.0015026073,-0.011327023,-0.0025735755,-0.022914977,0.00015290397,-0.012418596,0.00025873906,-0.012419909,0.0029103655,-0.011815372,0.00075675277,-0.02179479,7.5993841e-06,-0.012634773,0.0019328019,-0.018189148,-0.015531311,0.0036954533,-0.0093739683,0.0044039313,-0.0056159449,0.0035917844,-0.0037410026,0.0042857613,-0.0060157313,0.0087811367,-0.0053282984,0.0063613161,-0.0050521707,-0.012345752
2026-02-06,0.0055740138,0.00043246589,0.0055742715,0.0004327937,0.0059033093,-0.00021912017,0.0046153511,-0.0070828012,0.0051660159,0.0004337164,0.0057645593,-0.0025185537,0.0070638434,0.0030916003,0.0070621178,0.0030921862,0.008622947,0.0043637414,0.0057871712,-0.0017830189,0.0071414114,0.0033527188,0.0011492711,-0.0024197658,0.0069744805,-0.001097749,0.0069734119,-0.0010976009,0.0066831361,-0.0012260025,0.0064433614,-0.010135757,0.0069904128,-0.0012395775,0.0041762118,-0.0033115481,0.0060006299,-0.0039504711,0.0060095285,-0.0039493247,0.0062030514,-0.0055824966,0.0050663379,-0.0080166689,0.0059886469,-0.0038819292,0.0068499843,-0.0091365325,0.0063737499,-0.0018161221,0.0064416983,-0.0018157387,0.0065933201,-0.0020894867,0.0082527772,-0.0075475016,0.0062353887,-0.0019963201,0.0026690089,-0.0056922584,-0.00043072533,0.0021052378,0.0032200809,0.0076145085,0.00033749557,0.0072818731,0.0011374201,0.0071841125,-0.00022837905,0.0066596271,-0.0026057893,0.0075157678,-0.00046222401,-0.0013887906
2026-02-09,-0.005065593,0.022255946,-0.0050658107,0.02225461,-0.0037501593,0.02241334,0.0043131615,0.026832937,-0.0047421143,0.022491564,0.0042106514,0.028593796,-0.0041469893,0.0098627673,-0.0041480892,0.0098634795,-0.0066201355,0.0093692439,0.0024410869,0.015363397,-0.0045887253,0.0093764033,0.0071780347,0.020840167,-0.0040699928,0.021180723,-0.0040712503,0.021180477,-0.0019192148,0.020315469,0.00057642614,0.030074578,-0.0044435453,0.021386804,-0.00072131719,0.032935805,-0.007059331,0.023563044,-0.0071043986,0.023562765,-0.0075222481,0.024804932,-0.0013395864,0.030688439,-0.0069753633,0.02326892,0.0049435551,0.03340923,-0.0059477159,0.020780121,-0.0060113214,0.020780907,-0.0075960844,0.021114313,0.0032885554,0.03013602,-0.0054911814,0.020927129,0.0041996617,0.0256221,0.018374747,-0.00039105569,0.019133152,-0.0020522634,0.0090813431,-0.000750566,0.0096856626,-0.0020981327,0.010254273,-0.0027157587,0.015459643,-0.0027566284,0.0098408363,0.028511669
2026-02-10,0.0053117295,-0.022916901,0.005312355,-0.022913779,0.005082,-0.020606857,0.0060685123,-0.035188846,0.0054058414,-0.022877282,0.0027826683,-0.026707872,0.0048892432,-0.008801083,0.0048862362,-0.008799631,0.0051005797,-0.007960866,0.0043511848,-0.014762603,0.0046024121,-0.0087243061,0.0024306849,-0.018504668,0.0046435052,-0.02355397,0.0046452168,-0.023554432,0.0051724544,-0.026451324,0.004857595,-0.033861294,0.0048748064,-0.023198833,0.0051511261,-0.018194751,0.0049760426,-0.017376142,0.0049792232,-0.017376302,0.0048432327,-0.017646161,0.0057958822,-0.026674442,0.0049807594,-0.017720979,0.00933501,-0.026872552,0.0051970946,-0.021068952,0.005224797,-0.021069474,0.0045827162,-0.019942159,0.0082161825,-0.037250759,0.0054038317,-0.021272863,0.0057877578,-0.033234661,0.0083796809,0.0069024292,0.0096250314,0.0027843523,-0.010874044,0.0031477952,-0.0102099,0.0027191709,-0.011537669,0.0034488837,-0.0081658371,0.0028061125,-0.010851191,0.020960234
2026-02-11,0.0052548962,0.046393198,0.0052546099,0.046389894,0.0050651308,0.0443069,0.0054047559,0.05085337,0.0052058223,0.046541673,0.0071947959,0.048441666,0.0049820322,0.027667551,0.0049814779,0.027668263,0.0039269317,0.026590964,0.0069933228,0.028236949,0.0052254288,0.027563546,0.0098558887,0.037541451,0.0054104272,0.046167912,0.0054081265,0.046168321,0.004637299,0.046932896,0.0043016316,0.048642687,0.0053747239,0.045868472,0.0072197402,0.041209985,0.004366688,0.040285705,0.0043511769,0.040286325,0.0045164252,0.039881724,0.0050153347,0.049134837,0.0043385255,0.040226123,0.0074511339,0.046140035,0.0051033085,0.042665617,0.0050725708,0.042667228,0.005114655,0.041977745,0.0087700812,0.053442491,0.0049881399,0.042860061,0.0079786934,0.046299058,0.014739808,0.0038000086,0.0087255611,0.0053113287,0.02927506,0.0049425854,0.025814557,0.0052264869,0.02933375,0.0049608271,0.026910036,0.0051831053,0.028970962,0.022516486
2026-02-23,0.013189105,0.051372544,0.013188941,0.05137398,0.017333895,0.050396366,0.022717542,0.041393584,0.013417271,0.051544005,0.022679379,0.037377855,0.014471799,0.039101315,0.014464361,0.039099698,0.011768551,0.037959407,0.023202987,0.029685049,0.013887301,0.039135285,0.010749773,0.032103526,0.014609533,0.047227326,0.014603192,0.047227262,0.017614276,0.047093244,0.011864948,0.038482533,0.01413566,0.047232581,0.014842521,0.031550343,0.011911874,0.04542031,0.011853666,0.045421485,0.011785483,0.044275651,0.021305751,0.043354698,0.011858722,0.045098251,0.01159168,0.034417065,0.012675666,0.047710124,0.012638397,0.04771073,0.011878322,0.04750662,0.0090286889,0.038075702,0.013125967,0.047560165,0.022359359,0.037696664,0.015383459,0.010024086,0.023460126,0.021757216,0.029676514,0.02104569,0.03034177,0.02084604,0.031261473,0.021775642,0.031916759,0.021796,0.031232227,0.002590689
2026-02-24,0.0052042199,0.040385704,0.0052041811,0.04038328,0.0067536553,0.038693071,0.011283586,0.043356033,0.0053388944,0.040663041,0.011306992,0.045464867,0.0048265638,0.022699889,0.0048177513,0.022699163,0.0015676697,0.020647266,0.0045433146,0.022386005,0.0046431727,0.022346577,0.0069961133,0.033862467,0.004469278,0.039751576,0.0044644774,0.03975164,0.0058816768,0.03959732,0.0068319739,0.050060332,0.0043966826,0.039783125,0.0090859701,0.042412521,0.0022100393,0.036955633,0.0021957332,0.036957406,0.0021729366,0.037570522,0.0088698798,0.047991764,0.0022952529,0.036584741,0.0056209748,0.047288978,0.0042200844,0.037782224,0.0041804198,0.037783205,0.0024504974,0.037425615,0.0084399666,0.051877225,0.0044962793,0.038048271,0.0086059589,0.043544859,0.019696325,0.00061366542,0.018976611,0.0036496139,0.021759888,0.0038508159,0.019126473,0.0034478507,0.02172543,0.0013925719,0.021528205,0.0030545844,0.021927047,0.025839848
2026-02-25,0.0045793339,0.019388749,0.0045790411,0.019387426,0.0052105778,0.01918921,-0.00032456688,0.03599292,0.0039247807,0.019363938,0.0025480765,0.036505859,0.0040172785,0.016642311,0.0040196805,0.016642381,0.0031574679,0.016378815,0.00011924525,0.02312915,0.0040264645,0.016350785,0.0047634099,0.028863161,0.0032442792,0.023729533,0.0032429019,0.023729484,0.0032945239,0.023520121,0.003520798,0.044991137,0.0035361989,0.023923094,0.0037959471,0.032780675,0.0032011659,0.028264503,0.0031924255,0.028264819,0.0032967669,0.030100022,0.0025501429,0.040325943,0.0032189923,0.028183166,0.003298868,0.049198145,0.0041018069,0.024533032,0.0041582798,0.024532839,0.0032494248,0.025366132,0.005899453,0.040394401,0.0042963956,0.024967745,0.0040176759,0.040380026,0.016099413,0.0019203526,0.013406311,-0.00027941499,0.023566069,0.00048814493,0.021011965,-0.00028910432,0.023934461,-0.0010173452,0.024656181,-0.0010040588,0.023515493,0.021410512
2026-02-26,-0.0066091493,-0.0025734996,-0.0066085169,-0.0025707945,-0.0028195123,-0.0026854775,-0.0042845844,-0.013792526,-0.0068642565,-0.0025983172,0.00339137,-0.01607584,-0.0022192544,0.0027360302,-0.0022189478,0.0027336611,-0.0051651037,0.0030953508,0.001372162,0.0011765172,-0.0025698213,0.0032248995,0.0051039784,-0.0063868147,-0.0025751494,-0.0051144693,-0.002578659,-0.0051144526,-0.00016249722,-0.0054510701,0.00073105428,-0.01670732,-0.0022881995,-0.0051844649,-0.0015812997,-0.014545832,-0.010027013,-0.0056221479,-0.010096608,-0.0056220987,-0.010462484,-0.0070140333,-0.0058950108,-0.015908372,-0.010055395,-0.0056553232,-0.0030614311,-0.019989097,-0.0069913979,-0.004028357,-0.0069864022,-0.0040284249,-0.01028843,-0.0040894815,-0.0040163335,-0.014954738,-0.0064879568,-0.0043035072,0.0068951472,-0.016690906,0.0061155119,-0.0018990586,0.010109199,-6.2240975e-05,-0.0043976517,0.001876592,0.0017894544,-0.00014076061,-0.0033079364,-0.0015360408,-0.0011449384,-0.001249518,-0.0036039083,0.00061652649
2026-03-02,0.021521284,-0.021746473,0.02152104,-0.021748208,0.026570089,-0.019739277,0.00016123087,-0.015695822,0.021282893,-0.02167152,0.0010586564,-0.01076864,0.015402229,-0.016108752,0.01540361,-0.016109347,0.011048271,-0.016990234,-0.0017868662,-0.015221169,0.014996001,-0.016044696,-0.0014814102,-0.011539539,0.013462022,-0.019673308,0.013463478,-0.019673388,0.019873805,-0.020001314,-0.0013756988,-0.022076913,0.013244112,-0.019671436,0.0052839911,-0.0110361,0.018595632,-0.019862066,0.01866215,-0.019862201,0.0190597,-0.019711984,0.0074579395,-0.014818471,0.018616178,-0.019823361,-0.00060163498,-0.0068324554,0.019561666,-0.02143708,0.019596497,-0.021437015,0.017706306,-0.021662142,0.0015363622,-0.02265169,0.020446936,-0.02122091,0.0010266849,-0.015013128,-0.0048971219,0.004960999,0.010988527,0.0031727601,-0.0097547194,0.0033363683,-0.012918298,0.0035792034,-0.010502703,-0.0020565133,-0.012513149,0.0014058866,-0.010599254,-0.0098582513
2026-03-03,-0.0037641665,-0.025656901,-0.0037641417,-0.025654204,-0.0058251114,-0.022112892,-0.0037228252,-0.028236046,-0.0046355528,-0.025653658,-0.0076614467,-0.029611783,-0.0034559453,-0.0097379093,-0.00345652,-0.0097373459,-0.00071236552,-0.010761186,0.00080879648,-0.014440206,-0.0030044879,-0.0098124929,-0.0079380474,-0.017227647,-0.0031650507,-0.02590189,-0.0031635194,-0.025902284,-0.0067530118,-0.025175344,-0.0074708998,-0.033465828,-0.0023565945,-0.025785049,-0.0033443679,-0.023098791,0.00084696244,-0.022772344,0.00084186431,-0.022773738,0.0013188581,-0.022600986,-0.0041889625,-0.028656494,0.00073837335,-0.022736729,-0.0054711052,-0.024948208,-0.0021737894,-0.023955322,-0.002032031,-0.023956611,0.0014579133,-0.024251613,-0.0035244105,-0.039560297,-0.002505915,-0.023876857,-0.0056603395,-0.027093606,-0.013891566,-0.00063046432,-0.0072444652,-0.003043163,-0.012964631,-0.0032717336,-0.0099024478,-0.0030015747,-0.012411475,0.00034072105,-0.012357395,-0.0017637517,-0.01183147,-0.019912904
2026-03-04,-0.017927106,-0.05658641,-0.017927292,-0.056585746,-0.01722491,-0.056195992,-0.029040801,-0.052465101,-0.018321282,-0.056668628,-0.032116831,-0.053895093,-0.02179531,-0.049100416,-0.021796393,-0.04910127,-0.019962465,-0.048866594,-0.032727297,-0.054785022,-0.022144274,-0.049021312,-0.034728757,-0.052527371,-0.020448599,-0.056947795,-0.020445611,-0.056947949,-0.018468518,-0.057478935,-0.028828343,-0.059408849,-0.020776056,-0.056810768,-0.031185975,-0.050603153,-0.016076814,-0.055687289,-0.016006378,-0.055687396,-0.015619658,-0.055486101,-0.029314196,-0.055453821,-0.015883285,-0.055652763,-0.032440475,-0.049571352,-0.017306668,-0.055932397,-0.017215541,-0.055933047,-0.015616342,-0.05566426,-0.030469044,-0.0595866,-0.017276402,-0.056147825,-0.030704212,-0.053678684,-0.046993103,-0.018490406,-0.031796747,-0.027393801,-0.044177427,-0.027345771,-0.05043899,-0.027645753,-0.044952029,-0.027096355,-0.044393243,-0.02682444,-0.042845216,-0.040000043
2026-03-05,0.0095068844,0.025998956,0.0095070848,0.025996901,0.0098432331,0.024312568,0.012231744,0.020586007,0.01025069,0.026073739,0.012125152,0.026329102,0.0091275411,0.015544527,0.0091288812,0.015544577,0.0072375721,0.016363354,0.0083174187,0.02172241,0.0089415119,0.015621896,0.011565786,0.021901676,0.0073285437,0.026050712,0.0073254647,0.026050874,0.0079716549,0.024652014,0.010275097,0.027862124,0.0071504601,0.026042757,0.0096086606,0.02277682,0.006295409,0.024417128,0.0062738387,0.024418243,0.006070861,0.024170892,0.014160397,0.026025886,0.0061940902,0.024252298,0.016086231,0.018857134,0.0081612613,0.024334848,0.0080512261,0.024335932,0.0058654472,0.024687222,0.016671693,0.031124694,0.0084144263,0.024282544,0.01066365,0.020201561,0.028875078,0.0023536725,0.014388707,0.0060679408,0.014637265,0.0062768359,0.01683004,0.0064808055,0.014322999,0.0048160409,0.01478239,0.0050527993,0.013137896,0.023809565
2026-03-06,-0.0026146132,-0.0042719701,-0.0026148864,-0.0042709341,-0.0039326646,-0.0039190594,-0.00075180069,0.010687836,-0.0035659427,-0.0044009232,0.0028632295,0.0070608747,-0.0019892886,-0.00025499419,-0.001986643,-0.00025689112,-0.0011978032,-0.00058122739,-0.00065422651,0.0050131228,-0.0019016313,-0.00026485807,0.00059980446,0.0054859005,-0.00098786731,-0.0016004073,-0.00098646073,-0.0016005395,-0.001397164,-0.0016322901,0.001346109,0.011416488,-0.00061349094,-0.0014116744,0.0032129723,0.0079593184,-0.0019695281,0.0037057594,-0.0019776567,0.0037053321,-0.0022442036,0.0048288104,0.0082885136,0.0098549609,-0.0019448877,0.0036874627,0.002556338,0.019250877,-0.0021219678,0.00087336467,-0.0020000465,0.00087267757,-0.0018280224,0.0017791168,0.0023582806,0.0037804233,-0.0021549861,0.0010529898,0.0016611042,0.012034318,0.0038488467,-0.0001576765,0.0057101137,0.0014889431,0.0050528336,0.0015615924,0.0026416337,0.0015658607,0.0063592345,0.0026745623,0.0084214362,0.0020418495,0.0071185591,-0.0071059854
2026-03-09,-0.0090523936,-0.024043904,-0.0090498448,-0.024043809,-0.006619148,-0.02380922,-0.017082214,-0.035793994,-0.0091775422,-0.023783368,-0.02394799,-0.04865502,-0.013476003,-0.021323565,-0.013474579,-0.021323558,-0.011495645,-0.023438714,-0.013647419,-0.037753274,-0.01314772,-0.02140239,-0.019077869,-0.021488905,-0.012360429,-0.026492682,-0.012359307,-0.026494083,-0.009923913,-0.029154017,-0.019431774,-0.043970076,-0.011789771,-0.026207346,-0.024243389,-0.043481244,-0.0070498924,-0.027153166,-0.0070487723,-0.027150753,-0.0070318261,-0.021608537,-0.015720729,-0.030412886,-0.0070700666,-0.027129756,-0.020796459,-0.06458678,-0.0086478658,-0.023198044,-0.0086483358,-0.023198165,-0.0070290405,-0.019132462,-0.017322949,-0.034623754,-0.0080011378,-0.023302002,-0.018523925,-0.030247524,-0.042040725,-0.0102103,-0.028811631,-0.016266624,-0.025115182,-0.017180569,-0.026934047,-0.016623179,-0.026204572,-0.013564719,-0.029776553,-0.014713284,-0.025387032,-0.042290129
2026-03-10,-0.0039861524,0.0076694979,-0.0039843524,0.0076693071,-0.0056619522,0.0083758484,-0.0026751707,0.01778585,-0.0037874632,0.0073961728,0.0022961954,0.02629078,-0.0023088007,0.0051415704,-0.0023088633,0.0051416258,-0.0020926764,0.0071542798,-0.0068047391,0.022645646,-0.0026980704,0.0052498605,-0.0034851103,0.00074749565,-0.0028247809,0.010264488,-0.0028227474,0.010265954,-0.0050105207,0.013483901,-0.0017214986,0.026238912,-0.0035980171,0.010135195,-0.0015028397,0.026551233,-0.0059724475,0.011729877,-0.0059721326,0.011726271,-0.0059286948,0.0060911993,-0.0040686229,0.012163997,-0.0058639072,0.011678264,0.0015080536,0.052635906,-0.0047668367,0.0068437197,-0.0047652721,0.0068438363,-0.0068371653,0.0032981756,-0.0031609045,0.017549016,-0.0055580962,0.0068960423,-0.00062831896,0.015749468,0.019120008,-0.0044210718,0.0034698824,-0.0021632785,0.0088599664,-0.0024064892,0.0090459527,-0.001627878,0.009485047,-0.0043754066,0.010763973,-0.0038747181,0.0082824975,0.021739051
2026-03-11,0.007825424,0.0094649352,0.0078273405,0.0094648155,0.0063345421,0.01245473,0.0098892861,0.01122603,0.0076785048,0.0094460449,0.012350562,0.014143605,0.0070150941,0.0031532664,0.0070172234,0.003153701,0.0078028807,0.00083232318,0.0081941682,0.0062195684,0.0066271327,0.0025715883,0.011251443,0.005878803,0.0085348661,0.010390385,0.0085377731,0.010391237,0.0067211349,0.012911734,0.0095055426,0.022382884,0.0076581884,0.010505314,0.012381766,0.015938293,0.0027899001,0.012651921,0.0027912153,0.012648198,0.0024865966,0.0090013827,0.0066508666,0.0064338819,0.0030445682,0.012600687,0.014661515,0.038539057,0.0060922868,0.0088126376,0.0060955332,0.0088126864,0.0014994682,0.0072371359,0.0077423666,0.015774761,0.0054148105,0.0089699276,0.014745957,0.015824584,0.031337192,0.0023936549,0.0061239365,0.0088513615,0.013634183,0.010938726,0.010002705,0.0093900432,0.014008377,0.0041785922,0.017561167,0.0064901943,0.013481006,0.039893653
2026-03-12,0.0013333853,-0.012426133,0.0013369337,-0.012425818,0.0014929234,-0.012258519,-0.0017142028,-0.023844239,0.0015428481,-0.012277821,-0.0068649862,-0.027408578,-0.0016684371,-0.012335967,-0.0016680362,-0.012336323,-0.0014742144,-0.014025362,-0.0007097132,-0.020984969,-0.0018930316,-0.012533918,-0.0059457912,-0.0097386657,-0.0014435373,-0.015756556,-0.001441762,-0.015756797,-0.00081255759,-0.014985553,-0.0043437004,-0.025516238,-0.0013835563,-0.01586942,-0.0063179762,-0.026978098,0.00063403707,-0.016349181,0.00063337068,-0.016347454,9.737396e-05,-0.014378954,-0.0041049186,-0.019197389,0.00060300253,-0.016403654,-0.0041731033,-0.032010224,0.00073730425,-0.012187173,0.00073710415,-0.012187213,0.0011027548,-0.0092039096,-0.0014323996,-0.019244016,0.00066367435,-0.012456679,-0.0050207783,-0.014299593,-0.0093007533,-0.0013892645,-0.00050207973,-0.0052552449,-0.0088721191,-0.0052464685,-0.010358951,-0.0054706772,-0.0089336738,-0.0049436321,-0.0096509632,-0.005243922,-0.0090598949,-0.020460284
2026-03-13,0.0013197011,-0.014122128,0.0013228561,-0.01412215,0.001940576,-0.013255509,-0.0044760961,-0.021465842,0.0012965928,-0.013771815,-0.0010867118,-0.026800584,-0.00054128996,-0.018259009,-0.00054263185,-0.018259172,0.00063738646,-0.019375034,-0.002021913,-0.028280695,-0.00065579371,-0.018740272,-0.0052569629,-0.016432184,0.00012209959,-0.017478651,0.00012291879,-0.017478993,0.0010794806,-0.018231003,0.0019481568,-0.021968012,0.00016860086,-0.01713141,-0.0053632941,-0.018505821,0.00076607033,-0.017817259,0.00076592787,-0.017819634,0.00045697539,-0.016618085,-0.00023350255,-0.021814053,0.00081355036,-0.017976688,-0.0019841583,-0.021448128,0.0011206953,-0.013142864,0.0011205045,-0.01314292,0.00090110348,-0.012726382,-0.0030431407,-0.016857239,0.0010176923,-0.013097541,-0.0015386431,-0.016755257,-0.0037567065,-0.0012389996,-0.00037885311,-0.0020069334,-0.011531446,-0.003910747,-0.013568965,-0.0023784181,-0.01181479,-0.001663961,-0.011911059,-0.0020864996,-0.011709841,-0.0084856899
2026-03-16,0.0053241191,0.015755196,0.0053258468,0.015755014,0.00647997,0.016706147,0.0075181259,0.019572553,0.0051355491,0.015896035,0.0054855299,0.021821103,0.0055531022,0.016075483,0.0055504844,0.016075441,0.0060035565,0.016997918,0.014002384,0.022915858,0.0057989865,0.016321342,0.0012085328,0.010462704,0.0059196502,0.018274218,0.0059208706,0.018274057,0.0064400182,0.016145787,0.0053899912,0.027622964,0.0059401341,0.01848398,0.0095465495,0.021773728,0.0064025018,0.017809376,0.0064021786,0.017807099,0.0061795294,0.016242887,0.004455449,0.01943114,0.0064031466,0.0179058,0.0018078925,0.035802004,0.0058780644,0.015785528,0.0058763275,0.01578556,0.0068053913,0.012276948,0.0082535097,0.018219045,0.0064301524,0.016353487,0.0042960177,0.016827608,0.0038325356,0.005488186,0.0073991961,0.0037000004,0.013766136,0.0052569882,0.014710204,0.0040165128,0.013821923,0.002537383,0.013156032,0.003391537,0.014152874,-0.0046083224
2026-03-17,0.0074260813,0.0088430831,0.007411675,0.0088433909,0.0070283992,0.0091718161,0.0056693157,0.005375922,0.0073682927,0.0088556472,0.0086436571,0.011646442,0.0088170731,0.010723538,0.0088179356,0.010723465,0.0080145383,0.01164657,0.0074364015,0.019100351,0.0088817728,0.011001279,0.010766125,0.0097736003,0.0087738817,0.0096188173,0.0087742487,0.0096192184,0.0064198917,0.010585632,0.012269905,0.012691886,0.009108974,0.0093862973,0.010402513,0.0072729301,0.0070720629,0.0081478921,0.0070717077,0.0081479025,0.0069118492,0.0062338908,0.014492423,0.010183542,0.0071094253,0.0082003781,0.013706507,0.022317087,0.0076407001,0.0086168242,0.0076400609,0.0086168835,0.0071180832,0.0077581659,0.014703096,0.0072152948,0.0074371984,0.0086461479,0.014652034,0.013555351,0.016726487,0.008248961,0.023582241,0.0068400662,0.010516346,0.01199692,0.011954741,0.007768438,0.010731446,0.0073723291,0.0096642287,0.0069783882,0.010190721,0.013888972
2026-03-18,0.0044935406,0.0086424807,0.0045022152,0.0086429904,0.0036371989,0.0091472176,0.0045417559,0.0032845609,0.004561185,0.0085220216,0.00072173084,0.010541133,0.0019353695,0.011198338,0.0019336559,0.011198412,0.0028947511,0.010168234,0.0024052692,0.017411769,0.0020414844,0.011374636,0.00013857172,0.0083194419,0.0035547418,0.0097463619,0.003555898,0.0097468314,0.0036270412,0.011836941,0.0035792916,0.011802349,0.0032098059,0.0092117421,-0.00071282412,0.0023089173,0.0034013028,0.0086447156,0.0034012288,0.0086474363,0.0030952354,0.0070450566,-0.0032682722,0.010044171,0.0033849508,0.0087965061,-0.0018207396,0.018231298,0.0040790294,0.0076840567,0.0040798364,0.0076841291,0.0037339546,0.0084787363,-0.0019160292,0.0058528271,0.0039007682,0.0075827307,0.00010812731,0.013122844,0.0094534338,0.0024187465,-0.00061427182,0.0016499983,0.012070155,-0.00094278866,0.012641324,0.0014112952,0.012470086,0.00098185571,0.012898069,0.0010020448,0.012209562,0.01500325
2026-03-19,-0.010858551,-0.023502262,-0.010856921,-0.023501727,-0.012041094,-0.020906394,-0.015745277,-0.029940024,-0.010697409,-0.02332482,-0.011533181,-0.032285427,-0.010752498,-0.024986787,-0.010751597,-0.02498545,-0.012502006,-0.028027948,-0.0096082669,-0.034613839,-0.011220437,-0.025624887,-0.012352605,-0.018138159,-0.011564253,-0.025531913,-0.011563692,-0.025532116,-0.011434965,-0.023800186,-0.011917044,-0.03068099,-0.012142199,-0.025296351,-0.014513223,-0.028469877,-0.011497345,-0.026097978,-0.01149747,-0.026098564,-0.011181389,-0.024372434,-0.015392837,-0.033255731,-0.011539536,-0.026228104,-0.016712927,-0.033266473,-0.0111724,-0.022685479,-0.01117163,-0.022685565,-0.011118088,-0.017887528,-0.015277272,-0.019225626,-0.011892645,-0.023217681,-0.010969316,-0.018087052,-0.012307479,-0.0075107664,-0.0070213882,-0.012275462,-0.013256196,-0.013098886,-0.019857948,-0.013213094,-0.012559449,-0.012349282,-0.0092921051,-0.012528561,-0.013087842,-0.023136285
2026-03-20,-0.0067641363,-0.024959928,-0.0067679311,-0.024959424,-0.0075751512,-0.027135061,-0.0019540037,-0.029125565,-0.0069351611,-0.024954271,-0.0036079527,-0.029939935,-0.004498369,-0.023435608,-0.0045001094,-0.02343581,-0.0041369597,-0.022638254,-0.0029366094,-0.027214756,-0.0045310693,-0.023421628,-7.9877232e-05,-0.012830942,-0.0037854706,-0.028254953,-0.003787741,-0.028254837,-0.0040552265,-0.026802273,-0.0029140656,-0.038608855,-0.0032496533,-0.02866431,-0.0027294884,-0.033246968,-0.0073286191,-0.0307865,-0.0073283755,-0.030783495,-0.0074849087,-0.029430504,-0.0027278671,-0.027351928,-0.0072660648,-0.030861752,0.003819954,-0.044525543,-0.006679818,-0.024551378,-0.0066800284,-0.024551377,-0.0075934058,-0.021847405,0.0010227812,-0.028147265,-0.0065556396,-0.025088549,0.00077071742,-0.023398071,-0.0069092737,-0.0044577503,-0.005431888,0.00012859643,-0.016862281,0.0020359992,-0.016009833,0.00038241552,-0.017174587,0.0017320553,-0.017995889,0.00097736922,-0.017063959,-0.0013157973
2026-03-23,-0.0040991984,-0.022654855,-0.0040962754,-0.022654682,-0.0026679078,-0.02382111,-0.0098070802,-0.038558096,-0.0041149817,-0.022323092,-0.017024648,-0.042495609,-0.0075709619,-0.023222942,-0.0075711934,-0.023224411,-0.0075444369,-0.022706591,-0.016157068,-0.030570472,-0.0074423627,-0.023197324,-0.017904153,-0.027017545,-0.0081773806,-0.028008221,-0.0081729257,-0.028008424,-0.006777628,-0.028219673,-0.010667061,-0.039299405,-0.0076604152,-0.028115442,-0.017003099,-0.038137184,-0.0029427864,-0.029728146,-0.0029438264,-0.029727711,-0.0031082649,-0.028244353,-0.012462222,-0.029895829,-0.0030289061,-0.029858215,-0.015892505,-0.039979579,-0.0039686075,-0.021971883,-0.0039698473,-0.021971898,-0.002219271,-0.021365548,-0.012782285,-0.03520127,-0.0036425624,-0.022016484,-0.016872412,-0.029341719,-0.028685526,-0.010443195,-0.018700215,-0.015665384,-0.021526966,-0.015024439,-0.020712704,-0.015630184,-0.02218366,-0.013941839,-0.025275783,-0.015153733,-0.022087708,-0.021739058
2026-03-24,0.0011120023,-0.0098404531,0.0011121815,-0.0098403549,0.0023419889,-0.012016221,0.0021147129,-0.012940453,0.00099927688,-0.0096523296,0.0049401694,-0.013166982,0.0053566164,-0.0065681786,0.0053545058,-0.0065695339,0.006394125,-0.004491911,0.0054323021,-0.0058405478,0.005669551,-0.0060600026,0.0065201671,-0.0047693733,0.0038672957,-0.012184255,0.0038635107,-0.012184646,0.0055570286,-0.013913774,0.0035133985,-0.017952794,0.0046819428,-0.012397685,0.0051353782,-0.014579445,0.0037017029,-0.014482774,0.0037022348,-0.014480893,0.0040961779,-0.013133723,0.0049994461,-0.0095567767,0.0037136592,-0.014458663,0.0057902877,-0.020285043,0.002362474,-0.009486084,0.002361322,-0.0094860727,0.0033439839,-0.010258552,0.004219534,-0.01760684,0.0030429452,-0.0093377051,0.0046835589,-0.010878862,-0.0041868347,0.0075346157,-0.0024377552,0.0076819859,-0.0077086362,0.0067136874,-0.0024134426,0.007412054,-0.0079618862,0.0097814312,-0.01015913,0.0088913816,-0.0075744558,0.0020202139
2026-03-25,0.0057086056,0.018204886,0.0057078806,0.018205038,0.0039853343,0.019404923,0.0096957948,0.020872312,0.0059081876,0.017871365,0.010877764,0.026272605,0.0092683931,0.016287504,0.0092724855,0.016288148,0.0079953881,0.013823662,0.0047647051,0.021312593,0.0094094046,0.016005986,0.012783481,0.019723891,0.007424265,0.020868619,0.0074271274,0.020869509,0.0059555243,0.024064473,0.011857249,0.028909295,0.0070424122,0.020435546,0.012048638,0.019282089,0.0057469468,0.022485934,0.0057473143,0.022487307,0.0062025672,0.019493718,0.012796418,0.021169123,0.0057210856,0.022620798,0.011634308,0.034687438,0.0055760567,0.016672702,0.0055777715,0.016672784,0.0050274705,0.016769944,0.011191544,0.020458844,0.0047902224,0.016587957,0.013552893,0.022251933,0.024257063,0.0094260114,0.013829634,0.011704992,0.018819449,0.01156807,0.017261237,0.01163432,0.019217564,0.010636669,0.020995907,0.011147139,0.018735312,0.024193484
2026-03-26,-0.001401717,-0.0078077006,-0.0014026023,-0.0078075047,-0.0010237241,-0.0068000552,-0.0023438372,-0.011943599,-0.0014358904,-0.0076278335,-0.00057702688,-0.010860422,0.0018060655,-0.0073764047,0.0018055722,-0.0073763781,0.0016847595,-0.0086754952,-0.0042626721,-0.010092476,0.0017257112,-0.0074608319,0.00094786157,-0.0028586245,-0.0010409091,-0.0086656497,-0.0010404549,-0.0086660109,-0.00064107378,-0.0092021444,0.0026996189,-0.0097733243,-0.00077678971,-0.0086028985,-0.00089213778,-0.012439011,-0.00094689162,-0.009361125,-0.00094621173,-0.0093608312,-0.0011214824,-0.008336259,-0.0032773591,-0.011400268,-0.00091644109,-0.0093408769,0.0033327438,-0.011713542,-0.00097978021,-0.0075751625,-0.0009798806,-0.0075751893,-0.0009605242,-0.0065606414,-0.0011600789,-0.0095064382,-0.00091098466,-0.0075262735,-0.00015017167,-0.0054742116,-0.0013334214,0.0032304128,0.0021952071,-0.0017159309,-0.0050506572,0.0022379843,-0.0043932007,-0.0013025333,-0.0043522607,-0.001059796,-0.0028279788,-0.0014525833,-0.0046030269,-0.0052492743
2026-03-27,-0.0009491121,-0.00971076,-0.00094718318,-0.0097104955,-0.00073895071,-0.0093161587,-0.0030793134,-0.015694959,-0.00099061516,-0.0095360225,-0.0024258471,-0.017271658,-0.0020079499,-0.0081298366,-0.0020101709,-0.0081298454,-0.0011170573,-0.008175346,-0.0003867189,-0.0091327584,-0.0018813554,-0.0080782159,-0.0037501046,-0.0087147155,-0.00027319259,-0.011186353,-0.00027130347,-0.011186657,0.00065547568,-0.011458832,0.00042823813,-0.016590046,-0.00016887918,-0.011124436,-0.0039036311,-0.014898831,-0.0011663058,-0.012521377,-0.0011657628,-0.012521155,-0.0015063414,-0.011273728,-0.0053402275,-0.013494213,-0.0011705905,-0.012559074,-0.0025699884,-0.015900835,-0.00070465536,-0.0091453447,-0.00070508266,-0.0091453783,-0.00056932869,-0.0076845969,-0.0048382569,-0.011351322,-0.00055493784,-0.0092630633,-0.0019409252,-0.0070231796,-0.0073329954,-0.00088685273,-0.0028075036,-0.0015469782,-0.0040859866,-0.00302643,-0.0042215944,-0.0017334954,-0.004183821,-0.0014782179,-0.0058664276,-0.0016021809,-0.0042709757,-0.010554152
2026-03-30,-0.0046702481,-0.0057680386,-0.0046713656,-0.0057681171,-0.0032461348,-0.0058872477,-0.007460588,-0.0095481867,-0.0044555705,-0.00564551,-0.010839032,-0.00779199,-0.0059393012,-0.0073309446,-0.0059378402,-0.0073314581,-0.0061938723,-0.0081353285,-0.0058808555,-0.011819029,-0.0056782444,-0.0074545978,-0.011117746,-0.0096192449,-0.0066537167,-0.0070297986,-0.0066533232,-0.0070299876,-0.0055804974,-0.0077627182,-0.0070519117,-0.006842071,-0.0064260704,-0.0070366898,-0.0095747294,-0.0084010222,-0.0030072465,-0.006997079,-0.0030074494,-0.0069969414,-0.0030327676,-0.0065306728,-0.0050266164,-0.0075072981,-0.0031187281,-0.0069897098,-0.0087373283,-0.0086227862,-0.0042120156,-0.0057879587,-0.0042120406,-0.0057879601,-0.0023267103,-0.0063414175,-0.0064224429,-0.0096033902,-0.0042555724,-0.0056031887,-0.0082672391,-0.011814542,-0.014453986,-0.0071755328,-0.013022457,-0.0086544012,-0.0089547188,-0.0085018362,-0.0091607963,-0.0087978555,-0.0085993949,-0.0084560235,-0.0075969238,-0.0081931835,-0.008357228,-0.014666651
2026-03-31,-0.0070126774,-0.020074061,-0.0070094826,-0.020074242,-0.0051220514,-0.023798605,-0.0055897381,-0.014662167,-0.007118587,-0.020003824,-0.0099430675,-0.024339956,-0.0018660445,-0.018610854,-0.0018674639,-0.018611585,-0.0011793927,-0.014476641,-0.0051066491,-0.022810513,-0.0016923909,-0.01830602,-0.010910076,-0.017463209,-0.0065822508,-0.023345398,-0.0065821395,-0.023345751,-0.0036330661,-0.024978655,-0.014598117,-0.034645991,-0.0062116038,-0.02323433,-0.011754894,-0.017913387,-0.0032412161,-0.025070717,-0.0032418812,-0.025070556,-0.002707913,-0.022578155,-0.010378222,-0.019462938,-0.0032576689,-0.025264941,-0.01103039,-0.044555278,-0.0059221666,-0.018748982,-0.0059243849,-0.018749029,-0.0036162704,-0.018639996,-0.0087252166,-0.021460972,-0.0052024986,-0.019015283,-0.012607841,-0.025779733,-0.030293221,1.7710045e-05,-0.016313089,-0.0047254746,-0.020862596,-0.0064804793,-0.016494247,-0.0052227448,-0.021367976,-0.0024894076,-0.022999822,-0.0033570488,-0.021447155,-0.02097431
2026-04-01,0.011024133,0.038914685,0.011028182,0.0389147,0.0083268398,0.040990056,0.016244148,0.055571715,0.010870101,0.038254947,0.021010412,0.062237983,0.011305965,0.039365119,0.0113053,0.039367539,0.012300652,0.038154553,0.014756659,0.053055087,0.010894173,0.039217691,0.020344678,0.040100681,0.013136703,0.046629444,0.013140686,0.046630478,0.010489525,0.050076776,0.020882693,0.061314338,0.012214933,0.046509093,0.021812529,0.057791392,0.0084083787,0.049514393,0.0084086553,0.049514288,0.0081689414,0.045712826,0.015702666,0.048464603,0.0085095844,0.049673486,0.019797384,0.071055918,0.010093662,0.037441467,0.010094655,0.037441526,0.0076293323,0.037950272,0.017166364,0.055800167,0.0094040898,0.037137646,0.020754945,0.049059583,0.043507477,0.012097126,0.025158748,0.016448004,0.038422016,0.016828354,0.034960605,0.016985807,0.038868368,0.01445772,0.041672174,0.014817936,0.038182113,0.042847206
2026-04-02,-0.0020143497,-0.014294751,-0.0020128539,-0.014294851,-0.0014622095,-0.016544591,-0.0051928091,-0.018470727,-0.0019863668,-0.014128212,-0.0032946201,-0.02279278,-0.0033703564,-0.016099419,-0.0033710912,-0.016100274,-0.0022647645,-0.014975498,-0.0045999481,-0.022747291,-0.003484908,-0.016181616,-0.0053073727,-0.013161947,-0.0023519637,-0.017762105,-0.0023541499,-0.017762351,-0.0010267561,-0.018889782,-0.0017414291,-0.024885675,-0.001974907,-0.017789732,-0.0067049639,-0.019170001,-0.00062641703,-0.018962608,-0.00062627473,-0.018962253,-0.00058246984,-0.017475256,-0.0029536237,-0.016191047,-0.00068528818,-0.019071151,-0.0022791556,-0.03360738,-0.001375977,-0.013628193,-0.0013776754,-0.013628208,-0.00029455681,-0.014070606,-0.0049067037,-0.020029411,-0.00075718774,-0.013631526,-0.0056444039,-0.02073164,-0.016509519,-0.003946876,-0.012939547,-0.0035901419,-0.014870193,-0.0041733595,-0.015582037,-0.0039622407,-0.015678649,-0.0009580778,-0.018579912,-0.0026777008,-0.014821315,-0.019880733
2026-04-07,0.00067276957,0.022618155,0.00067382,0.022617903,-0.00036888534,0.023336459,0.0069542085,0.038396458,0.00067414117,0.022234039,0.0052181701,0.041930766,0.0019258198,0.024830136,0.001925178,0.024831601,0.0014227836,0.025182649,0.0021138039,0.032344127,0.0022406399,0.024978806,0.0045681426,0.022375556,0.0024281749,0.028287179,0.0024284466,0.028287249,0.00071293686,0.02810932,0.0037493919,0.037318973,0.0020257324,0.028470373,0.0083185644,0.038228197,0.00052330098,0.030261574,0.0005230241,0.030261313,0.0005139542,0.029456128,0.0025923129,0.030906514,0.00052804676,0.030381133,0.0021377463,0.037280102,0.00064022562,0.022088809,0.00063991032,0.022088804,0.00028449377,0.021880657,0.00056842032,0.035086831,0.00025839284,0.022058886,0.0067859315,0.026228202,0.01225974,0.0033409251,0.01732412,0.0051533448,0.018585894,0.0036152779,0.017900876,0.0056762546,0.018941672,0.0042205384,0.021365673,0.0048213868,0.018943638,0.018255688
2026-04-08,0.0039797875,0.027438218,0.0039753491,0.027438059,0.0014648911,0.028654709,0.0083165667,0.042507439,0.0043640348,0.026929418,0.015468206,0.051021811,0.0058170059,0.027176741,0.0058170914,0.027178179,0.0037151484,0.028159601,0.0088401073,0.04392542,0.0051952793,0.027246754,0.011136204,0.025669554,0.0060935405,0.033460777,0.0060956505,0.033461938,0.0019231802,0.036255063,0.012675819,0.04895383,0.0052190082,0.03341086,0.016259504,0.048538811,0.0011376977,0.035685876,0.0011378575,0.035683827,0.00090203013,0.031087464,0.009618603,0.036233443,0.0012034822,0.035749166,0.011582938,0.066240486,0.0030021604,0.026372746,0.0030040415,0.026372827,0.00078340371,0.024636207,0.010674962,0.041724174,0.0018658923,0.026259166,0.014101187,0.035912963,0.041843397,0.0054498825,0.024858168,0.0075819992,0.024761237,0.0089537859,0.023955502,0.0086422872,0.025388339,0.0041242121,0.027598893,0.0054368493,0.024320642,0.051792727
2026-04-09,0.0078386434,-0.010791294,0.0078387347,-0.010791133,0.0067983736,-0.010454142,0.0073131174,-0.013147199,0.0080334066,-0.010721488,0.0056508575,-0.015101589,0.0060140341,-0.010818756,0.0060159644,-0.010819023,0.0051440118,-0.010289262,0.0071400533,-0.015104505,0.0056205664,-0.010937481,0.0037097779,-0.0089826124,0.0070815919,-0.015079848,0.0070824635,-0.015079634,0.0066669154,-0.01262081,0.0022706782,-0.02274836,0.0063154661,-0.014909624,1.2729379e-05,-0.0086411968,0.0062739569,-0.014605564,0.0062738327,-0.01460675,0.0070032511,-0.013207779,0.0067275403,-0.020178531,0.0062925089,-0.014885907,0.003973918,-0.017476735,0.0069069923,-0.0099236822,0.0069095105,-0.0099237535,0.0058060061,-0.0062357725,0.0055525492,-0.0070963494,0.0059500157,-0.010574159,0.0050631316,-0.0054779457,0.0051018115,0.0055291296,0.0090223112,0.0090042304,-0.00078534893,0.0061297931,-0.0041808296,0.0083021259,-0.000433465,0.0074036004,0.0014904314,0.008572988,-0.0012286889,-0.00063122001
2026-04-10,0.0021673781,0.014088621,0.0021639898,0.014088902,0.0027077349,0.014319666,0.0016067056,0.010231197,0.001874624,0.013855695,-0.0014095313,0.015385593,-0.00011817261,0.012070367,-0.00011810755,0.012070971,-0.0010936528,0.01002158,0.0011817921,0.013991344,-0.0001416306,0.011797427,0.0010295279,0.010117949,0.00083999418,0.016431597,0.00084596785,0.016432309,0.00013743323,0.018523543,-0.0020650418,0.021914994,0.0009783062,0.015882141,0.0019547683,0.0064244612,0.0009266573,0.016232466,0.00092686905,0.016234589,0.00085697783,0.013437119,0.002847761,0.018624388,0.00095666098,0.016409204,-0.00077569598,0.022014377,0.001795171,0.012768009,0.0017957396,0.012768111,0.0010184666,0.012008563,0.0019435224,0.010713718,0.0020237882,0.012801149,0.003109389,0.011004941,0.0067010785,-0.0017513807,0.0052471439,-0.0027830642,0.010441684,-0.00048482077,0.0079092742,-0.0022488482,0.010031269,-0.0048333437,0.009980767,-0.0036004153,0.010474457,0.020214805
2026-04-13,-0.0036679176,-0.0012557744,-0.0036675145,-0.0012556453,-0.0042591224,0.0007807398,-0.0059093994,-0.0010381484,-0.0034202158,-0.0010382151,-0.0034013663,0.0014350437,-0.0030695676,-0.00056511787,-0.00307162,-0.00056465018,-0.0025650157,-0.0028727663,-0.0019510918,-0.003231706,-0.0030582232,-0.00065065423,-0.0026967385,0.00016927912,-0.0029696611,0.00041707471,-0.0029708676,0.00041638042,-0.0030488625,-0.0017351107,-0.00080964552,0.0058734913,-0.0028919375,0.0005887678,-0.0027380616,-0.0034478466,-0.0041016074,-0.00020724228,-0.0041013914,-0.00020711585,-0.0043901652,0.0006005458,-0.010300684,-0.0019025062,-0.0041183371,-4.7388592e-05,-0.0037328158,0.0027462324,-0.0036344751,-0.0012680826,-0.0036333136,-0.0012681042,-0.0036641626,-0.0015148751,-0.0078968591,-0.00021921468,-0.0038258679,-0.00085967746,-0.0025765231,0.0011456161,0.0029554642,0.0015873955,0.010325995,-0.0038097544,-0.0010482939,-0.0055165668,0.00051263449,-0.003942855,0.00012627533,-0.0043414555,0.0043757078,-0.0042603727,0.00027226032,-0.0018576911
2026-04-14,0.0037604975,0.01231858,0.0037553347,0.012318703,0.0023811943,0.013974798,0.0059515987,0.019363721,0.0039569054,0.012017651,0.010920627,0.023095339,0.0032282301,0.011319003,0.0032300973,0.011320734,0.0012613606,0.009267788,0.0096288227,0.01006564,0.0025592012,0.010872456,0.011403469,0.015507118,0.0037504629,0.014433414,0.0037514651,0.014433755,0.0030776875,0.016937901,0.0034376188,0.018075334,0.0031679715,0.014522515,0.0095953891,0.021306122,0.0020597915,0.016286875,0.0020598617,0.016286893,0.0020787305,0.016124675,0.010018109,0.011879606,0.0020508503,0.016257232,0.0073075463,0.016768221,0.0029412344,0.012021478,0.0029418238,0.012021444,0.0020848117,0.015140999,0.0091370718,0.02388095,0.0024110938,0.011511371,0.011417016,0.017143278,0.021008294,0.0048920498,0.023523847,0.0076238788,0.014584787,0.0070045329,0.0094125081,0.0071391492,0.015454724,0.0072330862,0.020691476,0.007082701,0.015072414,0.031017461
2026-04-15,0.0035724764,-0.0011419444,0.0035703669,-0.001141681,0.002458036,-0.0023371032,0.0034287652,-0.0050783975,0.0040794422,-0.0012991263,0.0045158632,-0.0022145176,0.0019437999,-0.00011316554,0.0019452051,-0.00011354044,0.00071873044,0.00066192564,0.0031710196,0.0038561407,0.0020157132,1.6104659e-05,0.0033393346,-0.00065483256,0.0050356528,-0.0023899535,0.0050336078,-0.002389343,0.0043255884,4.3896636e-05,0.0077034494,-0.0062434941,0.0047141433,-0.0028177874,0.0041877142,-0.0043066441,0.0019131594,-0.0029715798,0.001913675,-0.0029697629,0.0018814898,-0.003870075,0.0057931747,-0.0011269349,0.0018943696,-0.0030010702,0.0030717559,-0.0020896296,0.0031666035,-0.0015393485,0.0031687763,-0.0015393027,0.0021448481,-0.00049801161,0.0031756828,-0.0035777252,0.0022451268,-0.0018956812,0.0045151991,-0.0001831873,0.0095249682,0.0017671591,0.015421779,0.0073372495,0.0027347,0.0034886378,0.0026627479,0.0068678581,0.0022897222,0.0060023936,5.5071458e-05,0.0071172712,0.0021170202,0.012635361
2026-04-16,0.0063073881,0.0097215511,0.0063054222,0.0097215757,0.0049396325,0.0097080064,0.0087182034,0.010884861,0.0062803931,0.0095993611,0.0080652439,0.018164336,0.0064428186,0.012234578,0.0064455192,0.012234129,0.0042018034,0.012463008,0.0027581253,0.017418693,0.0068668678,0.012551801,0.0098157821,0.01169713,0.0070688725,0.0104255,0.007071364,0.010425681,0.00444963,0.011137035,0.0050019832,0.013343094,0.0071005982,0.010225327,0.011386523,0.012142534,0.004770412,0.010985765,0.0047706982,0.010987034,0.0049039979,0.010485744,0.0059078708,0.011148765,0.00477932,0.011056225,0.0065164566,0.016910898,0.0058727485,0.009102595,0.0058738678,0.0091026211,0.0045034173,0.0092231217,0.0041865087,0.010189175,0.005614345,0.0091013834,0.0073002636,0.011917956,0.014409707,0.0045585651,0.012990753,0.0055399551,0.010717299,0.0057283463,0.010259625,0.006228587,0.011070001,0.0034608295,0.011569717,0.0048955614,0.011175986,0.010100979
2026-04-17,0.012643621,0.0067519317,0.012641042,0.0067522934,0.012137024,0.0058705153,0.007260965,0.0026406792,0.012870399,0.0067880255,0.0062901355,0.0035854148,0.0097684023,0.0086187306,0.0097653324,0.0086189649,0.0088412607,0.010007667,0.0040055787,0.010258782,0.010157814,0.0087724642,0.0038252354,0.0036994272,0.012131199,0.0062584602,0.012136648,0.0062585559,0.010384579,0.0066389706,0.014589268,0.0022152633,0.012140705,0.0060914828,0.0093496584,0.0032234193,0.0101389,0.0039155096,0.010137994,0.0039162835,0.0091644402,0.0038260103,0.0018912678,0.007404893,0.010151463,0.0038977761,0.0057520017,0.0025423015,0.011931505,0.0071794227,0.011933177,0.0071794382,0.011226506,0.0077392306,0.0065308267,0.0050985738,0.011071075,0.0069646395,0.0038636743,0.0048639802,0.0038016095,0.0079015841,0.0039602952,0.0067901187,0.0067010789,0.0035928655,0.0075520584,0.0071231894,0.0068283533,0.0038735148,0.0051785766,0.0060073959,0.0063335376,-0.0099999693
2026-04-20,-6.7004983e-05,-0.0086917561,-6.6103819e-05,-0.0086916352,0.0006001689,-0.0080735679,0.00012638283,-0.011480781,-0.00075228467,-0.0084954521,0.00064464657,-0.0098418524,-0.00049761131,-0.0051943251,-0.0004995129,-0.005194703,-0.0015596266,-0.0029350381,0.0062382672,-0.001087666,-0.00040983078,-0.0047715956,0.0010800884,-0.0078072423,-0.00049233287,-0.010152853,-0.00049240841,-0.01015302,-0.00031613225,-0.010360282,-0.0056632185,-0.013133133,-0.00028837783,-0.009870428,0.0040689191,-0.0051415688,-0.00086684509,-0.011134686,-0.00086745453,-0.011136635,-0.00096701796,-0.010470382,0.00012263385,-0.012858913,-0.00077213081,-0.011265974,-0.0044349102,-0.0026975062,-0.00028948703,-0.007717582,-0.00029135765,-0.0077176264,-0.00091305783,-0.0069250948,-0.001085744,-0.0067992946,0.00030745878,-0.0078560218,0.0038932288,-0.0032883003,0.0050460216,-0.0019606432,0.0067602131,-0.0012064034,-0.0027157315,-0.00045975957,-0.0023331144,-0.0012141536,-0.0027131796,-0.0010337091,-0.0038840155,-0.00095340099,-0.0031402561,0.0047534447
2026-04-21,0.0012031369,0.024801705,0.0011949151,0.024801926,-0.00076353367,0.024954357,-0.0015421194,0.028729101,0.0014227729,0.024308999,0.0025372213,0.039481715,0.00043073439,0.02780492,0.00043244426,0.027805702,-0.0018987034,0.028333433,0.0025323383,0.042806161,-0.00011389915,0.028170539,0.0063891512,0.020415009,-0.00025122676,0.030265161,-0.00025367012,0.030266177,-0.004411214,0.032872397,-0.00045621467,0.040372868,-0.00066619272,0.029708902,0.0059455048,0.031141693,-0.00089736378,0.030610103,-0.00089811534,0.03061203,-0.0010056876,0.026564326,0.0030903272,0.034962509,-0.00090747789,0.030833982,-0.0017066401,0.051419935,0.00026947823,0.023166278,0.00027012406,0.023166403,-0.00082897247,0.021979702,0.0019313025,0.026682372,-1.7872232e-05,0.023097616,0.0024366494,0.027099852,0.018178364,0.0010714786,0.0082660279,-0.003434826,0.017588075,-0.0016237812,0.018387837,-0.0027171041,0.018131818,-0.0053697007,0.018075226,-0.0046273654,0.017265154,0.017149535
2026-04-22,-0.0017201259,-0.0018117767,-0.0017251266,-0.001811737,-0.0028873316,-0.0011813128,-0.0011790675,-0.0010260481,-0.0012475197,-0.0018672779,0.0042821529,0.00057947142,-0.00088192275,-0.001810995,-0.00088000372,-0.0018106864,-0.0028578734,-0.002172148,-0.0038695787,6.759809e-05,-0.0010243073,-0.0018698873,0.0022793441,0.00093216363,0.00015081187,-0.0014096564,0.00015084374,-0.0014095284,-0.0015824576,-0.00065549598,0.0045271756,-0.00039969217,-6.2658901e-05,-0.0013762105,0.004898128,0.00094822454,-0.0037085937,-0.00091957024,-0.0037078719,-0.00091987077,-0.0040062916,-0.0011659474,-0.00069644429,-0.0024804412,-0.0036626122,-0.00093557924,0.0017081273,0.0016668588,-0.0021547638,-0.0018818059,-0.0021542979,-0.0018818119,-0.0036997963,-0.0011916093,-0.00090253251,0.0013379912,-0.0026335815,-0.0019974746,0.00027104862,0.00063574959,0.008544926,-0.00084977043,0.0038635915,0.00044275231,0.0011356813,0.00061813974,-0.00056113022,0.00081723953,0.0011568253,-0.0012660538,0.00099503648,-0.0003604192,0.0011162298,0.0040697918
2026-04-23,-0.0070195378,-0.019839968,-0.0070139222,-0.019840188,-0.0064144184,-0.019952679,-0.0082517848,-0.022087088,-0.0071069029,-0.019640582,-0.011085164,-0.028034974,-0.009313184,-0.021355956,-0.0093123273,-0.021356632,-0.0084431905,-0.020896503,-0.010021522,-0.027270306,-0.0097615694,-0.021475004,-0.013980143,-0.01944744,-0.0081126503,-0.023367216,-0.0081105312,-0.023367502,-0.0056317852,-0.023783336,-0.0081158863,-0.029220176,-0.0082818848,-0.023027516,-0.015527045,-0.021327783,-0.0060534566,-0.022653637,-0.006053095,-0.022655433,-0.0054854663,-0.020817357,-0.011425362,-0.026424346,-0.0060955667,-0.022852734,-0.011347133,-0.030586511,-0.0068271377,-0.018947966,-0.0068277727,-0.018948038,-0.0061213633,-0.018001437,-0.010394524,-0.019729094,-0.0064400104,-0.019055632,-0.012336876,-0.020155573,-0.01999976,-0.00930342,-0.019634475,-0.0085093929,-0.01492445,-0.0078976582,-0.016833897,-0.0092621335,-0.015518554,-0.0068414987,-0.015882153,-0.0083520854,-0.015114149,0
2026-04-24,0.0022038756,-0.0039526518,0.0021991904,-0.003952002,-0.00095943193,-0.000252826,0.002739526,-0.012261982,0.0026812637,-0.0038592985,0.0047030647,-0.012720387,0.0023742403,-0.0062027293,0.0023752067,-0.0062008503,-0.0019048275,-0.0097451634,0.0039444413,-0.01118488,0.0015531095,-0.0069249927,0.005858431,0.00034873229,0.0017855001,-0.0042604885,0.0017818915,-0.0042602624,-0.0016682782,-0.0013358533,-0.0013805658,-0.0064991885,0.0011492034,-0.0040974607,0.0085330683,-0.0098564499,-0.00070670592,-0.0046609386,-0.00070774487,-0.0046622566,-0.00097333129,-0.0048775411,-0.0011061422,-0.012442925,-0.00073242391,-0.0047519606,-0.0041925306,0.00092261539,0.00096226994,-0.0035397232,0.00096238973,-0.00353977,-0.00015482134,0.00063370798,-0.00071546229,0.001000479,-5.3532927e-05,-0.0040623201,0.0060276845,0.0040782207,0.019262909,0.0059800749,0.020413751,0.00021668363,0.005889226,0.0017683521,0.001273263,0.00055516548,0.0062168991,-0.00051029136,0.0095561678,-0.0010745536,0.0053390995,0.041690775
2026-04-27,0.0033873662,0.0092745079,0.0033918023,0.0092742296,0.0038323883,0.012259292,0.0015762426,0.0018150801,0.0035522706,0.0093957907,0.0023941132,-0.0015093324,-0.00078008301,0.0013860748,-0.00077766256,0.0013861917,0.00033572487,-0.0037789174,-0.00050679961,-0.0093562436,-0.0011829683,0.00050348904,-0.001591263,-0.001783754,-0.00018340176,0.0092089084,-0.00018381239,0.0092089844,0.00034351366,0.0095781864,-0.0014670672,0.014951212,-0.00045845578,0.0093672709,-0.0016578192,-0.00084938835,0.0029505788,0.012158385,0.0029501,0.01215649,0.0033882286,0.010958503,0.004463461,0.0042488456,0.0029716419,0.012204006,-0.0012822902,0.014278607,0.002555538,0.0084341863,0.0025560163,0.0084341938,0.0021266765,0.0073421773,-0.00072444065,0.0045099513,0.0024375395,0.0088884746,-0.0015078087,0.0049247034,0.0063919744,-0.0012044054,0.0090560393,-0.0012718395,0.0051239027,-0.0028666632,0.00087942586,-0.0017084448,0.0046480528,-0.001069362,0.0072814637,-0.00204856,0.0052545656,0.033907758
2026-04-28,-0.0020202516,0.025019472,-0.0020233596,0.025019263,-0.0026236408,0.024256492,-0.00013054024,0.03668181,-0.0011209167,0.024513954,0.0029775393,0.04219561,-0.00040312949,0.026886267,-0.00040004084,0.026886924,-0.0010780751,0.027135595,-0.0080325132,0.037020658,-9.1504096e-05,0.027166585,-0.00209438,0.022096963,-0.0012958383,0.030911787,-0.0013007568,0.030912248,-0.0054229938,0.03119894,0.0026609736,0.041040749,-0.0016470312,0.030549133,0.0042245816,0.033963347,-0.0019004537,0.032365204,-0.0018999123,0.032367453,-0.0015356415,0.03001459,-0.00011541123,0.037725125,-0.0018931947,0.032622787,0.0011408213,0.037308787,-0.0018505278,0.023431014,-0.0018496272,0.023431102,-0.0024698249,0.021401195,-0.00082357624,0.028468228,-0.0026167371,0.023606206,0.0010560752,0.023843314,0.0068553522,-0.0012418643,0.01062609,-0.0058120902,0.016204165,-0.0023701625,0.015205159,-0.0037059566,0.016153464,-0.008254027,0.014946325,-0.0066626179,0.016513331,-0.01075267
2026-04-29,0.00045681978,0.0052711794,0.0004578202,0.0052709276,0.00099209015,0.0037923475,0.0034936358,0.016418145,0.00022494012,0.0052242536,0.0025526801,0.01689503,0.0033485834,0.01265423,0.0033454694,0.012653752,0.003368317,0.017685838,0.0068660598,0.023243647,0.0031713148,0.013666439,0.0041391343,0.0093380964,0.0013808841,0.0071216497,0.0013789132,0.0071212279,0.0016218068,0.0047389873,7.6261856e-05,0.0072022071,0.0013357821,0.0073879668,0.0030027316,0.020660351,0.0013912904,0.0064165609,0.0013906048,0.0064158749,0.0015078109,0.007378767,6.1540878e-05,0.011091799,0.001436026,0.0064134632,0.003588879,0.01204054,0.00080194407,0.0059676501,0.00080128239,0.0059676212,0.0011916182,0.0047534798,0.0052679314,0.010168663,0.0011120806,0.0060385244,0.0032966003,0.0087406706,0.006076014,0.0062514512,0.0094420934,0.0022316495,0.003085368,0.0041802961,0.0089680969,0.0022697847,0.003465722,0.002841903,0.0022041741,0.0027340923,0.0029053079,-0.013586954
2026-04-30,-0.0031281514,-0.0093772876,-0.0031298609,-0.0093767639,-0.0046028564,-0.0087969841,-0.0068223454,-0.016333133,-0.0030094214,-0.0094568675,-0.012649755,-0.015369136,-0.0046852836,-0.0077766948,-0.0046837437,-0.007775914,-0.0063600779,-0.010111487,-0.010545348,-0.014464701,-0.0045037075,-0.0080228435,-0.006826857,-0.0062683713,-0.0059815976,-0.010278644,-0.0059876893,-0.010278728,-0.0081309774,-0.0084372254,-0.0077085199,-0.017693736,-0.0060092495,-0.010504498,-0.0070863883,-0.019671694,-0.0051802776,-0.010827342,-0.0051811242,-0.010824265,-0.0056771301,-0.0090806437,-0.008831587,-0.013201099,-0.0052170626,-0.01081041,-0.010811835,-0.024691831,-0.0041496075,-0.0094813628,-0.0041480118,-0.0094813999,-0.0047040045,-0.0049953496,-0.0087267187,-0.011324827,-0.0048553115,-0.010018192,-0.0075363913,-0.01092275,-0.0083759744,-0.0032677412,0.00034267344,-0.010449846,-0.0079119367,-0.0092929411,-0.010166218,-0.0098614837,-0.0071196538,-0.011162871,-0.0047582165,-0.010183049,-0.007775708,-0.0027548372
2026-05-04,-0.0011704004,0.021378081,-0.0011747084,0.021378364,-0.0040859019,0.023231287,0.0029652068,0.024463159,-0.00024037884,0.020930135,0.010844676,0.031673345,-0.00044931812,0.017528491,-0.00044785704,0.017530112,-0.0026865289,0.014351345,0.003011404,0.026280891,-0.0007078844,0.01701923,0.0031747078,0.016592916,0.0017565591,0.026596766,0.0017631979,0.026598063,-0.0026726489,0.030394627,0.0078596862,0.040094834,0.00090027173,0.026044685,0.012085877,0.021682203,-0.0045191102,0.027761742,-0.0045184096,0.027762579,-0.0047631634,0.022526809,-0.0015343946,0.028256991,-0.0044728728,0.027974869,0.00085614745,0.047827462,-0.0021877159,0.019382648,-0.0021852654,0.019382789,-0.0047784803,0.018219718,0.0013358102,0.026082212,-0.0036515666,0.019369482,0.0036749995,0.025372656,0.029205868,0.00062490654,0.023960609,0.0017434552,0.020947678,0.0011202911,0.017899885,0.0028055143,0.02087107,-0.0038242598,0.0227564,-0.0014364408,0.020714923,0.045303882
2026-05-05,0.0024723115,0.012394218,0.0024641507,0.01239397,0.0020871621,0.015327712,0.0045073639,0.01366922,0.0032568482,0.012488938,0.011545184,0.0073131152,0.0027715647,0.005201694,0.0027738494,0.0052031203,0.0017631731,0.00076786626,0.0046365726,-0.0049190514,0.0027108601,0.004253009,0.0039831987,0.0062189042,0.0036690914,0.01440573,0.003667881,0.014405488,0.0022781654,0.01351157,0.0037486699,0.020587363,0.0033525954,0.014823186,0.0075420526,0.0099995431,0.0020682076,0.016367516,0.0020675809,0.016364868,0.0021458033,0.015873798,0.0078273272,0.010691342,0.0020927603,0.01640949,0.0033116521,0.015055885,0.0020267989,0.012231248,0.0020258698,0.01223122,0.0016683166,0.011363828,0.0073027383,0.015635537,0.001530965,0.012598847,0.0028813047,0.0097428996,0.0073011753,0.0050144636,0.020621295,0.0063504975,0.0097039176,0.002501333,0.0044862018,0.0062164537,0.009218038,0.0052926506,0.011015378,0.0056100687,0.0099236509,0
2026-05-06,0.0040897846,0.010361321,0.004087448,0.010360947,0.002395015,0.01132371,0.0098529216,0.012022167,0.0042630624,0.010425861,0.013307382,0.0098282092,0.003437114,0.0041012087,0.0034345972,0.0041015927,0.0043246801,0.0018199683,0.007400493,0.00013035461,0.0039226779,0.0035587813,0.012414025,0.0014301363,0.0070659498,0.012506131,0.0070623933,0.012506125,0.0024622071,0.010950878,0.0098379557,0.02084133,0.0066350372,0.012631153,0.014052785,0.0084222518,-6.8353098e-05,0.01356521,-6.7685622e-05,0.013563302,-0.0002642915,0.011705192,0.0083527894,0.013617489,0.00017420724,0.013673252,0.010645043,0.017721425,0.0029957234,0.0098149021,0.0029976879,0.009814948,-0.0014521478,0.0060286131,0.0050265307,0.0082947912,0.002576364,0.010467675,0.0074916275,0.0063828231,0.017753577,0.0053887705,0.013353383,0.0088479614,0.0035293551,0.0035302046,0.0020524885,0.0097144012,0.0026445433,0.0036642032,0.0020520312,0.0071553135,0.0036448909,0.012156439
2026-05-07,4.0691707e-05,0.0011128289,3.8728045e-05,0.0011130529,-0.001128572,0.00089326395,0.0051265112,0.00055307954,-0.00042970524,0.0010096936,0.011688385,0.0010912657,0.0014733051,-0.0044757232,0.001472392,-0.0044746824,0.0017485845,-0.0064928889,0.0033743781,-0.0073148266,0.0020820872,-0.0051708186,0.010776548,0.0014850205,0.0028952847,0.0017660625,0.0028940738,0.0017666587,0.0019857249,0.0033584606,0.0052153983,0.0045662713,0.0031294229,0.0014493916,0.010855006,-0.0027137314,-0.0011674973,0.00098759554,-0.0011669723,0.00098803006,-0.0015668368,-0.0011529514,0.0099962891,0.0032337816,-0.0011040135,0.0010239304,0.0080117341,0.001026322,3.8370268e-05,0.00063290274,3.8168331e-05,0.00063297222,-0.0013149884,-9.6615114e-05,0.010579248,0.0013897883,0.00012707597,0.00056647158,0.0096560275,-0.00093349586,0.014612647,-0.00042766257,0.017115344,0.0065792577,0.0019755903,0.0076336178,-0.00032893035,0.0068960393,0.0013072299,0.0068864525,0.0014012707,0.0068215417,0.0018308188,0.020365496
2026-05-08,0.0041632395,-0.01638114,0.0041609118,-0.016381646,0.0054861141,-0.019759586,-0.00082255661,-0.019720002,0.0046025756,-0.016055198,0.013366267,-0.02591282,0.003901969,-0.016137722,0.0039023401,-0.016140018,0.0043896267,-0.013316843,0.0010682123,-0.019886363,0.0037835167,-0.015766993,0.010441906,-0.012149682,0.006927348,-0.02103041,0.0069185178,-0.021031248,0.010009619,-0.024705855,0.0051344988,-0.030406353,0.0077897517,-0.020878553,0.01220969,-0.01858479,0.0054887677,-0.021780423,0.0054919549,-0.021780178,0.0050572417,-0.018652664,0.0062374478,-0.018125539,0.0053543606,-0.021881868,0.012460853,-0.039867955,0.0055879082,-0.015403336,0.0055876776,-0.015403384,0.0068987955,-0.017360886,0.0072706386,-0.024674195,0.0067961586,-0.015037635,0.0016510436,-0.023912874,-0.0044432386,0.0036741105,0.011227793,0.007648748,-0.016066744,0.009102189,-0.011244646,0.0074828461,-0.017208874,0.01039348,-0.023158377,0.0087971108,-0.015936173,-0.0071647544
2026-05-11,0.0019678904,0.02991139,0.0019659401,0.029911775,-0.0010692634,0.033468479,-0.0032484418,0.036199747,0.0022479337,0.029507403,0.0075632185,0.043969455,0.00091502345,0.032584025,0.00091624488,0.032586166,-0.00084550754,0.030359392,-0.0025814766,0.049165329,0.0008090656,0.032650268,0.0063577846,0.024315796,0.0043039978,0.037701285,0.0043019759,0.037701988,0.0015486633,0.040024636,0.002668928,0.051944699,0.0029184618,0.037484919,0.0094523342,0.037137547,-0.0039006532,0.038582159,-0.0038988927,0.038582541,-0.0044612901,0.034599149,0.0013683053,0.037536887,-0.0037651505,0.038862524,0.0010579596,0.062919531,0.0004807273,0.028309964,0.00048456584,0.02831005,-0.0037376389,0.028233771,0.0018301057,0.03992545,-0.00050294348,0.028334884,0.0025769478,0.041153338,0.024824488,0.003597248,0.010609282,0.0040505996,0.03195943,-0.0001025483,0.02864679,0.0038656132,0.032673,-0.0017247125,0.032388367,0.0018458737,0.031864812,-0.001030934
2026-05-12,-0.0019529843,-0.0024570665,-0.0019510757,-0.0024572755,-0.0016355745,-0.00064921741,0.0041546003,-0.0093252349,-0.002372627,-0.0021419131,-0.0087304757,-0.010884534,-0.0029682376,-0.0061025333,-0.0029697459,-0.0061029493,-0.005462081,-0.0075480075,0.0017134809,-0.0095197439,-0.0019750798,-0.0063602126,-0.0055870771,-0.010962054,-0.004330677,-0.0030565385,-0.00432824,-0.0030567665,-0.0056143215,-0.0044822747,-0.0056215918,-0.00015060436,-0.0040065406,-0.0027569125,0.0032503757,-0.0096243071,-0.0021825997,-0.0025922007,-0.0021836129,-0.0025950789,-0.0024293876,-0.0032955525,-0.0068004951,-0.0060700742,-0.0022699802,-0.002598091,-0.010511197,0.0039131466,-0.0022332739,-0.0022786183,-0.0022314708,-0.0022786204,-0.0014093271,-0.0046081307,-0.0036648737,-0.0072552783,-0.0027149125,-0.0017423695,-0.0020569222,-0.0042294735,0.0038078752,-0.0055828681,0.0055885798,-0.0073437226,-0.0065743262,-0.006441291,-0.0046278206,-0.0065353785,-0.0065245918,-0.010139437,-0.0059341605,-0.0076867712,-0.006813696,-0.00051599894
2026-05-13,0.0097641819,0.001124254,0.009769022,0.0011240368,0.013321926,-0.00049070017,0.0022489424,-0.0033043837,0.0097418526,0.0013958829,-0.00092705968,-0.011771912,0.0081944735,-0.0029996966,0.0081925691,-0.003000264,0.010702072,-0.0026467559,0.0078938309,-0.011613706,0.0080783714,-0.0033232864,-0.003240547,0.00073624717,0.0083304087,-0.0017724819,0.0083331745,-0.0017728788,0.013260117,-0.0038249359,0.014600814,-0.00645805,0.0089898436,-0.001628748,4.9210544e-05,-0.0061333197,0.014011809,-0.002835009,0.014011716,-0.0028359437,0.013499577,-0.0016408642,0.0029425631,-0.00073003251,0.013876258,-0.0029258266,0.0073162037,-0.015835078,0.011361374,0.0019571124,0.011358061,0.0019570917,0.015291309,0.00035743316,0.0039388013,-0.0039848798,0.012283191,0.0021882224,0.0039800768,-0.0092590996,-0.010991762,0.005552028,0.00074132346,0.0058702062,-0.0012762587,0.0073347509,-0.0017001556,0.0052593426,-0.0022193134,0.010442854,-0.0052052817,0.0073004274,-0.0012222695,-0.013939085
2026-05-14,0.0085027147,0.028720927,0.0085035225,0.028721771,0.0093821632,0.030792592,0.010891621,0.027171498,0.0075692955,0.028454231,0.0042138767,0.031789255,0.0077341323,0.025545207,0.0077298767,0.025548472,0.0069369128,0.022046744,0.014212113,0.026896311,0.0085060699,0.024756078,0.0033149931,0.022278619,0.0070469067,0.034040973,0.0070527715,0.034041821,0.0074011247,0.037022422,-0.00057598068,0.041505503,0.0070420052,0.033602907,0.0093548495,0.021337426,0.0068270755,0.031791112,0.0068257854,0.031792217,0.0059256158,0.027924518,-0.00016083997,0.034626706,0.0069428311,0.031985288,-0.00018303355,0.042435951,0.0080319433,0.027879672,0.0080304055,0.027879773,0.0075144634,0.028593787,0.0021358976,0.033595822,0.0082386083,0.027602439,0.0094641364,0.030131018,0.0078803624,0.0054396773,0.02559785,0.0034000423,0.027768558,0.0046093241,0.022589197,0.0037146942,0.027704583,0.0016179155,0.029650783,0.0030513361,0.027506994,0.0057591966
2026-05-15,-0.0040518618,-0.033284817,-0.0040501442,-0.033284986,-0.0024908783,-0.037840099,-8.348666e-05,-0.041466159,-0.0041600027,-0.032928109,-0.0089605406,-0.041768631,-0.0017463589,-0.030050733,-0.0017461802,-0.0300541,-0.0021383928,-0.025662872,-0.0069488805,-0.033841602,-0.00069544596,-0.02928985,-0.0046949103,-0.027637352,-0.0039970973,-0.040566975,-0.0039975325,-0.040567517,-0.0017909321,-0.042736509,0.0017655658,-0.053632632,-0.0022256861,-0.040774105,-0.0084715243,-0.040462924,0.00099530438,-0.04277085,0.00099534729,-0.042768884,0.0015997952,-0.039652248,-0.0041850804,-0.03756772,0.00075862182,-0.042915758,-0.0030545464,-0.057378387,-0.002151657,-0.032288137,-0.0021526573,-0.03228816,0.0016416971,-0.033036571,-0.0016223976,-0.046786862,-0.0014251554,-0.032202459,-0.0049472679,-0.041086181,-0.020374336,-0.0042953541,-0.013891669,-0.00557854,-0.031434374,-0.0024025485,-0.023706743,-0.0050692879,-0.031884179,-0.00068484146,-0.035189907,-0.0030785156,-0.031277206,-0.0067673487
2026-05-18,-0.0064697694,-0.0097035971,-0.0064733932,-0.0097034788,-0.0064529961,-0.010631487,-0.0054401764,-0.011481528,-0.0061597803,-0.0096835223,-0.0027834248,-0.010898954,-0.0050633955,-0.010302521,-0.0050638039,-0.010302486,-0.0060565915,-0.010510041,-0.010595108,-0.014383881,-0.005030732,-0.010404947,-0.0073360128,-0.008309353,-0.0060497226,-0.010230415,-0.0060478308,-0.010230473,-0.0074827073,-0.010485806,-0.0062675814,-0.011913818,-0.0057359613,-0.010392808,-0.0041258787,-0.013936335,-0.0061864656,-0.01128421,-0.0061867509,-0.011282987,-0.0058538459,-0.010979656,-0.0074647203,-0.0088289231,-0.0061499858,-0.01125588,-0.0082611101,-0.017142084,-0.0062962302,-0.0096796032,-0.0062969904,-0.00967959,-0.0065937966,-0.0096869043,-0.007432104,-0.012940017,-0.0062527783,-0.0096921733,-0.0099081303,-0.012774439,-0.0089662754,-0.004331374,0.019594916,-0.0087512229,-0.011142657,-0.008500569,-0.012128482,-0.0081168694,-0.011497619,-0.0094802048,-0.011675846,-0.0089825618,-0.01088963,-0.0052410409
2026-05-19,0.027474066,0.0035209569,0.027483,0.0035205185,0.031138187,-0.00015139339,0.021142393,-0.0016142063,0.0265868,0.0036376089,0.0088090881,-0.0084832482,0.020109087,0.0013776111,0.020111987,0.0013758964,0.021985224,0.0038705303,0.013904416,-0.015066885,0.020354422,0.0012748405,0.0076492036,0.00076360292,0.019092926,-0.0039490534,0.019099948,-0.0039493411,0.023109141,-0.004115524,0.010050147,-0.019465304,0.019657713,-0.0037571522,0.0041813642,-0.0001495653,0.029335564,-0.0031719691,0.029333936,-0.0031720364,0.029640907,0.00082475725,0.022482756,-0.0040958961,0.029310667,-0.0035344978,0.013926613,-0.033351552,0.027221651,0.0048900942,0.027219667,0.0048899897,0.029089457,0.0070759917,0.0182978,-0.0025647365,0.028262571,0.0043937287,0.011606546,-0.010731454,-0.012870269,0.010675156,-1.7136138e-06,0.011040443,-0.00090014463,0.013286162,-0.0051517077,0.01062328,-0.0016591758,0.014048464,-0.0027098857,0.012974515,-0.00099317886,-0.018967365
2026-05-20,-0.017027495,-0.016725312,-0.017029547,-0.016725142,-0.018832066,-0.01648706,-0.013658024,-0.014415655,-0.016939857,-0.016685452,-0.0067580176,-0.014768653,-0.01358985,-0.015682715,-0.013591711,-0.015682201,-0.011115034,-0.015740071,-0.0019694741,-0.014101343,-0.013814593,-0.015623457,-0.006459488,-0.011155707,-0.012848589,-0.015117927,-0.012841955,-0.015118092,-0.015419337,-0.015999579,-0.0080043169,-0.01324981,-0.01310489,-0.015151529,-0.0066860591,-0.016729956,-0.017699954,-0.016429215,-0.017700424,-0.01642883,-0.01791369,-0.016724325,-0.010841206,-0.014100007,-0.017542509,-0.016334089,-0.007874,-0.013053491,-0.017004053,-0.016698141,-0.017005754,-0.016698125,-0.018782863,-0.017310621,-0.0091117846,-0.016240648,-0.01689734,-0.016561824,-0.0096653581,-0.013615468,-0.0036003759,-0.0091872994,0.0048184639,-0.010319123,-0.015174813,-0.010761919,-0.013225348,-0.010102222,-0.015307958,-0.01207191,-0.015362311,-0.011441442,-0.015127966,-0.0064447214
2026-05-21,-0.0050408322,0.015583339,-0.0050483096,0.015583404,-0.008889498,0.018270935,0.0016673435,0.023589228,-0.0042413649,0.015228671,0.010320233,0.032004676,-0.0015907223,0.017876918,-0.0015894285,0.017878147,-0.0059113695,0.016676361,0.0043376221,0.032070702,-0.0017051856,0.018045557,0.010014649,0.015865919,-0.00062530363,0.021349846,-0.00062470314,0.021350415,-0.0068812189,0.02317807,0.0031234631,0.0332375,-0.0014760058,0.021284898,0.015482217,0.027997637,-0.0094802499,0.023318774,-0.0094791948,0.023318468,-0.0094260197,0.020383421,-0.0066145055,0.02104562,-0.0093806305,0.023496741,0.0016902787,0.04725572,-0.0062508249,0.014286951,-0.0062470674,0.014287004,-0.010139699,0.014049102,-0.0062083721,0.024270348,-0.0079456657,0.014322107,0.0088212182,0.026238695,0.038082082,0.0018924664,0.03934804,0.00218221,0.01623136,-0.00019464003,0.015560329,0.0032672182,0.016977167,-0.0043834077,0.01857149,-0.00064333891,0.016089698,0.036216267
2026-05-22,-0.0031288284,0.0096517153,-0.0031328418,0.0096512982,-0.0037826216,0.011948188,-0.0029816609,0.016851161,-0.0022843784,0.0095388521,0.0064123773,0.017104636,-0.0016031725,0.010988014,-0.0016007304,0.010987979,-0.0021378403,0.011261297,0.0032255725,0.019565886,-0.0026667132,0.011283891,-0.00019963008,0.0050624923,-0.0028893586,0.012563832,-0.0028891668,0.012563963,-0.0050218422,0.012565213,-0.0078228315,0.020810147,-0.0038002901,0.01292709,0.003848486,0.020896533,-0.0057203131,0.015557875,-0.005720534,0.015555069,-0.0057908491,0.014200247,-0.0013227136,0.010748019,-0.0055267323,0.015575932,-0.00086155186,0.031951218,-0.0045206218,0.0091786291,-0.0045200001,0.009178621,-0.0071709927,0.007901984,-0.0033534843,0.015672749,-0.005162326,0.0094293802,0.0011406522,0.015654528,0.022493347,0.0021966412,0.038004943,-0.0017739852,0.0074178156,-0.0037540674,0.0085879215,-0.0015393183,0.0080010184,-0.0059211163,0.0096728637,-0.0039548458,0.0070646707,0.015127813
2026-05-25,0.0014307118,0.00029446101,0.0014216802,0.00029468631,-0.0011026197,0.00050440082,0.015162751,0.0046687734,0.0025720775,-3.2755524e-05,0.013498346,0.0097008604,0.0037119009,0.0006010528,0.0037092485,0.00060222711,-0.00079295825,0.00063906919,0.00091831119,0.0035110669,0.0034779382,0.00041750532,0.0038456204,0.0019291269,0.0026189682,0.00096980733,0.0026200735,0.00097046262,-0.003635413,0.0042562423,0.0070190957,0.00025144994,0.0020477134,0.0008695507,0.015179583,0.0077898421,-0.0034283775,0.0017787211,-0.0034279454,0.0017790862,-0.003971494,0.0011600916,0.00078095308,0.00011977718,-0.0032925179,0.0016808584,0.0098137666,0.0035185697,-0.00016177793,0.00016669755,-0.00015858909,0.00016668991,-0.0037885005,0.0031837826,0.010011538,0.0083565759,-0.0022335332,-0.00053276687,0.016131318,0.0060834684,0.033218259,0.006225953,0.051768139,-0.00043383799,0.0029757481,0.0045857896,-0.00022880424,0.0025487793,0.0036482416,-0.006748919,0.0062474727,-0.0025852303,0.0025812704,0.035971199
2026-05-26,-0.0053389405,0.0013295829,-0.0053407339,0.0013297525,-0.005673475,0.0028627164,4.0677102e-05,-0.00084632488,-0.0049820337,0.0012619206,-0.00072533402,0.0017746573,-0.0012761989,-0.00068095176,-0.0012713999,-0.00068040095,-0.0035367613,-0.0033411271,-0.0074173349,-0.0013504966,-0.0006297054,-0.0010268689,-0.0017004297,0.0047331227,-0.004205613,0.0024308043,-0.0042066681,0.0024311022,-0.0056044349,0.0038038956,-0.0031752979,0.0057351733,-0.0042665963,0.0022730089,-0.00032830734,-0.0023285765,-0.0044131738,0.0030741857,-0.0044133119,0.0030746246,-0.0041215544,0.0017992395,0.0020738374,0.00069294,-0.00443404,0.0031537088,-0.00044003117,0.0077468662,-0.0051288908,0.00059571391,-0.0051288057,0.00059574624,-0.0048278052,0.00097733189,0.0072744444,0.0010065335,-0.0058358519,0.00061904099,-0.001806431,0.0042313989,0.0044503739,-0.0039030687,-0.010819243,-0.0025161308,0.0029083764,0.0014918912,0.00075780046,-0.0020959162,0.0029866083,-0.0020506859,0.0034815848,-0.0024446677,0.0028717282,-0.0069444857
2026-05-27,0.0037324476,0.00082872773,0.0037223993,0.00082854668,0.003239904,0.00038512893,0.01222657,-0.0047063449,0.0048436117,0.00096949733,0.0083815263,9.2190634e-05,0.0074746477,0.0011871248,0.0074786979,0.0011856534,0.0037272504,0.00095563351,-0.0024130795,-0.00042900172,0.0084846797,0.0014378916,0.005377967,-0.00078301234,0.005013962,-0.00023382979,0.0050152233,-0.00023405576,0.00016216865,-0.0015535423,0.0077833525,0.00026466691,0.0055432489,-0.00036990396,0.013834811,-0.005740924,0.0032838399,-3.069506e-05,0.0032829379,-2.9851206e-05,0.0032579382,9.0246223e-05,0.0087978601,0.00060174543,0.0033326029,5.6344213e-05,0.0052975622,0.0015614084,0.003488991,0.00036636087,0.0034894461,0.00036638857,0.0024339897,-0.0015093123,0.010812282,-0.0084729685,0.0024468439,0.0008209118,0.0058104822,-0.0033659225,0.014823905,0.006998845,0.037143342,0.0020535177,-0.0044278258,0.0044591396,-0.00095710679,0.0038580736,-0.004434352,-0.00089297596,-0.0042295479,0.0011811651,-0.0040847905,0.024475594
2026-05-28,-0.0025118293,-0.0094450762,-0.0025057754,-0.0094454376,-0.00037223803,-0.0095901418,-0.0029524901,-0.010842736,-0.0030614856,-0.0089875931,-0.0067174203,-0.017772947,-0.0027637096,-0.011554371,-0.0027680026,-0.011555133,-0.00035713531,-0.010356735,0.00021176052,-0.015339573,-0.0022357579,-0.011535463,-0.0085628902,-0.012673717,-0.0016512481,-0.010849222,-0.0016480866,-0.010850002,0.0011130844,-0.014847628,0.0016113961,-0.0105686,-0.0010929301,-0.010367588,-0.004462326,-0.012121626,0.00035773445,-0.011965436,0.00035798942,-0.011968554,0.00042381146,-0.011007466,-0.0089017972,-0.010986162,0.00031527159,-0.012013241,-0.0050450745,-0.013206938,-0.0010611179,-0.0083074204,-0.0010630446,-0.0083074558,0.00096321902,-0.011687076,-0.006295144,-0.01258048,-9.3960921e-05,-0.0076621652,-0.0084049249,-0.013633051,-0.018779177,-0.0036091234,0.0062806779,-0.0031667113,-0.010460243,-0.0021870852,-0.007996598,-0.0033118323,-0.01124608,-0.0014636581,-0.013529621,-0.0025498265,-0.010310795,-0.019990292
2026-05-29,0.0082830817,0.01953471,0.0082840001,0.019534403,0.010223737,0.021445937,0.0090856539,0.02732681,0.0073110245,0.019532049,0.014942448,0.029402727,0.0083346719,0.019256434,0.0083319127,0.01925699,0.011824367,0.018604705,0.017571141,0.024159906,0.00836709,0.019277392,0.015967271,0.020341494,0.010786669,0.022913863,0.010795273,0.02291364,0.012944836,0.02141707,0.017957689,0.032111361,0.011020297,0.023264198,0.017910406,0.030313881,0.0055216142,0.024366554,0.0055232348,0.024364397,0.0043745173,0.023552971,0.012432593,0.022342848,0.0058327271,0.02445402,0.022629547,0.037205114,0.0078390918,0.019311094,0.007839011,0.019311088,0.0047183795,0.017405257,0.011324102,0.026363735,0.008656862,0.019728677,0.018455827,0.023712279,0.026622955,0.0048407425,0.0026340964,0.01488734,0.017858818,0.014592016,0.018546145,0.01469585,0.018321987,0.012255758,0.020323584,0.013837793,0.018373858,0.04875628
2026-06-01,0.027759405,0.034771707,0.027764708,0.034771548,0.028597514,0.036550663,0.020244844,0.031786991,0.027625022,0.034886433,0.033091645,0.037214284,0.020351219,0.035599993,0.020350025,0.035599429,0.022768303,0.034913434,0.041268814,0.041874433,0.01990247,0.035866238,0.026582193,0.030340419,0.028943512,0.036736166,0.028948404,0.036736044,0.030406587,0.035491903,0.022470918,0.044642276,0.028518857,0.036817348,0.027270158,0.0351072,0.022508015,0.037455491,0.022509637,0.037454354,0.021572988,0.036069172,0.01962565,0.035960333,0.022783207,0.03759441,0.028480121,0.053119717,0.026445398,0.034172235,0.026446403,0.03417227,0.022161809,0.031570411,0.013900388,0.033295613,0.027037801,0.034765267,0.023876942,0.037926346,0.029839449,0.015513295,0.034642972,0.0301449,0.034235459,0.020409442,0.032470861,0.028410858,0.033899899,0.025384656,0.031573948,0.027907477,0.034744655,0.00094869937
2026-06-02,0.01257809,0.016735613,0.012586524,0.016735123,0.017941125,0.018400056,0.0065983298,0.016590215,0.011996829,0.01710295,0.014369534,0.01409331,0.011302824,0.016260459,0.011298633,0.016259437,0.018641783,0.01657568,0.025320774,0.019308786,0.010923973,0.016553655,0.0074944134,0.010667042,0.012813387,0.017954113,0.012817416,0.017953488,0.019004986,0.014138259,0.0080992233,0.025403965,0.013294809,0.018414937,0.01007949,0.017088927,0.012206519,0.0184984,0.012207148,0.018494967,0.010800744,0.017896566,0.010135655,0.0171007,0.012595207,0.018584428,0.021360476,0.032723063,0.01253628,0.016897104,0.012533132,0.016897105,0.011062512,0.012221659,0.009885564,0.013884513,0.0143367,0.017867839,0.009346939,0.017187937,0.0093058752,0.0075634845,0.022092804,0.016069242,0.012581634,0.013413859,0.017809247,0.014744312,0.012506333,0.016332408,0.011825229,0.015505008,0.012830637,0.0018957459
2026-06-03,0.0017599308,0.0054245425,0.0017620303,0.0054252511,-0.0011235846,0.0064963766,-0.00026453243,0.010607065,0.0020328263,0.0050441759,0.012075993,0.010703551,0.0043246306,0.0059337804,0.0043249583,0.0059365155,0.0096132666,0.003444018,0.014385405,0.0032789023,0.0031364009,0.005386101,0.011578144,0.020833041,0.0045706173,0.0078761801,0.004568761,0.0078766721,0.0034341962,0.011560646,0.018144573,0.0063073182,0.0037634726,0.0076143775,0.0055463157,0.0077349562,0.00018613531,0.0072859921,0.00018403874,0.007288485,-0.00066509662,0.0071460083,0.023616378,0.0063494058,0.0004458955,0.0073093116,0.016884094,0.0026961162,0.00075093936,0.0051421127,0.0007473811,0.0051421027,-0.0016974043,0.010314395,0.015028918,0.015062279,0.00017473545,0.0042557425,0.015722112,0.014137185,0.022285575,0.0068847545,-0.0025828611,0.012631033,0.011490179,0.0075120656,0.0070913071,0.011378503,0.012164412,0.016828293,0.016721548,0.012666045,0.011378837,0.017975437
2026-06-04,-0.0013781366,-0.0050207645,-0.00137818,-0.0050209391,-0.00079731181,-0.005643036,-0.00088300965,-0.0060406347,-0.0010217528,-0.0048869847,-0.0036333443,-0.013011471,-0.00063442177,-0.0053155332,-0.00063226119,-0.0053160249,-0.00092357113,-0.0053035691,-0.0073727093,-0.011011484,-0.00055903272,-0.0053303674,-0.0022901048,-0.0056729627,-0.00098484767,-0.0064787994,-0.00099302685,-0.0064792775,0.0023230572,-0.0080230881,-0.006175821,-0.011362739,-0.001429,-0.0063319652,-0.010301555,-0.0093756411,0.0028475538,-0.0064304281,0.0028478509,-0.0064303194,0.0043382778,-0.0046890681,0.0088567189,-0.0066433636,0.0025936054,-0.0064584601,0.00016078793,-0.017718269,-2.9181541e-05,-0.0046139102,-2.8156841e-05,-0.0046139512,0.0033662088,-0.0045858973,0.0033718983,-0.008637871,-0.00014530859,-0.0044992681,-0.0055370088,-0.0076107161,-0.01527911,0.0043658572,-0.027543279,0.0052605169,-0.0047869496,0.0018917452,-0.0035259425,0.003293685,-0.0054533882,0.0094129125,-0.0074760605,0.0074313609,-0.0050056341,-0.013940532
2026-06-05,-0.0033278767,-0.024915385,-0.0033301926,-0.024915029,-0.0018277253,-0.02812127,0.004195339,-0.031996548,-0.0038718709,-0.024891075,-0.0097837165,-0.030775379,-0.0041835994,-0.024441414,-0.0041858155,-0.024442128,-0.0046871153,-0.022696822,-0.011749756,-0.029593893,-0.0033250937,-0.024420241,-0.0043238567,-0.019585377,-0.0047612743,-0.029364602,-0.0047623475,-0.029364423,-0.0054478563,-0.02811633,-0.0069232338,-0.040457084,-0.003979126,-0.029776898,-0.0020538797,-0.032133928,-0.0033984513,-0.031782215,-0.0033977465,-0.031779567,-0.0036470374,-0.03044538,-0.008525209,-0.027346688,-0.0033907831,-0.031907472,0.0027595625,-0.046338718,-0.0029054001,-0.024342365,-0.002904941,-0.024342361,-0.0028176235,-0.022303972,-0.00064054011,-0.031040017,-0.0025879143,-0.024870568,-0.0062306586,-0.031186916,-0.014476241,-0.0070366247,0.017453349,-0.011317048,-0.02129446,0.00013233011,-0.021265851,-0.0091477933,-0.021892862,-0.011056556,-0.024091265,-0.010148145,-0.021547724,-0.018378852
