date,stock_id,predicted,actual
2025-11-26,1216,0.025876664,-0.0585106382978724
2025-11-27,1216,0.027992135,-0.08355091383811997
2025-11-28,1216,0.029286454,-0.08235294117647052
2025-12-01,1216,0.031742163,-0.08366013071895428
2025-12-02,1216,0.03158638,-0.07529722589167775
2025-12-03,1216,0.031218633,-0.06374501992031867
2025-12-04,1216,0.032026824,-0.06340819022457067
2025-12-05,1216,0.03330683,-0.06544502617801051
2025-12-08,1216,0.030471772,-0.06507304116865864
2025-12-09,1216,0.03105597,-0.06149732620320847
2025-12-10,1216,0.030734854,-0.07333333333333336
2025-12-11,1216,0.030142626,-0.061579651941097824
2025-12-12,1216,0.03140519,-0.05607476635514019
2025-12-15,1216,0.030961886,-0.05059920106524629
2025-12-16,1216,0.0270995,-0.03614457831325302
2025-12-17,1216,0.026028186,-0.06501950585175553
2025-12-18,1216,0.03835708,-0.10126582278481011
2025-12-19,1216,0.056192815,-0.08290816326530615
2025-12-22,1216,0.059485592,-0.06940874035989708
2025-12-23,1216,0.047604144,-0.06209573091849929
2025-12-24,1216,0.04446908,-0.07270408163265307
2025-12-26,1216,0.047817186,-0.10559006211180122
2025-12-29,1216,0.0445899,-0.09798994974874364
2025-12-30,1216,0.045207676,-0.07455012853470433
2025-12-31,1216,0.041384324,-0.06485084306095978
2026-01-02,1216,0.040490124,-0.0620155038759691
2026-01-05,1216,0.035917442,-0.051948051948051965
2026-01-06,1216,0.03597309,-0.03543307086614178
2026-01-07,1216,0.03593623,-0.03585657370517936
2026-01-08,1216,0.033476226,-0.04761904761904756
2026-01-09,1216,0.029114803,-0.038512616201859085
2026-01-12,1216,0.029321427,-0.04894179894179884
2026-01-13,1216,0.030211283,-0.06044678055190533
2026-01-14,1216,0.029965468,-0.06622516556291391
2026-01-15,1216,0.031859104,-0.07105263157894748
2026-01-16,1216,0.031032257,-0.07161803713527859
2026-01-19,1216,0.031723484,-0.07228915662650615
2026-01-20,1216,0.029948832,-0.06577181208053695
2026-01-21,1216,0.02794886,-0.06998654104979818
2026-01-22,1216,0.02679437,-0.07287449392712542
2026-01-23,1216,0.029910468,-0.05706521739130421
2026-01-26,1216,0.027719708,-0.004081632653061162
2026-01-27,1216,0.029432004,0.012328767123287676
2026-01-28,1216,0.033597954,0.005502063273727487
2026-01-29,1216,0.030722193,0.03867403314917128
2026-01-30,1216,0.03151174,0.04323570432357027
2026-02-02,1216,0.028773023,0.0572625698324023
2026-02-03,1216,0.027846586,0.030344827586207046
2026-02-04,1216,0.028188504,0.03744798890429957
2026-02-05,1216,0.028847383,0.0013642564802183177
2026-02-06,1216,0.029677993,-0.01482479784366586
2026-02-09,1216,0.029691027,-0.023224043715847076
2026-02-10,1216,0.030630833,-0.024657534246575352
2026-02-11,1216,0.029938444,-0.03542234332425076
2026-02-23,1216,0.029914109,-0.06524633821571224
2026-02-24,1216,0.034607016,-0.043243243243243246
2026-02-25,1216,0.034504376,-0.038821954484605126
2026-02-26,1216,0.043070145,0.016551724137931156
2026-03-02,1216,0.037590235,0.008152173913043681
2026-03-03,1216,0.03483569,-0.008119079837618504
2026-03-04,1216,0.035827003,0.027932960893854775
2026-03-05,1216,0.03565821,0.03651685393258419
2026-03-06,1216,0.031974565,0.013908205841446364
2025-11-26,1301,0.11242253,0.19873418423518108
2025-11-27,1301,0.16842967,0.11913358891795855
2025-11-28,1301,0.13675863,0.13205281338877795
2025-12-01,1301,0.12396021,0.10381862682067067
2025-12-02,1301,0.19080669,0.04718066588316172
2025-12-03,1301,0.18524104,0.06841503944621974
2025-12-04,1301,0.15036696,0.08528038661679727
2025-12-05,1301,0.11539494,0.1221826881461694
2025-12-08,1301,0.105798446,0.15990453282368433
2025-12-09,1301,0.12579593,0.18114143796281268
2025-12-10,1301,0.11882399,0.12437184757040676
2025-12-11,1301,0.12633634,0.13048933932895546
2025-12-12,1301,0.13421297,0.1441102846299811
2025-12-15,1301,0.13071325,0.1601466763347117
2025-12-16,1301,0.13803819,0.16811957463231653
2025-12-17,1301,0.13984744,0.2092731941808983
2025-12-18,1301,0.15584233,0.15762924433547587
2025-12-19,1301,0.16223553,0.16625000063092976
2025-12-22,1301,0.1670802,0.14321296167089703
2025-12-23,1301,0.15344709,0.18453865154600124
2025-12-24,1301,0.16461164,0.18742137741861176
2025-12-26,1301,0.17703673,0.19245281629280053
2025-12-29,1301,0.17903697,0.18860761722598962
2025-12-30,1301,0.19808629,0.3145779906543129
2025-12-31,1301,0.2469463,0.3923076885246024
2026-01-02,1301,0.23888028,0.3602080652524422
2026-01-05,1301,0.26631808,0.4342105329571557
2026-01-06,1301,0.27119553,0.3979057676021418
2026-01-07,1301,0.19710001,0.2939729414094101
2026-01-08,1301,0.2102358,0.2422062287422051
2026-01-09,1301,0.2164517,0.26585364664612987
2026-01-12,1301,0.20906085,0.2289156822864491
2026-01-13,1301,0.23793545,0.24875622077947512
2026-01-14,1301,0.24474776,0.22533495808794135
2026-01-15,1301,0.25412542,0.199530521883323
2026-01-16,1301,0.2395263,0.18604650944405043
2026-01-19,1301,0.21805853,0.17848968449144675
2026-01-20,1301,0.19983268,0.1981131913752423
2026-01-21,1301,0.16550535,0.22580644616609713
2026-01-22,1301,0.18264163,0.1628440193853118
2026-01-23,1301,0.21328038,0.11599099618857034
2026-01-26,1301,0.27240026,-0.005122943083533449
2026-01-27,1301,0.28829855,-0.034313732573298616
2026-01-28,1301,0.27092493,-0.07115008804877376
2026-01-29,1301,0.22432199,-0.04868152924645497
2026-01-30,1301,0.18046835,-0.02536998309972527
2026-02-02,1301,0.15681276,0.031602706128777136
2026-02-03,1301,0.11411495,0.021134584175752202
2026-02-04,1301,0.13297245,-0.019210238036547644
2026-02-05,1301,0.11685781,-0.038135599473449466
2026-02-06,1301,0.13024178,0.0
2026-02-09,1301,0.10762264,-0.030010715933415866
2026-02-10,1301,0.10178692,-0.013215861283764285
2026-02-11,1301,0.080464035,-0.03763441653892485
2026-02-23,1301,0.095097445,-0.03400638875882611
2026-02-24,1301,0.106175214,-0.07304526058729788
2026-02-25,1301,0.21524304,-0.11142322260223991
2026-02-26,1301,0.18913472,-0.03100776331223709
2026-03-02,1301,0.21146917,0.003944787117169168
2026-03-03,1301,0.12652236,0.04104103946308579
2026-03-04,1301,0.11577797,0.08200211224810405
2026-03-05,1301,0.12179997,0.03164558566055553
2026-03-06,1301,0.16990185,-0.08665337641955428
2025-11-26,1303,0.12633175,0.4500978615962088
2025-11-27,1303,0.19108778,0.3825622827975772
2025-11-28,1303,0.23956084,0.3966101565595248
2025-12-01,1303,0.24216747,0.2684124536442909
2025-12-02,1303,0.23454556,0.29658384538343396
2025-12-03,1303,0.24193856,0.31757753632056196
2025-12-04,1303,0.23706773,0.3485804466650686
2025-12-05,1303,0.17052281,0.3596214619534317
2025-12-08,1303,0.19335306,0.3280757107791181
2025-12-09,1303,0.17525312,0.26247985853834055
2025-12-10,1303,0.14408904,0.20195439046421493
2025-12-11,1303,0.14654976,0.2070116965334876
2025-12-12,1303,0.09554175,0.24386253189753315
2025-12-15,1303,0.0827795,0.2363636493486414
2025-12-16,1303,0.09818635,0.27491408893176783
2025-12-17,1303,0.12887174,0.4181184739134396
2025-12-18,1303,0.09133733,0.287456451909597
2025-12-19,1303,0.14934683,0.3138564339321728
2025-12-22,1303,0.10522753,0.2764900692549417
2025-12-23,1303,0.12733363,0.3690476265748779
2025-12-24,1303,0.099540636,0.46471600093122145
2025-12-26,1303,0.08474237,0.48173912973577204
2025-12-29,1303,0.09941504,0.3901192506591893
2025-12-30,1303,0.05854044,0.46998284036437177
2025-12-31,1303,0.13475594,0.47840530324849384
2026-01-02,1303,0.13719374,0.5526315863699207
2026-01-05,1303,0.15494955,0.6276978344131288
2026-01-06,1303,0.11223526,0.488964352779792
2026-01-07,1303,0.16992968,0.32457496047197676
2026-01-08,1303,0.21115741,0.31940298279143575
2026-01-09,1303,0.16639581,0.4442649263586884
2026-01-12,1303,0.16859582,0.316846994467032
2026-01-13,1303,0.16036743,0.3810289377379974
2026-01-14,1303,0.11912314,0.3848580502136647
2026-01-15,1303,0.18691799,0.28407460783055116
2026-01-16,1303,0.24453932,0.24119242041078004
2026-01-19,1303,0.24303964,0.12846347699496907
2026-01-20,1303,0.26034147,0.157068058144767
2026-01-21,1303,0.20733252,0.27544097019974667
2026-01-22,1303,0.23497963,0.2056555258966264
2026-01-23,1303,0.2165654,0.17120621716144546
2026-01-26,1303,0.23500884,0.08445532670580591
2026-01-27,1303,0.20386899,0.14949747617756048
2026-01-28,1303,0.21785498,0.10683230243180986
2026-01-29,1303,0.17419866,0.12191957335863424
2026-01-30,1303,0.111029476,0.12384717002901247
2026-02-02,1303,0.13642088,0.2082152915436566
2026-02-03,1303,0.13366055,0.15342465549781537
2026-02-04,1303,0.1639803,0.05283504775852976
2026-02-05,1303,0.14013645,0.08456376208251726
2026-02-06,1303,0.24521852,0.18775510583525223
2026-02-09,1303,0.20475861,0.11153845930881356
2026-02-10,1303,0.17370084,0.19642858178050826
2026-02-11,1303,0.17858845,0.1522842730861882
2026-02-23,1303,0.20841762,0.14234450028184464
2026-02-24,1303,0.21008754,-0.0033039696327700208
2026-02-25,1303,0.21473151,0.0337197089357395
2026-02-26,1303,0.17375973,0.1710239588101956
2026-03-02,1303,0.121721,0.25698323464126016
2026-03-03,1303,0.20515656,0.3294117576129789
2026-03-04,1303,0.14506099,0.3997477970413177
2026-03-05,1303,0.15485048,0.26820388604060263
2026-03-06,1303,0.14516306,0.18469015738011674
2025-11-26,2002,0.028791592,0.05509641873278248
2025-11-27,2002,0.028409207,0.05494505494505497
2025-11-28,2002,0.029512715,0.06849315068493156
2025-12-01,2002,0.030192219,0.040322580645161255
2025-12-02,2002,0.030943822,0.013262599469495928
2025-12-03,2002,0.035688773,0.005249343832020914
2025-12-04,2002,0.03613297,0.0185185185185186
2025-12-05,2002,0.03748866,0.03208556149732633
2025-12-08,2002,0.03863794,0.010752688172043001
2025-12-09,2002,0.03913572,0.05420054200542013
2025-12-10,2002,0.03911576,0.040983606557376984
2025-12-11,2002,0.037950385,0.04632152588555849
2025-12-12,2002,0.03464991,0.029333333333333433
2025-12-15,2002,0.037972294,0.04221635883905006
2025-12-16,2002,0.03586848,0.05660377358490565
2025-12-17,2002,0.03768775,0.040760869565217295
2025-12-18,2002,0.036987796,0.03561643835616435
2025-12-19,2002,0.03569524,0.0344827586206895
2025-12-22,2002,0.03429756,0.037234042553191404
2025-12-23,2002,0.03348258,0.048387096774193505
2025-12-24,2002,0.03507968,0.07547169811320753
2025-12-26,2002,0.0326851,0.07161803713527837
2025-12-29,2002,0.038850512,0.049738219895287816
2025-12-30,2002,0.04209037,0.049350649350649256
2025-12-31,2002,0.039133504,0.07894736842105265
2026-01-02,2002,0.040763326,0.07200000000000006
2026-01-05,2002,0.04292973,0.07258064516129026
2026-01-06,2002,0.04375875,0.08648648648648649
2026-01-07,2002,0.048236303,0.020565552699228995
2026-01-08,2002,0.049429413,0.031331592689295196
2026-01-09,2002,0.046926185,0.02894736842105261
2026-01-12,2002,0.04951665,-0.020460358056266115
2026-01-13,2002,0.04675263,-0.023136246786632397
2026-01-14,2002,0.044108186,-0.03350515463917514
2026-01-15,2002,0.044483073,-0.0359897172236503
2026-01-16,2002,0.04088433,-0.012987012987012991
2026-01-19,2002,0.048026927,-0.04580152671755722
2026-01-20,2002,0.048376277,-0.028720626631853596
2026-01-21,2002,0.05196713,-0.01846965699208436
2026-01-22,2002,0.043342426,-0.010526315789473606
2026-01-23,2002,0.041576326,-0.015665796344647376
2026-01-26,2002,0.046052713,-0.04580152671755722
2026-01-27,2002,0.04060336,-0.03875968992248058
2026-01-28,2002,0.04238318,-0.056122448979591955
2026-01-29,2002,0.061759,-0.11111111111111116
2026-01-30,2002,0.10582174,-0.11807228915662649
2026-02-02,2002,0.100583635,-0.13981042654028453
2026-02-03,2002,0.071536854,-0.11864406779661019
2026-02-04,2002,0.06033732,-0.13126491646778038
2026-02-05,2002,0.044285454,-0.13603818615751784
2026-02-06,2002,0.039277308,-0.10784313725490191
2026-02-09,2002,0.04064104,-0.10810810810810823
2026-02-10,2002,0.04034549,-0.02682926829268295
2026-02-11,2002,0.033358976,-0.06698564593301426
2026-02-23,2002,0.0321847,-0.06601466992665028
2026-02-24,2002,0.03154748,-0.08937198067632846
2026-02-25,2002,0.03571196,-0.1011764705882352
2026-02-26,2002,0.030980926,-0.07951807228915653
2026-03-02,2002,0.036182135,-0.06419753086419755
2026-03-03,2002,0.039197125,-0.032418952618453956
2026-03-04,2002,0.05408436,0.0026041666666667407
2026-03-05,2002,0.070885986,0.0
2026-03-06,2002,0.044996724,-0.06281407035175879
2025-11-26,2059,0.087212235,-0.11764705882352944
2025-11-27,2059,-0.010901727,-0.15117891816920948
2025-11-28,2059,-0.0010212883,-0.1205766710353866
2025-12-01,2059,0.060989834,-0.049132947976878616
2025-12-02,2059,0.10917175,0.0
2025-12-03,2059,0.06338751,-0.036284470246734424
2025-12-04,2059,0.078535356,-0.04011461318051579
2025-12-05,2059,0.07715932,-0.014450867052023142
2025-12-08,2059,0.071274586,0.011315417256011262
2025-12-09,2059,0.075256646,-0.027142857142857135
2025-12-10,2059,0.16569467,-0.05947441217150762
2025-12-11,2059,0.040864132,-0.07973856209150332
2025-12-12,2059,0.04666844,-0.03342245989304815
2025-12-15,2059,0.09058909,-0.0027586206896551557
2025-12-16,2059,0.07403463,0.0027855153203342198
2025-12-17,2059,0.040922686,-0.023977433004231274
2025-12-18,2059,0.06436302,-0.09801136363636365
2025-12-19,2059,0.29348242,-0.05601092896174864
2025-12-22,2059,0.16415557,-0.10321715817694366
2025-12-23,2059,0.06737514,-0.1487935656836461
2025-12-24,2059,0.041406248,-0.10646900269541781
2025-12-26,2059,0.041519295,-0.11246612466124661
2025-12-29,2059,0.15754944,-0.10889774236387784
2025-12-30,2059,0.04738888,-0.11889035667107006
2025-12-31,2059,0.022188563,-0.08133333333333337
2026-01-02,2059,0.228859,-0.005780346820809301
2026-01-05,2059,0.17362428,0.07488299531981268
2026-01-06,2059,0.16166297,0.13572542901716078
2026-01-07,2059,0.091281585,0.15053763440860224
2026-01-08,2059,0.1400634,0.22187004754358153
2026-01-09,2059,0.05709249,0.1870286576168929
2026-01-12,2059,0.09792062,0.06537890044576522
2026-01-13,2059,0.07453927,0.14826021180030247
2026-01-14,2059,0.08123683,0.18385650224215255
2026-01-15,2059,0.059692763,0.1705882352941177
2026-01-16,2059,0.12088635,0.21994134897360706
2026-01-19,2059,0.068765536,0.18126888217522663
2026-01-20,2059,0.047447234,0.11401098901098905
2026-01-21,2059,0.02412659,0.17613636363636354
2026-01-22,2059,0.14802197,0.26255380200860823
2026-01-23,2059,0.20190978,0.3557422969187676
2026-01-26,2059,0.05940205,0.52
2026-01-27,2059,0.090293154,0.5816618911174785
2026-01-28,2059,0.10063186,0.6109467455621302
2026-01-29,2059,0.14458153,0.6380655226209049
2026-01-30,2059,0.07652231,0.5955414012738853
2026-02-02,2059,0.10308805,0.5856443719412725
2026-02-03,2059,0.051019568,0.5346215780998389
2026-02-04,2059,0.09545932,0.44715447154471555
2026-02-05,2059,0.088518314,0.490066225165563
2026-02-06,2059,0.13946834,0.6565143824027073
2026-02-09,2059,0.14664128,0.7491408934707904
2026-02-10,2059,0.11859101,0.696763202725724
2026-02-11,2059,0.18695319,0.6617161716171618
2026-02-23,2059,0.10265511,0.6237623762376239
2026-02-24,2059,0.12205272,0.504
2026-02-25,2059,0.06568645,0.5074404761904763
2026-02-26,2059,0.019742403,0.5137880986937591
2026-03-02,2059,0.07609596,0.48391812865497075
2026-03-03,2059,0.14108309,0.6310975609756098
2026-03-04,2059,0.0671492,0.6876971608832807
2026-03-05,2059,0.26418164,0.6927710843373494
2026-03-06,2059,0.06232795,0.9282371294851794
2025-11-26,2207,0.039026976,-0.1652892558850192
2025-11-27,2207,0.03648965,-0.16777408611118627
2025-11-28,2207,0.03565044,-0.16557377018639274
2025-12-01,2207,0.037261162,-0.15959252927861334
2025-12-02,2207,0.03787812,-0.17062818314374628
2025-12-03,2207,0.037169836,-0.17918088732039927
2025-12-04,2207,0.037132774,-0.10204081654364827
2025-12-05,2207,0.034642704,-0.14795918301307032
2025-12-08,2207,0.03325616,-0.18265993267618463
2025-12-09,2207,0.03373582,-0.16074450043708066
2025-12-10,2207,0.034560785,-0.19565217417835512
2025-12-11,2207,0.036056146,-0.1832770270552887
2025-12-12,2207,0.03434975,-0.16134453742049804
2025-12-15,2207,0.034339048,-0.15780730851267322
2025-12-16,2207,0.03619683,-0.16666666637560057
2025-12-17,2207,0.037885826,-0.14700854632612448
2025-12-18,2207,0.038896967,-0.17350427334128427
2025-12-19,2207,0.028256504,-0.15404474988206207
2025-12-22,2207,0.0386168,-0.14674868275465924
2025-12-23,2207,0.036026806,-0.14273049724380782
2025-12-24,2207,0.031591788,-0.11832740247523332
2025-12-26,2207,0.030257698,-0.11319073108293476
2025-12-29,2207,0.029169353,-0.09608540918004715
2025-12-30,2207,0.03039352,-0.10431654684353286
2025-12-31,2207,0.031794325,-0.07090909035763382
2026-01-02,2207,0.03101584,-0.06227106155062023
2026-01-05,2207,0.028726,-0.06010928885992717
2026-01-06,2207,0.029559972,-0.05850091328579732
2026-01-07,2207,0.032512017,-0.0680147052693415
2026-01-08,2207,0.032745328,-0.03896103971467013
2026-01-09,2207,0.028179077,-0.0459558832337047
2026-01-12,2207,0.02908597,-0.06851851791069363
2026-01-13,2207,0.027081864,-0.0878003694506595
2026-01-14,2207,0.026503826,-0.12567325003172147
2026-01-15,2207,0.029813249,-0.12228260911651834
2026-01-16,2207,0.031287063,-0.12408759169915495
2026-01-19,2207,0.031874906,-0.12084870888813348
2026-01-20,2207,0.030867059,-0.12244898002607185
2026-01-21,2207,0.03497596,-0.09811320751005348
2026-01-22,2207,0.035631314,-0.09541984723711328
2026-01-23,2207,0.03130492,-0.07590132779648506
2026-01-26,2207,0.029905014,-0.08801498103940897
2026-01-27,2207,0.031177588,-0.12269372737380901
2026-01-28,2207,0.032635167,-0.13443830637026366
2026-01-29,2207,0.03351059,-0.12476894687290319
2026-01-30,2207,0.032764282,-0.13878676544924673
2026-02-02,2207,0.035847932,-0.11531190956454007
2026-02-03,2207,0.0339709,-0.123574142971835
2026-02-04,2207,0.031804584,-0.1059160306520619
2026-02-05,2207,0.030759264,-0.10460652600389164
2026-02-06,2207,0.029429886,-0.11068702311340217
2026-02-09,2207,0.029375881,-0.12830188538203124
2026-02-10,2207,0.030319562,-0.13602251281983424
2026-02-11,2207,0.029899368,-0.15846994456649954
2026-02-23,2207,0.032573707,-0.15027322499844786
2026-02-24,2207,0.035229545,-0.18425760256864032
2026-02-25,2207,0.03708481,-0.1328545787119234
2026-02-26,2207,0.03915172,-0.19059829077041957
2026-03-02,2207,0.039963506,-0.17999999996373572
2026-03-03,2207,0.03949371,-0.11818181852647891
2026-03-04,2207,0.039998002,-0.07347328191494817
2026-03-05,2207,0.036084883,-0.04255319033087124
2026-03-06,2207,0.037075132,-0.07617187639599643
2025-11-26,2301,0.12255039,-0.0599369089630748
2025-11-27,2301,-0.00219322,-0.018987342873138635
2025-11-28,2301,0.026865875,0.0
2025-12-01,2301,0.005903922,0.0031446510681023554
2025-12-02,2301,0.029645566,0.04374999614287067
2025-12-03,2301,0.008842107,0.031249995427114596
2025-12-04,2301,0.09882387,0.03703703936434399
2025-12-05,2301,-0.008220378,0.062499997216504566
2025-12-08,2301,0.0077534057,0.017964072236075213
2025-12-09,2301,-0.012206685,0.02436635930169917
2025-12-10,2301,0.007336464,-0.017138136780086022
2025-12-11,2301,-0.0034981407,0.014648231140527601
2025-12-12,2301,-0.0046501197,0.04449082617407263
2025-12-15,2301,-0.015501812,0.03476215598769383
2025-12-16,2301,-0.002740074,0.02132368642941218
2025-12-17,2301,0.1387195,-0.01497974656700507
2025-12-18,2301,-0.0017662048,-0.0772648259012827
2025-12-19,2301,0.123664156,-0.05862256607183569
2025-12-22,2301,0.1362826,-0.1265988729499341
2025-12-23,2301,0.22591808,-0.11006208213160218
2025-12-24,2301,0.13328597,-0.03739349235683043
2025-12-26,2301,0.04777721,-0.029018885664110927
2025-12-29,2301,0.10682443,-0.003629103617545093
2025-12-30,2301,0.041074667,-0.03544762041974603
2025-12-31,2301,0.07013174,-0.019392408563136287
2026-01-02,2301,0.08534527,-0.030800673058339112
2026-01-05,2301,0.040366262,-0.03308427666271907
2026-01-06,2301,0.009906936,-0.03278486742489639
2026-01-07,2301,0.141335,0.027303191029095286
2026-01-08,2301,-0.030508146,0.08099590293098013
2026-01-09,2301,-0.02477149,0.1197604761084119
2026-01-12,2301,0.13121942,0.017964070744629135
2026-01-13,2301,-0.025129765,0.05532055078443432
2026-01-14,2301,0.10853456,0.048442039207331256
2026-01-15,2301,-0.022988029,0.06423516796268403
2026-01-16,2301,-0.0024686866,0.0547579554934825
2026-01-19,2301,-0.03014385,0.03669960958704577
2026-01-20,2301,-0.032568283,0.08099590293098013
2026-01-21,2301,-0.025121808,0.08119165074216772
2026-01-22,2301,0.21293357,0.06397374490076913
2026-01-23,2301,0.11617818,0.20439353766578927
2026-01-26,2301,0.13601214,0.2435010232459045
2026-01-27,2301,0.08039706,0.34527404986056465
2026-01-28,2301,0.07196234,0.3838410165071755
2026-01-29,2301,0.054618828,0.2892179726299451
2026-01-30,2301,0.0023647025,0.28486928863342187
2026-02-02,2301,0.005015418,0.2970321045001707
2026-02-03,2301,0.17836282,0.2388712346255184
2026-02-04,2301,0.10159615,0.21158260058255118
2026-02-05,2301,0.2342405,0.2547714221035564
2026-02-06,2301,0.033691727,0.26549332806855097
2026-02-09,2301,0.1792678,0.21451621462754544
2026-02-10,2301,0.114174426,0.3047145150728563
2026-02-11,2301,0.0871131,0.35823061352785324
2026-02-23,2301,0.11866256,0.3572854264986409
2026-02-24,2301,0.14178893,0.2126135333751804
2026-02-25,2301,0.094664454,0.24329465873987233
2026-02-26,2301,0.32371306,0.37984147169031046
2026-03-02,2301,-0.0024790838,0.3703362510613102
2026-03-03,2301,-0.0008908808,0.5423698086415711
2026-03-04,2301,0.019953284,0.626778600905201
2026-03-05,2301,0.037346266,0.45423438403917316
2026-03-06,2301,0.019597998,0.398900309421383
2025-11-26,2303,0.027900934,0.3135313419827257
2025-11-27,2303,0.028768143,0.3144722623237901
2025-11-28,2303,0.029057039,0.3580785998077185
2025-12-01,2303,0.030185299,0.30322580221799345
2025-12-02,2303,0.02907143,0.26059322257609274
2025-12-03,2303,0.028346274,0.2736842170629774
2025-12-04,2303,0.02905933,0.26458332476898194
2025-12-05,2303,0.027598035,0.24948875842621665
2025-12-08,2303,0.025294805,0.1906693670118902
2025-12-09,2303,0.026015079,0.165322589244701
2025-12-10,2303,0.026136346,0.14893615924974557
2025-12-11,2303,0.026100019,0.16135662552309138
2025-12-12,2303,0.028327141,0.2110655675774562
2025-12-15,2303,0.028641649,0.19140225057643634
2025-12-16,2303,0.029003045,0.17479676838868152
2025-12-17,2303,0.0283667,0.1309523908026764
2025-12-18,2303,0.027521715,0.12326043713453827
2025-12-19,2303,0.02947875,0.13214990961110296
2025-12-22,2303,0.029035019,0.05304517662941666
2025-12-23,2303,0.027386628,0.16599998392939175
2025-12-24,2303,0.028802216,0.2145015161442143
2025-12-26,2303,0.03106309,0.2012012037083457
2025-12-29,2303,0.030894278,0.24874118996865624
2025-12-30,2303,0.031704143,0.21414142020204308
2025-12-31,2303,0.031303898,0.21218272914469183
2026-01-02,2303,0.03022684,0.2751539971163297
2026-01-05,2303,0.03037021,0.4082474075894418
2026-01-06,2303,0.031535856,0.483739848239259
2026-01-07,2303,0.032864064,0.42144176507387066
2026-01-08,2303,0.090707846,0.4431818155549403
2026-01-09,2303,0.05956928,0.4264972724841254
2026-01-12,2303,0.046642303,0.3309222515942454
2026-01-13,2303,0.042640522,0.357012744009765
2026-01-14,2303,0.039690726,0.3462962917617789
2026-01-15,2303,0.039994195,0.372943318333095
2026-01-16,2303,0.042827737,0.27350428197475996
2026-01-19,2303,0.046666324,0.23679999705765464
2026-01-20,2303,0.054494865,0.19764013007525616
2026-01-21,2303,0.047957126,0.21491228200616486
2026-01-22,2303,0.03478419,0.3520710114816046
2026-01-23,2303,0.02333997,0.4891975294108266
2026-01-26,2303,0.039515417,0.317460328409944
2026-01-27,2303,0.05226953,0.24671917107076924
2026-01-28,2303,0.053366512,0.376811595173977
2026-01-29,2303,0.047474876,0.43859649722835825
2026-01-30,2303,0.03915246,0.7307692113344797
2026-02-02,2303,0.028362995,0.8121911146657497
2026-02-03,2303,0.024003811,0.8256579047522687
2026-02-04,2303,0.029586613,0.8284789598206486
2026-02-05,2303,0.029264241,0.7560975654128093
2026-02-06,2303,0.027039895,0.8739903082739726
2026-02-09,2303,0.019596798,0.8269230609364269
2026-02-10,2303,0.020712266,1.0032051076732542
2026-02-11,2303,0.02483427,1.0780254725231617
2026-02-23,2303,0.018127501,1.2456964142019213
2026-02-24,2303,0.024705542,1.103703703368847
2026-02-25,2303,0.018364962,1.2061068466396723
2026-02-26,2303,0.020983575,1.2324159095601677
2026-03-02,2303,0.020460704,1.1937984640371373
2026-03-03,2303,0.018199138,1.0846645228032017
2026-03-04,2303,0.016502699,1.083333343222069
2026-03-05,2303,0.03000403,1.1175523447023794
2026-03-06,2303,0.028929906,0.9516129011089964
2025-11-26,2308,0.2505148,0.2910052912754457
2025-11-27,2308,0.057294242,0.36942675194579855
2025-11-28,2308,0.04725003,0.5021459233809626
2025-12-01,2308,0.19630677,0.40801644397598724
2025-12-02,2308,0.11459571,0.4004044492610237
2025-12-03,2308,0.08714381,0.3640922768274577
2025-12-04,2308,0.07493211,0.4414414415048977
2025-12-05,2308,0.10884841,0.49642492310593744
2025-12-08,2308,0.071914345,0.4862104185744369
2025-12-09,2308,0.05679847,0.5190525233681629
2025-12-10,2308,0.059296302,0.4566115699132238
2025-12-11,2308,0.14441651,0.49735449737138215
2025-12-12,2308,0.11644898,0.6524520267402873
2025-12-15,2308,0.10105713,0.6431670290698903
2025-12-16,2308,0.1145691,0.675915648474942
2025-12-17,2308,0.10056476,0.6685393247005351
2025-12-18,2308,0.032854114,0.5488215488405424
2025-12-19,2308,0.07668932,0.6190998897993165
2025-12-22,2308,0.19198027,0.5005246583352438
2025-12-23,2308,0.05694083,0.606574761099095
2025-12-24,2308,0.120472044,0.7434554968972333
2025-12-26,2308,0.057736468,0.7207112970920275
2025-12-29,2308,0.06575251,0.8035343044749637
2025-12-30,2308,0.050017346,0.8106139443299121
2025-12-31,2308,0.051290818,0.8172377978882472
2026-01-02,2308,0.14121172,0.7939698494848402
2026-01-05,2308,0.11598904,0.82673267430202
2026-01-06,2308,0.14390391,0.7523809521256559
2026-01-07,2308,0.06644461,0.8446601950843813
2026-01-08,2308,0.046184536,0.9950495059753339
2026-01-09,2308,0.05118365,0.985221675955037
2026-01-12,2308,0.15447384,0.8767772501010538
2026-01-13,2308,0.054380924,1.01456310768679
2026-01-14,2308,0.14946988,0.9056603770364167
2026-01-15,2308,0.058129005,1.0334928217790385
2026-01-16,2308,0.2359147,0.9244444449170262
2026-01-19,2308,0.07086846,0.9330357147064297
2026-01-20,2308,0.07347894,0.964601770131932
2026-01-21,2308,0.085276835,0.9074889873576766
2026-01-22,2308,0.27624923,0.7751004014442946
2026-01-23,2308,0.10618256,0.8095238091439045
2026-01-26,2308,0.09518736,0.7886178859263753
2026-01-27,2308,0.10819468,0.7959999997040608
2026-01-28,2308,0.14965963,0.7148437502208755
2026-01-29,2308,0.057965964,0.725099601753183
2026-01-30,2308,0.06777915,0.7663934425148908
2026-02-02,2308,0.0887121,0.7659574473545836
2026-02-03,2308,0.20703447,0.6625514400806731
2026-02-04,2308,0.048378184,0.5826446275499055
2026-02-05,2308,0.21743172,0.6652173916045863
2026-02-06,2308,0.06453569,0.7500000006499326
2026-02-09,2308,0.09481789,0.7754237293008686
2026-02-10,2308,0.047727697,0.932489451877675
2026-02-11,2308,0.18985471,0.8650793651426827
2026-02-23,2308,0.11722357,0.9310344831836082
2026-02-24,2308,0.21606869,0.7256317685678983
2026-02-25,2308,0.16325016,0.7038327523789243
2026-02-26,2308,0.030830808,0.6923076921454712
2026-03-02,2308,0.031395648,0.6561403509440227
2026-03-03,2308,0.14703442,0.8320895524963272
2026-03-04,2308,0.17857328,0.932270915967679
2026-03-05,2308,0.20069495,0.7228464421111345
2026-03-06,2308,0.033831857,0.7083333335871791
2025-11-26,2317,0.047475763,-0.07268722601854516
2025-11-27,2317,0.04264718,-0.09307359189640196
2025-11-28,2317,0.027145784,-0.02882483547485115
2025-12-01,2317,0.02654237,-0.03378378685529759
2025-12-02,2317,0.028541911,-0.03378378685529759
2025-12-03,2317,0.037259758,-0.0462555045795211
2025-12-04,2317,0.032672286,-0.07221006700638777
2025-12-05,2317,0.036483206,-0.09090909131435343
2025-12-08,2317,0.028715674,-0.11637931388428635
2025-12-09,2317,0.025677882,-0.136170213903415
2025-12-10,2317,0.0048145056,-0.16059957323600693
2025-12-11,2317,0.049191065,-0.13716814183485904
2025-12-12,2317,-0.01126121,-0.11894273059806626
2025-12-15,2317,0.0031742454,-0.09480812694605711
2025-12-16,2317,-0.008756928,-0.08486238459520734
2025-12-17,2317,-0.01848258,-0.10392609697572075
2025-12-18,2317,-0.021526136,-0.13194444355054502
2025-12-19,2317,0.003037572,-0.11060947911252472
2025-12-22,2317,-0.0114952475,-0.13839285712233407
2025-12-23,2317,-0.01952666,-0.14285714417062767
2025-12-24,2317,-0.024432935,-0.10044642870482945
2025-12-26,2317,-0.019534953,-0.11308203948603579
2025-12-29,2317,-0.0076628663,-0.13203463357848932
2025-12-30,2317,-0.024921127,-0.1228070180192854
2025-12-31,2317,-0.017653845,-0.09978308309977091
2026-01-02,2317,-0.022305422,-0.10560345083001199
2026-01-05,2317,-0.021359317,-0.11727078686203396
2026-01-06,2317,0.0028983094,-0.12711864306938214
2026-01-07,2317,-0.01984594,-0.12997903578424153
2026-01-08,2317,0.028113842,-0.08061002116085059
2026-01-09,2317,-0.020004652,-0.04121475161800203
2026-01-12,2317,-0.025285728,-0.015317284482570193
2026-01-13,2317,-0.025654607,-0.02207505721497549
2026-01-14,2317,0.010984454,-0.027718547466180632
2026-01-15,2317,-0.016389862,-0.03426124334878622
2026-01-16,2317,-0.017264701,-0.040511723895395146
2026-01-19,2317,-0.01206103,-0.04357298428999967
2026-01-20,2317,0.0025795698,0.01789708782633581
2026-01-21,2317,0.0021700077,0.09360730824420882
2026-01-22,2317,0.008798286,0.12751677725565957
2026-01-23,2317,-0.0028011315,0.1444695274390988
2026-01-26,2317,0.00426881,0.11607142647806223
2026-01-27,2317,0.0019160546,0.1175166306129245
2026-01-28,2317,-0.001849696,0.10864744835914708
2026-01-29,2317,-0.008515831,0.12053571352635584
2026-01-30,2317,-0.010005876,0.10884354218044345
2026-02-02,2317,0.007241793,0.1585081580605312
2026-02-03,2317,-0.00023059547,0.1478060009939275
2026-02-04,2317,0.005621273,0.11872146399991945
2026-02-05,2317,-0.0068254396,0.1136890932428094
2026-02-06,2317,-0.0048992783,0.1511627900850463
2026-02-09,2317,0.008142814,0.1441647580969101
2026-02-10,2317,0.0015444532,0.18099547317337827
2026-02-11,2317,0.0140635,0.1409691643745128
2026-02-23,2317,0.010533065,0.1553610495688995
2026-02-24,2317,0.011234004,0.13362068944471805
2026-02-25,2317,0.046214998,0.17241379238317678
2026-02-26,2317,0.033845328,0.2078189311223877
2026-03-02,2317,0.031308547,0.2615062741855858
2026-03-03,2317,0.036704283,0.3493449739243959
2026-03-04,2317,0.03713259,0.3502304150527047
2026-03-05,2317,0.041136447,0.2700892859708257
2026-03-06,2317,0.033449624,0.20852017962068947
2025-11-26,2327,0.029356293,0.07112069061886195
2025-11-27,2327,0.020928167,0.09533898100741522
2025-11-28,2327,0.014328375,0.12553191376287964
2025-12-01,2327,0.016972179,0.09825327310215304
2025-12-02,2327,0.020030137,0.13406593250913335
2025-12-03,2327,0.021471417,0.1182795700787933
2025-12-04,2327,0.023412934,0.2118644046096445
2025-12-05,2327,0.023412418,0.18354430476575279
2025-12-08,2327,0.0200366,0.16033755202536848
2025-12-09,2327,0.017520951,0.13152401079140374
2025-12-10,2327,0.027720165,0.030549898885579685
2025-12-11,2327,0.043341164,0.06144067541633236
2025-12-12,2327,0.038298562,0.09473684014112838
2025-12-15,2327,0.033917736,0.13419913701147612
2025-12-16,2327,0.03495717,0.165919282592224
2025-12-17,2327,0.03342562,0.16742081439715184
2025-12-18,2327,0.030927418,0.11697247795432708
2025-12-19,2327,0.034081772,0.1328828820245631
2025-12-22,2327,0.03399583,0.08849557427471821
2025-12-23,2327,0.028692959,0.15056179950243087
2025-12-24,2327,0.029989637,0.22022472233588974
2025-12-26,2327,0.03209863,0.25669643234513084
2025-12-29,2327,0.028810767,0.28089887757429977
2025-12-30,2327,0.026462907,0.3458980015428075
2025-12-31,2327,0.024920367,0.3506493516685887
2026-01-02,2327,0.027046435,0.3360995861547176
2026-01-05,2327,0.034631327,0.33196721326700795
2026-01-06,2327,0.034308236,0.24852071022373723
2026-01-07,2327,0.035866614,0.26284584837049296
2026-01-08,2327,0.036898687,0.35999999847333153
2026-01-09,2327,0.03322511,0.30641821959985105
2026-01-12,2327,0.031598814,0.19191919117930056
2026-01-13,2327,0.031496063,0.14011516344463115
2026-01-14,2327,0.036123347,0.09515260375750656
2026-01-15,2327,0.040473044,0.19378427856603309
2026-01-16,2327,0.035741407,0.1378091863108215
2026-01-19,2327,0.034094855,0.0727580395145988
2026-01-20,2327,0.0386607,0.18307426298950924
2026-01-21,2327,0.041281044,0.2558558570329803
2026-01-22,2327,0.03559596,0.1418918934552602
2026-01-23,2327,0.039978534,0.27444253934614826
2026-01-26,2327,0.030997217,0.3554007003123012
2026-01-27,2327,0.031859748,0.32711864588482387
2026-01-28,2327,0.04223912,0.4693520155983113
2026-01-29,2327,0.035951093,0.5162454892285724
2026-01-30,2327,0.027976006,0.6648648650610522
2026-02-02,2327,0.03963063,0.765503878178112
2026-02-03,2327,0.028123002,0.8799249549179622
2026-02-04,2327,0.027541151,0.861423221044423
2026-02-05,2327,0.026180543,1.0155038781781118
2026-02-06,2327,0.025552986,1.301810864587678
2026-02-09,2327,0.024362598,1.5160000043026605
2026-02-10,2327,0.025395764,1.7204724402579856
2026-02-11,2327,0.024468364,1.5820312488320094
2026-02-23,2327,0.031749748,1.490230905156046
2026-02-24,2327,0.028927207,1.4651162779025224
2026-02-25,2327,0.0309708,1.4599999993956936
2026-02-26,2327,0.029483229,1.6510067063964207
2026-03-02,2327,0.029801182,1.8972602715156124
2026-03-03,2327,0.031378724,1.923351156405121
2026-03-04,2327,0.03778491,1.8687258713533783
2026-03-05,2327,0.026510488,1.874766357518916
2026-03-06,2327,0.022417098,1.833962263448178
2025-11-26,2330,0.14671683,0.2611342592618551
2025-11-27,2330,0.057141386,0.2934959351057356
2025-11-28,2330,0.06534741,0.3517129632329383
2025-12-01,2330,0.0953554,0.3413356967819674
2025-12-02,2330,0.11652101,0.3085431235901439
2025-12-03,2330,0.14211972,0.2766551730869107
2025-12-04,2330,0.053264007,0.3026676903829135
2025-12-05,2330,0.11463835,0.3134151040548765
2025-12-08,2330,0.18825018,0.24563389673847258
2025-12-09,2330,0.037884153,0.2514571669950314
2025-12-10,2330,0.16148314,0.21060358833266113
2025-12-11,2330,0.0904553,0.23530978401291947
2025-12-12,2330,0.06867271,0.25068890284754897
2025-12-15,2330,0.07005425,0.2731056987922249
2025-12-16,2330,0.10062601,0.27243066921227554
2025-12-17,2330,0.024855483,0.2488164363830203
2025-12-18,2330,0.022502959,0.2347847909750742
2025-12-19,2330,0.008371636,0.3014351068386816
2025-12-22,2330,0.1894972,0.23952585892849854
2025-12-23,2330,0.16314572,0.2523949770090941
2025-12-24,2330,0.023300208,0.308603447409485
2025-12-26,2330,0.0807819,0.29892613698766257
2025-12-29,2330,0.09645093,0.31145443452174626
2025-12-30,2330,-0.0140561685,0.3134820126956184
2025-12-31,2330,0.12033803,0.33013208456101695
2026-01-02,2330,0.119894005,0.31658441477340005
2026-01-05,2330,0.24480808,0.252576413133885
2026-01-06,2330,0.14740053,0.1945003903315492
2026-01-07,2330,0.14093846,0.21289961286030534
2026-01-08,2330,0.08623157,0.2205865982505426
2026-01-09,2330,0.0738947,0.22421929621600345
2026-01-12,2330,0.0792561,0.23478479133785934
2026-01-13,2330,0.09437758,0.28194671003325844
2026-01-14,2330,0.061050303,0.32888297360559315
2026-01-15,2330,0.10608269,0.31492707333059977
2026-01-16,2330,0.1489901,0.2569612420552829
2026-01-19,2330,0.102935,0.21702598962519448
2026-01-20,2330,0.073350504,0.28587183789522963
2026-01-21,2330,0.09824139,0.2973223827146698
2026-01-22,2330,0.06532614,0.28258008315544947
2026-01-23,2330,0.030400267,0.30934277102231555
2026-01-26,2330,0.026492324,0.3091005423252655
2026-01-27,2330,0.09722422,0.2597146105732273
2026-01-28,2330,0.14919132,0.243053439187372
2026-01-29,2330,0.05135111,0.23392967669879328
2026-01-30,2330,0.08247756,0.28304574607459454
2026-02-02,2330,0.05239136,0.28747302307590794
2026-02-03,2330,0.1376139,0.2485046216423481
2026-02-04,2330,-0.0020203665,0.23932444094427452
2026-02-05,2330,0.024377577,0.24199936260044708
2026-02-06,2330,0.04945231,0.2568964572122332
2026-02-09,2330,0.13318077,0.24647782859735812
2026-02-10,2330,0.18754625,0.23273228995896278
2026-02-11,2330,0.13943991,0.18924605725834076
2026-02-23,2330,0.13212478,0.21447583081929444
2026-02-24,2330,0.20655942,0.1717494986063719
2026-02-25,2330,0.15391436,0.17254765456112398
2026-02-26,2330,0.11432438,0.18430251806891929
2026-03-02,2330,0.14579421,0.2089949824139825
2026-03-03,2330,0.28303304,0.2573188156562416
2026-03-04,2330,0.26555926,0.282992709312448
2026-03-05,2330,0.14717945,0.24879797386648939
2026-03-06,2330,0.10778703,0.21824749458281523
2025-11-26,2344,0.028168175,0.8843283637373032
2025-11-27,2344,-0.003500402,0.8541300502091331
2025-11-28,2344,-0.0055772886,0.9655172300240926
2025-12-01,2344,0.01524131,0.8923611169284469
2025-12-02,2344,0.0345187,0.9257950703245783
2025-12-03,2344,0.06380112,1.096774193548387
2025-12-04,2344,0.052239634,1.1366782159774096
2025-12-05,2344,0.005323462,1.0711974055812536
2025-12-08,2344,-0.0034602582,0.7967599405883552
2025-12-09,2344,0.047274254,0.5427769902727313
2025-12-10,2344,0.058629163,0.592592601969276
2025-12-11,2344,0.022538729,0.4546783650225037
2025-12-12,2344,0.016315125,0.31635389780375966
2025-12-15,2344,0.0633646,0.3502109800090025
2025-12-16,2344,0.043454755,0.3156341245420269
2025-12-17,2344,0.040101275,0.26504615976602586
2025-12-18,2344,0.06936377,0.21707720151421128
2025-12-19,2344,0.08728853,0.31258673681716687
2025-12-22,2344,0.018346041,0.2623888927599396
2025-12-23,2344,0.008715816,0.23106934814685243
2025-12-24,2344,0.007087443,0.24968171351859803
2025-12-26,2344,0.012196973,0.19577046263518216
2025-12-29,2344,0.0034977198,0.22223054617143223
2025-12-30,2344,-0.004572943,0.1337424301975565
2025-12-31,2344,0.013341114,0.13788775320253932
2026-01-02,2344,0.0051482245,-0.0014069202256868918
2026-01-05,2344,0.01045296,-0.05686795700884173
2026-01-06,2344,0.0110657215,-0.15134917165154782
2026-01-07,2344,0.007818941,-0.19109209853476106
2026-01-08,2344,-0.0037742592,-0.15597268931449193
2026-01-09,2344,-0.026170202,-0.06876947290656232
2026-01-12,2344,0.02048805,-0.13470896211887895
2026-01-13,2344,-0.022702493,-0.11160540678963926
2026-01-14,2344,0.031663906,-0.054192150765840386
2026-01-15,2344,0.01471962,-0.03225806124728281
2026-01-16,2344,-0.00089648366,-0.12502028286989908
2026-01-19,2344,-0.005237013,-0.22514886525424194
2026-01-20,2344,-0.048794635,-0.15133206438795577
2026-01-21,2344,-0.056358255,-0.058604006358386695
2026-01-22,2344,-0.04465077,0.043713521551082435
2026-01-23,2344,-0.03539727,0.1125908569508558
2026-01-26,2344,-0.003327921,-0.04813973678732997
2026-01-27,2344,-0.032891445,0.02264228363698284
2026-01-28,2344,-0.022436835,-0.0382982257306721
2026-01-29,2344,-0.036599077,-0.056625052773902285
2026-01-30,2344,-0.01551754,0.048261251799635696
2026-02-02,2344,-0.0012865439,0.12222423144170214
2026-02-03,2344,-0.042675808,0.24344308876751564
2026-02-04,2344,-0.03516891,0.08861919874365753
2026-02-05,2344,-0.026813857,0.1327288961181292
2026-02-06,2344,-0.032682747,0.17174702084604743
2026-02-09,2344,-0.032311477,0.16887860890802942
2026-02-10,2344,-0.030092388,0.24804612794028746
2026-02-11,2344,-0.035105713,0.34349023384076394
2026-02-23,2344,-0.030139886,0.354882764092306
2026-02-24,2344,-0.039877877,0.18650759917331072
2026-02-25,2344,-0.024127476,0.3459934294904792
2026-02-26,2344,-0.033405714,0.37860882761472303
2026-03-02,2344,-0.023982696,0.489686488655779
2026-03-03,2344,-0.012715299,0.5860383873293922
2026-03-04,2344,-0.033699296,0.7349979918968925
2026-03-05,2344,-0.040188186,0.4540014915362707
2026-03-06,2344,-0.016426913,0.4535801263202661
2025-11-26,2345,0.18535659,0.38138138138138133
2025-11-27,2345,0.15660207,0.3932038834951457
2025-11-28,2345,0.04548331,0.448780487804878
2025-12-01,2345,0.045577712,0.47549019607843146
2025-12-02,2345,0.1829676,0.35238095238095246
2025-12-03,2345,0.23425266,0.40973630831643004
2025-12-04,2345,0.058931533,0.5077720207253886
2025-12-05,2345,0.1606181,0.6161616161616161
2025-12-08,2345,0.040305614,0.6274309109518936
2025-12-09,2345,0.047226988,0.6180904522613064
2025-12-10,2345,0.17550135,0.4357798165137614
2025-12-11,2345,0.10009989,0.35242290748898686
2025-12-12,2345,0.09634556,0.4588744588744589
2025-12-15,2345,0.24358076,0.38429752066115697
2025-12-16,2345,0.03819289,0.4267241379310345
2025-12-17,2345,0.114423424,0.379746835443038
2025-12-18,2345,0.040213645,0.27966101694915246
2025-12-19,2345,0.039093733,0.41276595744680855
2025-12-22,2345,0.04090444,0.35897435897435903
2025-12-23,2345,0.10870475,0.3628691983122363
2025-12-24,2345,0.047838725,0.4369747899159664
2025-12-26,2345,0.17299011,0.3909465020576133
2025-12-29,2345,0.043760214,0.5102880658436213
2025-12-30,2345,0.023104105,0.5294117647058822
2025-12-31,2345,0.040767632,0.5949367088607596
2026-01-02,2345,0.03572353,0.7205240174672489
2026-01-05,2345,0.19588524,0.7172995780590716
2026-01-06,2345,0.23166794,0.6693548387096775
2026-01-07,2345,0.03759537,0.6639004149377594
2026-01-08,2345,0.23821867,0.7312252964426877
2026-01-09,2345,0.031875826,0.8106995884773662
2026-01-12,2345,0.03655204,0.7261410788381744
2026-01-13,2345,0.028469102,0.8135593220338984
2026-01-14,2345,0.19664916,0.7901234567901234
2026-01-15,2345,0.0695968,0.8508064516129032
2026-01-16,2345,0.026308496,0.7967479674796747
2026-01-19,2345,0.07517006,0.9570815450643777
2026-01-20,2345,0.13794804,1.1139240506329116
2026-01-21,2345,0.019799221,1.1695652173913045
2026-01-22,2345,0.032104217,1.1608695652173915
2026-01-23,2345,0.17812884,1.1787234042553192
2026-01-26,2345,0.01468461,1.0652173913043477
2026-01-27,2345,0.03637141,1.2424242424242422
2026-01-28,2345,0.06628813,1.158119658119658
2026-01-29,2345,0.030555997,1.0811965811965814
2026-01-30,2345,0.013286233,1.399103139013453
2026-02-02,2345,0.16654116,1.1973684210526314
2026-02-03,2345,0.1949755,1.1054852320675104
2026-02-04,2345,0.046524957,1.0168776371308015
2026-02-05,2345,0.07369407,1.0933333333333333
2026-02-06,2345,0.18238354,1.0840336134453783
2026-02-09,2345,0.18573332,0.89272030651341
2026-02-10,2345,0.25442037,0.8273381294964028
2026-02-11,2345,0.432542,0.806896551724138
2026-02-23,2345,0.01321996,0.8714285714285714
2026-02-24,2345,0.050598584,0.7330960854092528
2026-02-25,2345,0.21822348,0.6758620689655173
2026-02-26,2345,0.010101281,0.7928571428571429
2026-03-02,2345,0.04923399,0.7137809187279152
2026-03-03,2345,0.03070666,0.8204225352112675
2026-03-04,2345,0.15864024,0.9233716475095786
2026-03-05,2345,0.22633651,0.7535211267605635
2026-03-06,2345,0.24552047,0.651877133105802
2025-11-26,2357,0.033841625,-0.15522875816993453
2025-11-27,2357,-0.029498406,-0.13093289689034382
2025-11-28,2357,-0.034359768,-0.028286189683860208
2025-12-01,2357,-0.026510127,-0.036484245439469376
2025-12-02,2357,-0.020224057,-0.029654036243822235
2025-12-03,2357,-0.00457203,-0.043831168831168776
2025-12-04,2357,-0.029588312,-0.023064250411861775
2025-12-05,2357,-0.022918157,-0.024630541871921263
2025-12-08,2357,-0.030030899,-0.03986710963455142
2025-12-09,2357,-0.030079395,-0.02348993288590595
2025-12-10,2357,-0.025236987,-0.05378151260504194
2025-12-11,2357,-0.02569019,-0.045608108108108114
2025-12-12,2357,-0.02684158,-0.03911564625850339
2025-12-15,2357,-0.02866964,-0.017123287671233056
2025-12-16,2357,-0.02618406,-0.015358361774744145
2025-12-17,2357,-0.035713233,-0.025996533795493937
2025-12-18,2357,-0.015716985,-0.009025270758122872
2025-12-19,2357,-0.041740216,0.030909090909090997
2025-12-22,2357,-0.04116746,0.00909090909090926
2025-12-23,2357,-0.04295878,0.0073260073260073
2025-12-24,2357,-0.043767586,0.03308823529411753
2025-12-26,2357,-0.038735166,0.03085299455535373
2025-12-29,2357,-0.04071416,0.06445672191528562
2025-12-30,2357,-0.038225256,0.07037037037037042
2025-12-31,2357,-0.02044046,0.05839416058394176
2026-01-02,2357,-0.024887413,0.05225225225225216
2026-01-05,2357,-0.035659686,0.0787545787545787
2026-01-06,2357,-0.035514697,0.11131725417439697
2026-01-07,2357,-0.02724769,0.11418047882136295
2026-01-08,2357,-0.029424943,0.13018867924528288
2026-01-09,2357,-0.028009698,0.1512287334593574
2026-01-12,2357,-0.0001545772,0.09523809523809512
2026-01-13,2357,0.011005539,0.1293436293436292
2026-01-14,2357,0.011950415,0.11363636363636376
2026-01-15,2357,-0.007789027,0.1285988483685221
2026-01-16,2357,0.0023613796,0.15294117647058836
2026-01-19,2357,-0.00094983727,0.13921568627450975
2026-01-20,2357,0.00029731914,0.15882352941176459
2026-01-21,2357,0.0020488352,0.17764471057884235
2026-01-22,2357,0.019276893,0.2309197651663406
2026-01-23,2357,0.010980621,0.24077669902912602
2026-01-26,2357,0.006690383,0.28712871287128716
2026-01-27,2357,0.0031836517,0.36111111111111116
2026-01-28,2357,0.012589566,0.3196078431372549
2026-01-29,2357,0.0015083477,0.3076923076923077
2026-01-30,2357,0.0076811686,0.36895161290322576
2026-02-02,2357,0.009287287,0.2832832832832832
2026-02-03,2357,0.006748546,0.2674650698602794
2026-02-04,2357,0.0062362365,0.2788844621513944
2026-02-05,2357,0.0029740818,0.2749003984063745
2026-02-06,2357,0.010700561,0.2913385826771653
2026-02-09,2357,0.00012603775,0.355864811133201
2026-02-10,2357,0.024511127,0.3479087452471483
2026-02-11,2357,0.017743371,0.33652007648183546
2026-02-23,2357,0.014241047,0.3772102161100199
2026-02-24,2357,0.023433266,0.34368932038834954
2026-02-25,2357,0.023531752,0.44952380952380966
2026-02-26,2357,0.01892261,0.5733082706766917
2026-03-02,2357,0.008569241,0.7358490566037736
2026-03-03,2357,0.0039227456,0.7869481765834931
2026-03-04,2357,0.012294792,0.784
2026-03-05,2357,0.028682852,0.7374517374517373
2026-03-06,2357,0.027635211,0.6015180265654649
2025-11-26,2360,0.02140382,0.5499999991806279
2025-11-27,2360,0.10744192,0.6769420453654038
2025-11-28,2360,0.088203624,0.8253968244195804
2025-12-01,2360,0.036088854,0.9044585983906304
2025-12-02,2360,0.057249896,0.9665809762073136
2025-12-03,2360,0.30312973,0.8012422366473257
2025-12-04,2360,0.057877533,0.8943298970043483
2025-12-05,2360,0.259342,0.9660804025018519
2025-12-08,2360,0.12089359,0.9813664603120584
2025-12-09,2360,0.08554852,0.9616336633756046
2025-12-10,2360,0.06396912,0.8999999991175993
2025-12-11,2360,0.06747997,0.8592964826221503
2025-12-12,2360,0.10510796,1.0186335409406846
2025-12-15,2360,0.052089088,1.1326397903840375
2025-12-16,2360,0.05397165,1.1648793563944038
2025-12-17,2360,0.06864404,1.1959459474560545
2025-12-18,2360,0.06946861,1.0123626357909177
2025-12-19,2360,0.032407604,1.1727395417556616
2025-12-22,2360,0.09582412,1.0304232793840078
2025-12-23,2360,0.0939358,1.0576671038920407
2025-12-24,2360,0.10888907,1.2373540866515382
2025-12-26,2360,0.16380453,1.332065905235178
2025-12-29,2360,0.061307997,1.2855313709427758
2025-12-30,2360,0.108568214,1.3797468339887642
2025-12-31,2360,0.047488365,1.3741935484710472
2026-01-02,2360,0.1813685,1.5376884427203645
2026-01-05,2360,0.11449145,1.52774352547093
2026-01-06,2360,0.23419029,1.6343457951591174
2026-01-07,2360,0.21632233,1.2234273317614535
2026-01-08,2360,0.05535842,1.1891891903088796
2026-01-09,2360,0.050795835,1.1993499455470902
2026-01-12,2360,0.22730023,1.03354297597298
2026-01-13,2360,0.21932214,0.9512195115452133
2026-01-14,2360,0.06679249,0.9464105165446357
2026-01-15,2360,0.08311409,1.1376811581720858
2026-01-16,2360,0.19467008,1.0778564211104422
2026-01-19,2360,0.030869506,1.2315789476924688
2026-01-20,2360,0.29079047,1.2427184468681007
2026-01-21,2360,0.009770371,1.2462311554121919
2026-01-22,2360,0.08679627,1.321782178751659
2026-01-23,2360,0.10273901,1.2682926824948901
2026-01-26,2360,0.037313968,1.1970443342901596
2026-01-27,2360,0.11969831,1.2801932367338038
2026-01-28,2360,0.049772445,1.3574879224605483
2026-01-29,2360,0.025166873,1.3694581272908262
2026-01-30,2360,0.017713059,1.306122449063595
2026-02-02,2360,0.034763113,1.3069001028293812
2026-02-03,2360,0.2930569,1.100961539622347
2026-02-04,2360,0.033160087,0.9951456315717624
2026-02-05,2360,0.023211949,1.1201232025519396
2026-02-06,2360,0.036266267,1.3474663915899057
2026-02-09,2360,0.27754778,1.2038834955258584
2026-02-10,2360,0.0697356,1.365384616261049
2026-02-11,2360,0.06539482,1.3809523817756122
2026-02-23,2360,0.2535708,1.2727272732035222
2026-02-24,2360,0.28521475,1.0979591842144498
2026-02-25,2360,0.15867409,1.0079681266576754
2026-02-26,2360,0.2884408,0.8695652177725739
2026-03-02,2360,0.2165626,0.5973597365140251
2026-03-03,2360,0.04025401,0.8243727600665076
2026-03-04,2360,-0.04661741,0.9552238807318056
2026-03-05,2360,0.3989407,0.8256227760050576
2026-03-06,2360,0.019605078,0.7818181818048469
2025-11-26,2368,0.07267699,0.2475409846214809
2025-11-27,2368,0.048357647,0.3030303029816308
2025-11-28,2368,0.01934372,0.41864139157766433
2025-12-01,2368,-0.0045665987,0.46463022511162233
2025-12-02,2368,-0.010635395,0.5583333335851022
2025-12-03,2368,-0.000466723,0.5432937195249381
2025-12-04,2368,0.0028668642,0.5756013744515212
2025-12-05,2368,0.11725829,0.5385906032585321
2025-12-08,2368,0.0011401437,0.7091836744742956
2025-12-09,2368,0.027044853,0.6577181188774974
2025-12-10,2368,0.20232144,0.5616883115131479
2025-12-11,2368,-0.017392136,0.4726368151227347
2025-12-12,2368,0.17273352,0.49190938357335057
2025-12-15,2368,-0.017118163,0.5223880600504702
2025-12-16,2368,-0.015103973,0.5555555546136601
2025-12-17,2368,-0.014124665,0.5324232102850686
2025-12-18,2368,0.0032635704,0.4601018682311131
2025-12-19,2368,0.21696636,0.5559210510078976
2025-12-22,2368,0.23890725,0.39230769192631487
2025-12-23,2368,0.031507038,0.42396313300608335
2025-12-24,2368,0.15524617,0.4940119770138496
2025-12-26,2368,0.22257575,0.5710186505006223
2025-12-29,2368,0.01591307,0.5638450487102209
2025-12-30,2368,0.013726197,0.5245664732944328
2025-12-31,2368,0.013727002,0.6739446881952276
2026-01-02,2368,0.01663912,0.8118195973455933
2026-01-05,2368,0.011261541,0.8375394333517052
2026-01-06,2368,0.21638611,0.7749244708739678
2026-01-07,2368,-0.0015196502,0.8818040453386198
2026-01-08,2368,0.0005219355,0.938291140009508
2026-01-09,2368,0.018869217,0.9623233906615216
2026-01-12,2368,0.22810626,0.899399400857033
2026-01-13,2368,-0.030163921,1.122137404897046
2026-01-14,2368,0.22244245,1.0943952813620585
2026-01-15,2368,-0.031891532,1.080838323127605
2026-01-16,2368,0.0023864806,1.0088626300508792
2026-01-19,2368,0.039639965,1.2275641021502812
2026-01-20,2368,-0.008614469,1.285714284115754
2026-01-21,2368,-0.02285754,1.4832214741626002
2026-01-22,2368,0.20650733,1.3083067096917755
2026-01-23,2368,0.22675139,1.2445820436332395
2026-01-26,2368,0.22418827,0.9969969982366667
2026-01-27,2368,0.21632147,1.0408163257816128
2026-01-28,2368,0.23109794,0.9305555562354866
2026-01-29,2368,-0.04221157,0.950867051955824
2026-01-30,2368,-0.016820915,1.0399429394009396
2026-02-02,2368,-0.025332555,0.827195466157282
2026-02-03,2368,0.2497004,0.6556291398502048
2026-02-04,2368,0.26080576,0.6122961097481754
2026-02-05,2368,-0.01128383,0.6249999993374509
2026-02-06,2368,-0.0111030005,0.7248322155271771
2026-02-09,2368,0.23655677,0.6687578412523725
2026-02-10,2368,0.2774614,0.6843971631374524
2026-02-11,2368,0.018417083,0.743063932432614
2026-02-23,2368,0.019386776,0.6809290949948128
2026-02-24,2368,0.11490259,0.5666266512611222
2026-02-25,2368,0.046018474,0.5621301783751487
2026-02-26,2368,0.01876824,0.6041162224001337
2026-03-02,2368,0.018417276,0.6200762401939865
2026-03-03,2368,0.018917132,0.8080939957752633
2026-03-04,2368,0.102012806,0.9040902692071566
2026-03-05,2368,0.24572966,0.7866847825008672
2026-03-06,2368,0.24424723,0.7171717170689649
2025-11-26,2382,-0.008435864,0.008944543828264706
2025-11-27,2382,-0.022863448,0.003552397868561208
2025-11-28,2382,-0.02800332,0.024822695035461084
2025-12-01,2382,-0.016348012,0.005226480836237002
2025-12-02,2382,-0.022915535,0.0017331022530329143
2025-12-03,2382,-0.006083101,-0.011965811965811923
2025-12-04,2382,-0.014708314,-0.018675721561969394
2025-12-05,2382,-0.012713682,-0.015126050420168013
2025-12-08,2382,-0.01739297,-0.036974789915966366
2025-12-09,2382,0.14844358,-0.042229729729729715
2025-12-10,2382,0.024502352,-0.042735042735042694
2025-12-11,2382,-0.008074544,-0.02256944444444442
2025-12-12,2382,-0.022617243,-0.005235602094240788
2025-12-15,2382,-0.02007828,0.007017543859649145
2025-12-16,2382,0.024778176,0.05860805860805862
2025-12-17,2382,0.0852141,0.060377358490566024
2025-12-18,2382,0.0023392402,0.07115384615384612
2025-12-19,2382,-0.037740506,0.09622641509433971
2025-12-22,2382,-0.020371556,0.06554307116104874
2025-12-23,2382,-0.0037701726,0.09262759924385633
2025-12-24,2382,-0.031862207,0.1647727272727273
2025-12-26,2382,-0.01787804,0.1901140684410647
2025-12-29,2382,-0.041833587,0.22243346007604559
2025-12-30,2382,-0.030593388,0.21292775665399244
2025-12-31,2382,0.003969826,0.1875
2026-01-02,2382,-0.0027787313,0.11371841155234663
2026-01-05,2382,0.037354723,0.14568345323741005
2026-01-06,2382,0.025286775,0.14539007092198575
2026-01-07,2382,-0.0018200614,0.16666666666666674
2026-01-08,2382,0.07059873,0.24542124542124544
2026-01-09,2382,0.07410501,0.18374558303886923
2026-01-12,2382,0.11427476,0.14795008912655971
2026-01-13,2382,0.039465833,0.1577060931899641
2026-01-14,2382,0.078203574,0.13811188811188813
2026-01-15,2382,0.0689024,0.13427561837455837
2026-01-16,2382,0.108458914,0.11226252158894656
2026-01-19,2382,0.122306526,0.10815602836879434
2026-01-20,2382,0.096773244,0.145945945945946
2026-01-21,2382,0.06409137,0.16727272727272724
2026-01-22,2382,0.03905819,0.22438162544169615
2026-01-23,2382,0.040133607,0.22857142857142865
2026-01-26,2382,0.027352314,0.18641114982578388
2026-01-27,2382,-0.003393501,0.19478260869565212
2026-01-28,2382,0.013737753,0.18466898954703836
2026-01-29,2382,0.019665217,0.20318021201413416
2026-01-30,2382,0.07128872,0.19464285714285712
2026-02-02,2382,0.0125508085,0.1208791208791209
2026-02-03,2382,-0.013585076,0.08499095840867987
2026-02-04,2382,-0.010454584,0.043165467625899234
2026-02-05,2382,-0.013631299,0.06227106227106227
2026-02-06,2382,0.0025087744,0.10196779964221814
2026-02-09,2382,0.0048263595,0.11267605633802824
2026-02-10,2382,-0.011044025,0.11052631578947358
2026-02-11,2382,0.035503767,0.10664335664335667
2026-02-23,2382,0.041450474,0.10052910052910047
2026-02-24,2382,0.0009521693,0.08626760563380276
2026-02-25,2382,0.15392879,0.13949579831932768
2026-02-26,2382,0.11602297,0.2778730703259005
2026-03-02,2382,0.15416723,0.33056478405315604
2026-03-03,2382,0.12484888,0.41595925297113756
2026-03-04,2382,0.09265244,0.43772241992882566
2026-03-05,2382,0.09699809,0.3488773747841105
2026-03-06,2382,0.070695624,0.3027681660899655
2025-11-26,2383,0.048499774,0.47959183673469385
2025-11-27,2383,0.117181025,0.5886287625418061
2025-11-28,2383,0.09122415,0.6065573770491803
2025-12-01,2383,0.034720767,0.7627118644067796
2025-12-02,2383,0.026130041,0.8784722222222223
2025-12-03,2383,0.03355768,0.8076923076923077
2025-12-04,2383,0.03871163,0.894736842105263
2025-12-05,2383,0.2397125,0.806020066889632
2025-12-08,2383,0.03055194,0.9461279461279462
2025-12-09,2383,0.06107729,0.8733333333333333
2025-12-10,2383,0.24331602,0.746875
2025-12-11,2383,0.03397718,0.6833855799373041
2025-12-12,2383,0.047617815,0.7725856697819315
2025-12-15,2383,0.04040475,0.8348909657320873
2025-12-16,2383,0.110244006,0.9464882943143813
2025-12-17,2383,0.040028274,0.8628762541806021
2025-12-18,2383,0.04729121,0.7333333333333334
2025-12-19,2383,0.22657347,0.8451612903225807
2025-12-22,2383,0.22522229,0.7406250000000001
2025-12-23,2383,0.034055103,0.7863777089783281
2025-12-24,2383,0.23660603,0.8757396449704142
2025-12-26,2383,0.024369767,0.9634146341463414
2025-12-29,2383,0.21304104,1.0417910447761196
2025-12-30,2383,0.024050487,1.021276595744681
2025-12-31,2383,0.040379636,1.1914893617021276
2026-01-02,2383,0.038323402,1.3962264150943398
2026-01-05,2383,0.06505516,1.367283950617284
2026-01-06,2383,0.24368629,1.2418879056047198
2026-01-07,2383,0.17989549,1.4367088607594938
2026-01-08,2383,0.036684033,1.5566343042071198
2026-01-09,2383,0.05713197,1.5974440894568689
2026-01-12,2383,0.23400453,1.5465838509316772
2026-01-13,2383,0.072189316,1.7370030581039755
2026-01-14,2383,0.22231561,1.8323353293413174
2026-01-15,2383,0.20091379,1.7866242038216562
2026-01-16,2383,0.19713056,1.732307692307692
2026-01-19,2383,0.05095013,1.8765822784810124
2026-01-20,2383,0.22533146,1.9442724458204332
2026-01-21,2383,0.047323294,2.032051282051282
2026-01-22,2383,0.17215472,1.9819277108433737
2026-01-23,2383,0.22770023,1.7555555555555555
2026-01-26,2383,0.04191055,1.7298850574712645
2026-01-27,2383,0.24037579,1.6648351648351647
2026-01-28,2383,0.28585187,1.5789473684210527
2026-01-29,2383,0.24328423,1.7541899441340782
2026-01-30,2383,0.027687391,1.8194842406876792
2026-02-02,2383,0.19389248,1.585434173669468
2026-02-03,2383,0.24439526,1.450134770889488
2026-02-04,2383,0.23375714,1.2230392156862746
2026-02-05,2383,0.011847913,1.2538461538461538
2026-02-06,2383,0.025200231,1.4363636363636365
2026-02-09,2383,0.27258465,1.40625
2026-02-10,2383,0.05005647,1.6152019002375297
2026-02-11,2383,0.34842238,1.4100227790432802
2026-02-23,2383,0.023009686,1.439080459770115
2026-02-24,2383,0.30895218,1.1883116883116882
2026-02-25,2383,0.385642,1.115702479338843
2026-02-26,2383,0.045431,1.0778688524590163
2026-03-02,2383,0.021110147,1.042016806722689
2026-03-03,2383,0.022256881,1.081896551724138
2026-03-04,2383,0.07961566,1.2054794520547945
2026-03-05,2383,0.2575616,1.06553911205074
2026-03-06,2383,0.0271989,1.0211864406779663
2025-11-26,2395,0.06337866,0.19861830742659747
2025-11-27,2395,0.0723809,0.19965277777777768
2025-11-28,2395,0.063093685,0.20138888888888884
2025-12-01,2395,0.06000621,0.19791666666666674
2025-12-02,2395,0.051366933,0.19337979094076663
2025-12-03,2395,0.047778837,0.18260869565217397
2025-12-04,2395,0.048045732,0.19999999999999996
2025-12-05,2395,0.048005573,0.21602787456445993
2025-12-08,2395,0.04665366,0.19580419580419584
2025-12-09,2395,0.04778442,0.2091388400702987
2025-12-10,2395,0.045010462,0.16814159292035402
2025-12-11,2395,0.04442037,0.17229129662522213
2025-12-12,2395,0.045023203,0.19107142857142856
2025-12-15,2395,0.046904806,0.22603978300180838
2025-12-16,2395,0.045722328,0.21350364963503643
2025-12-17,2395,0.039321713,0.17550274223034745
2025-12-18,2395,0.04032828,0.1581818181818182
2025-12-19,2395,0.036668338,0.1716814159292035
2025-12-22,2395,0.04079555,0.1431095406360423
2025-12-23,2395,0.041513696,0.13356766256590502
2025-12-24,2395,0.042014383,0.21853146853146854
2025-12-26,2395,0.04138315,0.22319859402460462
2025-12-29,2395,0.04018996,0.20767888307155324
2025-12-30,2395,0.040398728,0.19337979094076663
2025-12-31,2395,0.038869042,0.19444444444444442
2026-01-02,2395,0.042530246,0.2146596858638743
2026-01-05,2395,0.039786566,0.226252158894646
2026-01-06,2395,0.042880222,0.27083333333333326
2026-01-07,2395,0.041249,0.25996533795493937
2026-01-08,2395,0.041577883,0.27670753064798603
2026-01-09,2395,0.039764166,0.2512998266897748
2026-01-12,2395,0.041133344,0.23784722222222232
2026-01-13,2395,0.04073521,0.23344947735191646
2026-01-14,2395,0.042057052,0.24102564102564106
2026-01-15,2395,0.04379815,0.2765217391304349
2026-01-16,2395,0.04123311,0.2730434782608695
2026-01-19,2395,0.0418631,0.2526132404181185
2026-01-20,2395,0.049046014,0.4107142857142858
2026-01-21,2395,0.051197514,0.4418181818181819
2026-01-22,2395,0.03864754,0.4343257443082311
2026-01-23,2395,0.041093074,0.5416666666666667
2026-01-26,2395,0.042394593,0.6516464471403813
2026-01-27,2395,0.043209404,0.6471600688468158
2026-01-28,2395,0.048423823,0.6566164154103853
2026-01-29,2395,0.083180085,0.5229508196721311
2026-01-30,2395,0.08889057,0.5525876460767947
2026-02-02,2395,0.07027386,0.5763293310463122
2026-02-03,2395,0.05052366,0.5775862068965518
2026-02-04,2395,0.043941066,0.6052173913043479
2026-02-05,2395,0.040695928,0.6173913043478261
2026-02-06,2395,0.04077992,0.6121739130434782
2026-02-09,2395,0.041611686,0.6116838487972509
2026-02-10,2395,0.043622307,0.6756302521008404
2026-02-11,2395,0.07981754,0.6721311475409837
2026-02-23,2395,0.10477589,0.6158730158730159
2026-02-24,2395,0.101716176,0.5138888888888888
2026-02-25,2395,0.11712473,0.4864864864864864
2026-02-26,2395,0.11448814,0.536404160475483
2026-03-02,2395,0.09444727,0.5304606240713223
2026-03-03,2395,0.07445474,0.5545454545454545
2026-03-04,2395,0.042609327,0.6757624398073836
2026-03-05,2395,0.024121365,0.4481751824817519
2026-03-06,2395,0.031730056,0.256
2025-11-26,2408,0.20655152,0.5384615378961846
2025-11-27,2408,0.19732264,0.5821917848694405
2025-11-28,2408,0.17621288,0.7397260294680856
2025-12-01,2408,0.15426934,0.6020066858660535
2025-12-02,2408,0.21398377,0.5919732431147713
2025-12-03,2408,0.2559736,0.7317880809661641
2025-12-04,2408,0.21539399,0.7980132441091339
2025-12-05,2408,0.23177695,0.8039215691417254
2025-12-08,2408,0.037879556,0.5902140663963682
2025-12-09,2408,0.029403731,0.44444444031596375
2025-12-10,2408,0.030870248,0.42948717899249456
2025-12-11,2408,0.03308937,0.38782051232582804
2025-12-12,2408,0.019177686,0.3981481472880479
2025-12-15,2408,0.016968664,0.38769230199353877
2025-12-16,2408,0.011017419,0.38924050261184395
2025-12-17,2408,-0.002279792,0.340425531136348
2025-12-18,2408,-0.0069088936,0.16764706026414067
2025-12-19,2408,-0.0041155703,0.2091690541117983
2025-12-22,2408,0.10121756,0.11388888583897394
2025-12-23,2408,0.04702753,0.16713880852370266
2025-12-24,2408,0.10715316,0.17989418430350956
2025-12-26,2408,0.083756246,0.0846560870433013
2025-12-29,2408,0.017728522,0.14058355028271463
2025-12-30,2408,0.17764905,0.15938303003784937
2025-12-31,2408,0.22498652,0.13989637612733685
2026-01-02,2408,0.2655102,0.021739130856215372
2026-01-05,2408,0.26346475,0.026442305466226168
2026-01-06,2408,0.34887597,-0.08096279904030979
2026-01-07,2408,0.30180296,-0.14107883734518012
2026-01-08,2408,0.24031025,-0.08902691499346227
2026-01-09,2408,0.09940447,0.006896550324479778
2026-01-12,2408,0.015495516,-0.12970711044162753
2026-01-13,2408,0.008093443,-0.10434782680760668
2026-01-14,2408,0.0032313168,-0.042283296617502075
2026-01-15,2408,0.014542732,0.0
2026-01-16,2408,-0.0020674393,-0.059999999839484675
2026-01-19,2408,0.001508072,-0.21636363524931512
2026-01-20,2408,-0.019552775,-0.1286764713747135
2026-01-21,2408,-0.05284495,0.02191234876636261
2026-01-22,2408,-0.011653118,0.058161351642365355
2026-01-23,2408,-0.05400282,0.05709024012520447
2026-01-26,2408,0.047511257,-0.0419580404862524
2026-01-27,2408,0.14443277,0.08664259598311408
2026-01-28,2408,0.1746217,0.08080808131987594
2026-01-29,2408,0.2134338,0.08080808131987594
2026-01-30,2408,0.1410928,0.0444104125728193
2026-02-02,2408,0.25998047,0.0595238098487918
2026-02-03,2408,0.35587472,0.09909910193264193
2026-02-04,2408,0.3412543,-0.06949152379252244
2026-02-05,2408,0.3249732,0.0
2026-02-06,2408,0.27857524,0.10984848257419522
2026-02-09,2408,0.31493253,0.13114753972542426
2026-02-10,2408,0.3263739,0.09225092481780384
2026-02-11,2408,0.26004893,0.09172661810142113
2026-02-23,2408,0.3094605,0.07958477392137997
2026-02-24,2408,0.31229278,0.08724832228321544
2026-02-25,2408,0.2764136,0.20486111268348162
2026-02-26,2408,0.20899603,0.33625218698181825
2026-03-02,2408,0.1786874,0.4719298220788257
2026-03-03,2408,0.30119112,0.5653021453092706
2026-03-04,2408,0.34858593,0.6844349705985289
2026-03-05,2408,0.16352752,0.39805824996854144
2026-03-06,2408,0.41381744,0.45708154663511524
2025-11-26,2412,0.026614029,0.038167938326018724
2025-11-27,2412,0.028538136,0.03053435066081489
2025-11-28,2412,0.028778488,0.03831417563528472
2025-12-01,2412,0.026791284,0.04615384541629397
2025-12-02,2412,0.026305402,0.04615384541629397
2025-12-03,2412,0.025303327,0.04999999920098519
2025-12-04,2412,0.024991209,0.05791505698598476
2025-12-05,2412,0.026627483,0.05769230677036741
2025-12-08,2412,0.02373004,0.046332045588787896
2025-12-09,2412,0.026477069,0.030769230277529314
2025-12-10,2412,0.024751645,0.03474903419159103
2025-12-11,2412,0.027341945,0.030769230277529314
2025-12-12,2412,0.028063653,0.03448275807175616
2025-12-15,2412,0.027665699,0.030651340508227598
2025-12-16,2412,0.027811754,0.02681992294469926
2025-12-17,2412,0.025519911,0.03474903419159103
2025-12-18,2412,0.02781771,0.023076922708146874
2025-12-19,2412,0.02792966,0.02290076299561128
2025-12-22,2412,0.024745986,0.02681992294469926
2025-12-23,2412,0.027112735,0.02681992294469926
2025-12-24,2412,0.028775621,0.02681992294469926
2025-12-26,2412,0.030853335,0.026615969161269515
2025-12-29,2412,0.029623542,0.02651515109785163
2025-12-30,2412,0.025505299,0.026717556828213196
2025-12-31,2412,0.026998911,0.03448275807175616
2026-01-02,2412,0.0310484,0.02651515109785163
2026-01-05,2412,0.032771755,0.026315789062635986
2026-01-06,2412,0.028208645,0.037735848464951705
2026-01-07,2412,0.031221554,0.030075187500155254
2026-01-08,2412,0.031102385,0.026217228056444553
2026-01-09,2412,0.029641107,0.022471909762666664
2026-01-12,2412,0.030317867,0.018726591468888776
2026-01-13,2412,0.030680887,0.01498127317511111
2026-01-14,2412,0.029422887,0.030075187500155254
2026-01-15,2412,0.032321498,0.026217228056444553
2026-01-16,2412,0.029655715,0.026315789062635986
2026-01-19,2412,0.033902347,0.014925372902936163
2026-01-20,2412,0.02826912,0.018796992187597006
2026-01-21,2412,0.030609716,0.022556390625116496
2026-01-22,2412,0.031652115,0.022556390625116496
2026-01-23,2412,0.03545876,0.011194029677202177
2026-01-26,2412,0.033352878,0.01865671612867037
2026-01-27,2412,0.029479576,0.018796992187597006
2026-01-28,2412,0.03328904,0.01498127317511111
2026-01-29,2412,0.031317282,0.02996254635022222
2026-01-30,2412,0.030528024,0.02996254635022222
2026-02-02,2412,0.028752603,0.037593984375194234
2026-02-03,2412,0.031471416,0.026217228056444553
2026-02-04,2412,0.028552487,0.07142857031286876
2026-02-05,2412,0.026993854,0.04905660300443704
2026-02-06,2412,0.029519439,0.03383458593767452
2026-02-09,2412,0.024787037,0.03787878728264493
2026-02-10,2412,0.02923409,0.030188678771961408
2026-02-11,2412,0.029098436,0.022556390625116496
2026-02-23,2412,0.032570858,0.014814814586838088
2026-02-24,2412,0.035162468,0.007380073687589306
2026-02-25,2412,0.03370522,0.007352941064152407
2026-02-26,2412,0.03221695,0.048507461934542695
2026-03-02,2412,0.038018886,0.028985506810031536
2026-03-03,2412,0.038735226,0.02173913010752382
2026-03-04,2412,0.034997195,0.044280442125535835
2026-03-05,2412,0.04223538,0.0291970798492327
2026-03-06,2412,0.03861793,0.014652014429020754
2025-11-26,2449,0.28177533,0.28301886792452824
2025-11-27,2449,0.2783453,0.3198198198198199
2025-11-28,2449,0.12756565,0.33624454148471616
2025-12-01,2449,0.003392756,0.3793103448275863
2025-12-02,2449,0.05168456,0.304635761589404
2025-12-03,2449,0.039916776,0.2743362831858407
2025-12-04,2449,0.022193454,0.33333333333333326
2025-12-05,2449,0.04532242,0.45823927765237027
2025-12-08,2449,0.2585607,0.38596491228070184
2025-12-09,2449,0.0029201806,0.34792122538293224
2025-12-10,2449,0.006736934,0.24890829694323147
2025-12-11,2449,0.020521022,0.2573363431151241
2025-12-12,2449,0.26337618,0.2543478260869565
2025-12-15,2449,0.057999894,0.3002257336343115
2025-12-16,2449,0.04216979,0.28935185185185186
2025-12-17,2449,0.031776313,0.2651162790697674
2025-12-18,2449,0.034538623,0.2517985611510791
2025-12-19,2449,0.21500313,0.30162412993039434
2025-12-22,2449,0.21167871,0.17194570135746612
2025-12-23,2449,0.0050591268,0.21818181818181825
2025-12-24,2449,0.03402798,0.27853881278538806
2025-12-26,2449,0.165167,0.23318385650224216
2025-12-29,2449,0.107181475,0.13265306122448983
2025-12-30,2449,0.041689076,0.2114989733059549
2025-12-31,2449,0.02124008,0.21616161616161622
2026-01-02,2449,0.12733155,0.08785046728971957
2026-01-05,2449,-0.015451141,0.07794676806083656
2026-01-06,2449,0.0109713,0.029962546816479474
2026-01-07,2449,-0.0249485,0.016885553470919357
2026-01-08,2449,-0.027792789,0.06844106463878319
2026-01-09,2449,-0.01790768,0.09108159392789372
2026-01-12,2449,0.13540809,0.02777777777777768
2026-01-13,2449,-0.042647652,0.0573012939001849
2026-01-14,2449,-0.023466319,0.04805914972273562
2026-01-15,2449,-0.045687407,0.059813084112149584
2026-01-16,2449,0.011488549,0.03656307129798897
2026-01-19,2449,-0.030869246,0.11418047882136273
2026-01-20,2449,0.0002523251,0.21129326047358843
2026-01-21,2449,-0.050677545,0.3258426966292134
2026-01-22,2449,0.20876011,0.19672131147540983
2026-01-23,2449,0.15605348,0.18324607329842935
2026-01-26,2449,0.24645853,0.04537815126050426
2026-01-27,2449,0.034577765,-0.0016666666666667052
2026-01-28,2449,0.16998008,-0.032154340836012874
2026-01-29,2449,0.03262704,0.0
2026-01-30,2449,0.04384502,0.0
2026-02-02,2449,0.029548265,0.050877192982456076
2026-02-03,2449,0.20717472,0.005110732538330387
2026-02-04,2449,0.048138212,-0.026936026936026924
2026-02-05,2449,0.077779144,-0.010695187165775444
2026-02-06,2449,0.03464035,0.008818342151675429
2026-02-09,2449,0.20273063,0.015437392795883298
2026-02-10,2449,0.21192807,0.04966887417218535
2026-02-11,2449,0.23077166,0.0797448165869219
2026-02-23,2449,0.036664493,-0.003159557661927326
2026-02-24,2449,0.20274362,-0.018404907975460127
2026-02-25,2449,0.019627638,0.026562500000000044
2026-02-26,2449,0.108573675,-0.02752293577981646
2026-03-02,2449,0.03223799,-0.030063291139240556
2026-03-03,2449,0.019588724,0.05737704918032782
2026-03-04,2449,0.1712535,0.15827338129496393
2026-03-05,2449,0.17112938,0.04915254237288136
2026-03-06,2449,0.045506362,0.014059753954305698
2025-11-26,2454,0.030588476,0.3055969764924029
2025-11-27,2454,0.029743118,0.2970533363519259
2025-11-28,2454,0.03422562,0.28975955024372224
2025-12-01,2454,0.036065448,0.2592403272661661
2025-12-02,2454,0.03314738,0.2391111278111866
2025-12-03,2454,0.031526376,0.24510599654829868
2025-12-04,2454,0.03443607,0.25518583296037645
2025-12-05,2454,0.036994763,0.23756918984605657
2025-12-08,2454,0.035857223,0.1892825312314259
2025-12-09,2454,0.03087014,0.2203905247732314
2025-12-10,2454,0.035003904,0.1345894993359944
2025-12-11,2454,0.044276264,0.18380196672513405
2025-12-12,2454,0.031579938,0.17537632959460892
2025-12-15,2454,0.026930988,0.14142407951989444
2025-12-16,2454,0.021946289,0.1378346956447427
2025-12-17,2454,0.02040122,0.08019044913628459
2025-12-18,2454,0.020624276,0.06963640129469462
2025-12-19,2454,0.017559137,0.05914827289090052
2025-12-22,2454,0.019541735,0.0667136172428624
2025-12-23,2454,0.022365639,0.07805466884898715
2025-12-24,2454,0.020070545,0.16712198717989013
2025-12-26,2454,0.023474352,0.15922846075817287
2025-12-29,2454,0.025592977,0.13065592789443947
2025-12-30,2454,0.02126324,0.16296038277080438
2025-12-31,2454,0.020467553,0.22611345808841277
2026-01-02,2454,0.03021011,0.24129197139709868
2026-01-05,2454,0.03193491,0.26671122933656055
2026-01-06,2454,0.03212747,0.2962962965221043
2026-01-07,2454,0.033814725,0.2751677855883341
2026-01-08,2454,0.045768905,0.4463667819948758
2026-01-09,2454,0.034109592,0.6161971827119468
2026-01-12,2454,0.039108433,0.5328719717642887
2026-01-13,2454,0.034657896,0.6397306398948639
2026-01-14,2454,0.03666424,0.623333333594887
2026-01-15,2454,0.031931475,0.7550335571851818
2026-01-16,2454,0.031886086,0.7109634555514428
2026-01-19,2454,0.028720373,0.7575757576989255
2026-01-20,2454,0.031889044,0.9326599323930684
2026-01-21,2454,0.02644473,1.153583617484958
2026-01-22,2454,0.03237596,1.3097643099080059
2026-01-23,2454,0.023730248,1.0981595092138128
2026-01-26,2454,0.03367026,1.0508474573092297
2026-01-27,2454,0.031966917,1.185915492932203
2026-01-28,2454,0.030053897,1.0786516849043046
2026-01-29,2454,0.024035018,0.9634831457292754
2026-01-30,2454,0.017625699,0.9346590907483348
2026-02-02,2454,0.025722617,0.9120234609296316
2026-02-03,2454,0.038403444,0.8941504179194024
2026-02-04,2454,0.030990984,0.7527777776209821
2026-02-05,2454,0.022025805,0.824858757020404
2026-02-06,2454,0.026762238,1.076023392542207
2026-02-09,2454,0.033519365,1.1092896173751945
2026-02-10,2454,0.032821976,1.3008130085068759
2026-02-11,2454,0.03106399,1.29919137504751
2026-02-23,2454,0.022974532,1.5849582170266645
2026-02-24,2454,0.029459931,1.4164383563954428
2026-02-25,2454,0.026963823,1.304812834572687
2026-02-26,2454,0.03569065,1.3419023135714947
2026-03-02,2454,0.02741964,1.3815789465324309
2026-03-03,2454,0.045346137,1.5041322316568935
2026-03-04,2454,0.03796348,1.5755813960765233
2026-03-05,2454,0.03254423,1.4225352109004175
2026-03-06,2454,0.024842503,1.3059490082902987
2025-11-26,2603,0.012542244,0.156593407651334
2025-11-27,2603,-0.007710714,0.13850415514120118
2025-11-28,2603,-0.003891565,0.16991643378743526
2025-12-01,2603,0.021798871,0.16528925467634603
2025-12-02,2603,0.002933871,0.1432506905545472
2025-12-03,2603,0.011630829,0.19726027292046422
2025-12-04,2603,0.022410035,0.18157181562313096
2025-12-05,2603,-0.0051031075,0.1912568342715315
2025-12-08,2603,-0.010782845,0.2083333293398535
2025-12-09,2603,-0.0026947,0.19887955017945624
2025-12-10,2603,0.006552875,0.1396648040991033
2025-12-11,2603,0.015603591,0.12465374022444387
2025-12-12,2603,0.030811686,0.12568306184791833
2025-12-15,2603,0.009317551,0.10626703005280613
2025-12-16,2603,0.007085528,0.09536784914061092
2025-12-17,2603,0.010702524,0.10597826083771755
2025-12-18,2603,-0.00042795017,0.09016394002847772
2025-12-19,2603,0.033064418,0.10242587461638153
2025-12-22,2603,0.011862762,0.08870967709210542
2025-12-23,2603,0.008665763,0.09139785017919744
2025-12-24,2603,0.033391297,0.0716180421119208
2025-12-26,2603,0.033577554,0.06282722102257887
2025-12-29,2603,0.00828689,0.06299212192862513
2025-12-30,2603,0.015821896,0.04712041435562564
2025-12-31,2603,0.0047034323,0.05789473648368748
2026-01-02,2603,0.04097812,0.05181346912895268
2026-01-05,2603,-0.007907037,0.06052631644657258
2026-01-06,2603,0.0076417327,0.044854881551737336
2026-01-07,2603,0.1354098,0.007672631717985157
2026-01-08,2603,-0.001895871,0.04134366842991999
2026-01-09,2603,0.014799435,0.04392764875159583
2026-01-12,2603,0.036627114,0.02813299215809839
2026-01-13,2603,0.02566651,0.03333333517647796
2026-01-14,2603,0.013482243,0.028350520935906287
2026-01-15,2603,0.027131671,0.02564102450678285
2026-01-16,2603,-0.0063664503,0.06052631644657258
2026-01-19,2603,0.0034202822,0.0773333343761109
2026-01-20,2603,0.06660633,0.07853402768953188
2026-01-21,2603,0.016152116,0.08900523025242268
2026-01-22,2603,0.028127467,0.10129870124050666
2026-01-23,2603,-0.00090837106,0.1266490800001614
2026-01-26,2603,0.012080997,0.12201591681870472
2026-01-27,2603,0.006256614,0.14438502485708438
2026-01-28,2603,0.13688204,0.11458333280684907
2026-01-29,2603,0.019104643,0.10526315879078085
2026-01-30,2603,0.010394819,0.13709677526879616
2026-02-02,2603,0.019122256,0.08967391256576107
2026-02-03,2603,0.033736497,0.0675675644171232
2026-02-04,2603,0.08514881,0.045092838575603755
2026-02-05,2603,0.020383788,0.1363636371499075
2026-02-06,2603,0.033016652,0.13066666525585013
2026-02-09,2603,0.02307681,0.17426273849041363
2026-02-10,2603,0.025794065,0.1505376349072678
2026-02-11,2603,0.0297453,0.13709677526879616
2026-02-23,2603,0.04618179,0.12201591681870472
2026-02-24,2603,0.046348684,0.10761154469392897
2026-02-25,2603,0.04280416,0.10937500307115777
2026-02-26,2603,0.10392983,0.13705584156423778
2026-03-02,2603,0.14065963,0.09999999743276278
2026-03-03,2603,0.06305524,0.09468822362982388
2026-03-04,2603,-0.041542195,0.12649164413712022
2026-03-05,2603,-0.02586776,0.11538461877405215
2026-03-06,2603,0.0070115738,0.06413301565372387
2025-11-26,2880,0.022826701,0.18493150684931514
2025-11-27,2880,0.01865153,0.17697594501718217
2025-11-28,2880,0.026126454,0.16129032258064524
2025-12-01,2880,0.020546418,0.1494057724957556
2025-12-02,2880,0.02540972,0.120860927152318
2025-12-03,2880,0.023379717,0.1074380165289257
2025-12-04,2880,0.025277402,0.08617886178861789
2025-12-05,2880,0.02310897,0.08441558441558428
2025-12-08,2880,0.02055341,0.09001636661211121
2025-12-09,2880,0.02594311,0.09283387622149841
2025-12-10,2880,0.022729518,0.07037643207855981
2025-12-11,2880,0.02687627,0.08292682926829253
2025-12-12,2880,0.027385017,0.10339256865912771
2025-12-15,2880,0.027112091,0.07852564102564097
2025-12-16,2880,0.022676319,0.06858054226475274
2025-12-17,2880,0.0236394,0.04088050314465419
2025-12-18,2880,0.017875914,0.04731861198738185
2025-12-19,2880,0.01876968,0.056426332288401326
2025-12-22,2880,0.0151516795,0.06112852664576818
2025-12-23,2880,0.013377771,0.0625
2025-12-24,2880,0.0141390525,0.06093750000000009
2025-12-26,2880,0.021835815,0.06955177743431218
2025-12-29,2880,0.022103066,0.054095826893354015
2025-12-30,2880,0.023551289,0.07594936708860756
2025-12-31,2880,0.032665998,0.12903225806451624
2026-01-02,2880,0.033515356,0.14444444444444438
2026-01-05,2880,0.031301823,0.13050314465408808
2026-01-06,2880,0.02557423,0.14398734177215178
2026-01-07,2880,0.026513375,0.14149443561208264
2026-01-08,2880,0.030594284,0.11904761904761907
2026-01-09,2880,0.03739107,0.10675039246467821
2026-01-12,2880,0.034522597,0.09813084112149517
2026-01-13,2880,0.028190296,0.09375
2026-01-14,2880,0.03622335,0.08796296296296302
2026-01-15,2880,0.036202524,0.004559270516717229
2026-01-16,2880,0.03185247,-0.007541478129713397
2026-01-19,2880,0.031205615,-0.037537537537537524
2026-01-20,2880,0.026597189,-0.030257186081694365
2026-01-21,2880,0.031657733,-0.020989505247376417
2026-01-22,2880,0.02785986,-0.016541353383458524
2026-01-23,2880,0.026854785,0.009090909090909038
2026-01-26,2880,0.03307651,0.0030120481927708997
2026-01-27,2880,0.028221412,0.00605143721633894
2026-01-28,2880,0.03559664,-0.028358208955224007
2026-01-29,2880,0.033845227,-0.029629629629629672
2026-01-30,2880,0.03340683,-0.015105740181268867
2026-02-02,2880,0.03035643,-0.010687022900763399
2026-02-03,2880,0.033877783,-0.03776435045317217
2026-02-04,2880,0.030336702,-0.02865761689291091
2026-02-05,2880,0.034375064,-0.04613095238095255
2026-02-06,2880,0.033295855,-0.05317577548005925
2026-02-09,2880,0.029375883,-0.05891016200294563
2026-02-10,2880,0.028811423,-0.10541727672035128
2026-02-11,2880,0.027681865,-0.1286127167630059
2026-02-23,2880,0.038725045,-0.18392370572207095
2026-02-24,2880,0.02910858,-0.20749665327978584
2026-02-25,2880,0.022430588,-0.1801075268817205
2026-02-26,2880,0.031034265,-0.13779527559055116
2026-03-02,2880,0.0307116,-0.07220708446866497
2026-03-03,2880,0.026956083,-0.002739726027397249
2026-03-04,2880,0.030014826,0.07714285714285718
2026-03-05,2880,0.033907853,-0.016949152542372947
2026-03-06,2880,0.027042337,-0.048295454545454586
2025-11-26,2881,0.03332921,-0.06437768440315483
2025-11-27,2881,0.034340605,-0.05963791014017661
2025-11-28,2881,0.035359282,-0.03671706270733632
2025-12-01,2881,0.035974085,-0.02614379614985074
2025-12-02,2881,0.037751127,-0.04343105473887088
2025-12-03,2881,0.042056512,-0.04618690327831454
2025-12-04,2881,0.0407949,-0.051742342146704035
2025-12-05,2881,0.036203027,-0.05690200309480187
2025-12-08,2881,0.038641132,-0.07643979380686572
2025-12-09,2881,0.040151656,-0.07995846019267316
2025-12-10,2881,0.04557765,-0.08823530114511458
2025-12-11,2881,0.034422677,-0.08412197929008947
2025-12-12,2881,0.037562657,-0.08264463092393182
2025-12-15,2881,0.03699008,-0.07322175460706526
2025-12-16,2881,0.031178283,-0.08645833128027802
2025-12-17,2881,0.031706903,-0.11202466577399961
2025-12-18,2881,0.02576626,-0.11157024961108453
2025-12-19,2881,0.028885113,-0.09763617717694817
2025-12-22,2881,0.030973323,-0.10590631100805026
2025-12-23,2881,0.027160946,-0.10601426834777927
2025-12-24,2881,0.028776268,-0.08979591909941043
2025-12-26,2881,0.02731654,-0.08762886125421598
2025-12-29,2881,0.03677884,-0.10794296779796242
2025-12-30,2881,0.036768533,-0.10618556617516373
2025-12-31,2881,0.028035028,-0.08844952666619099
2026-01-02,2881,0.0262827,-0.08472803496611403
2026-01-05,2881,0.03541733,-0.09567901572724591
2026-01-06,2881,0.024756594,-0.08713692638981263
2026-01-07,2881,0.026570236,-0.09261186201612959
2026-01-08,2881,0.03390091,-0.0958762821104947
2026-01-09,2881,0.024541568,-0.07539266414863599
2026-01-12,2881,0.025511023,-0.07052630704830776
2026-01-13,2881,0.023141196,-0.06794054789227444
2026-01-14,2881,0.024011794,-0.0628997903057773
2026-01-15,2881,0.027206844,-0.058448458362135414
2026-01-16,2881,0.029977651,-0.03894736391872211
2026-01-19,2881,0.025536422,-0.052631575510474815
2026-01-20,2881,0.021671962,-0.03191488917050467
2026-01-21,2881,0.021028994,-0.00860214864884623
2026-01-22,2881,0.023280593,-0.0021505343828239765
2026-01-23,2881,0.026625855,0.010695193079196752
2026-01-26,2881,0.022876121,0.03755364646175052
2026-01-27,2881,0.019715933,0.03354977725252639
2026-01-28,2881,0.02240854,0.012972964429627254
2026-01-29,2881,0.02192984,0.026002172332874274
2026-01-30,2881,0.018071845,0.040704077076513245
2026-02-02,2881,0.018190103,0.06187845041289486
2026-02-03,2881,0.029148467,0.03703703703703698
2026-02-04,2881,0.02710732,0.04854369376014267
2026-02-05,2881,0.026882844,0.02459893744729369
2026-02-06,2881,0.02157964,0.04004328505392474
2026-02-09,2881,0.030017532,0.013859276016912503
2026-02-10,2881,0.026830336,0.03386242612842105
2026-02-11,2881,0.026862122,0.08718487171356726
2026-02-23,2881,0.021122316,0.1494252882256002
2026-02-24,2881,0.033862915,0.16896917823029844
2026-02-25,2881,0.017482387,0.18406889090956402
2026-02-26,2881,0.024085918,0.1730360947465559
2026-03-02,2881,0.017080164,0.22043011888351893
2026-03-03,2881,0.019096043,0.2137486542085063
2026-03-04,2881,0.02171743,0.26948774396653397
2026-03-05,2881,0.0195593,0.30386739858094014
2026-03-06,2881,0.020149788,0.3063063084042128
2025-11-26,2882,0.030213034,0.06382979694616653
2025-11-27,2882,0.028156966,0.08054712284393162
2025-11-28,2882,0.025655532,0.11838006155143521
2025-12-01,2882,0.02976007,0.1188271648102901
2025-12-02,2882,0.030583687,0.07657657797759154
2025-12-03,2882,0.028888648,0.07100590501157922
2025-12-04,2882,0.02731534,0.060869558691151404
2025-12-05,2882,0.02603066,0.06841340661145123
2025-12-08,2882,0.028063513,0.037681146802892584
2025-12-09,2882,0.028992556,0.04046242367949371
2025-12-10,2882,0.026065337,0.04671532588462757
2025-12-11,2882,0.029072624,0.02312139351226472
2025-12-12,2882,0.02814344,0.018544929588346193
2025-12-15,2882,0.026599796,0.009985733589849666
2025-12-16,2882,0.024656985,0.005698007253245763
2025-12-17,2882,0.03616467,-0.03825136225434356
2025-12-18,2882,0.030427732,-0.05510753101682386
2025-12-19,2882,0.027033046,-0.04768211807878109
2025-12-22,2882,0.026027285,-0.061437908001196084
2025-12-23,2882,0.022240367,-0.06258147641598899
2025-12-24,2882,0.022074305,-0.027667994869025048
2025-12-26,2882,0.020319255,-0.016042784969238166
2025-12-29,2882,0.02537946,-0.04078946776686787
2025-12-30,2882,0.026114456,-0.05511811804897415
2025-12-31,2882,0.022017743,-0.040897105106157516
2026-01-02,2882,0.023318479,-0.030585110943386007
2026-01-05,2882,0.029076127,-0.030065364131622196
2026-01-06,2882,0.026049756,-0.013157891509200659
2026-01-07,2882,0.024547463,-0.013227510001869724
2026-01-08,2882,0.03203612,-0.01178009773862232
2026-01-09,2882,0.029361673,0.0
2026-01-12,2882,0.03007798,-0.017082780192493763
2026-01-13,2882,0.03303191,-0.03229974042644723
2026-01-14,2882,0.03531962,-0.0026773838184381837
2026-01-15,2882,0.03545728,-0.0066489413533262764
2026-01-16,2882,0.034309022,0.03149605774794906
2026-01-19,2882,0.03272994,-0.0025839733463342007
2026-01-20,2882,0.026418947,-0.00522193349170208
2026-01-21,2882,0.025707906,0.0198150613790693
2026-01-22,2882,0.028078282,0.04100529881569748
2026-01-23,2882,0.034404073,0.03133158742913844
2026-01-26,2882,0.033440303,0.037613489132166666
2026-01-27,2882,0.026148489,0.03293807483421851
2026-01-28,2882,0.031522565,0.007915562559486222
2026-01-29,2882,0.034506995,0.011780111295091933
2026-01-30,2882,0.029890738,0.01724137362637368
2026-02-02,2882,0.029789777,0.048452219788719386
2026-02-03,2882,0.03498616,0.028112446903698185
2026-02-04,2882,0.03767038,0.020997367301282432
2026-02-05,2882,0.033171967,0.02500000340695485
2026-02-06,2882,0.032810114,0.0396301227581386
2026-02-09,2882,0.03586284,0.032383418316239476
2026-02-10,2882,0.034788214,0.0462130928565192
2026-02-11,2882,0.033066154,0.054568525833822656
2026-02-23,2882,0.027672958,0.07286432200034643
2026-02-24,2882,0.031989433,0.0843989800306868
2026-02-25,2882,0.024209779,0.11443433380190537
2026-02-26,2882,0.03478025,0.1066499432813226
2026-03-02,2882,0.024117718,0.1450577688589645
2026-03-03,2882,0.029013034,0.18298969285439104
2026-03-04,2882,0.026529249,0.28961749345200793
2026-03-05,2882,0.029247982,0.3586956495736142
2026-03-06,2882,0.027197128,0.301369856988714
2025-11-26,2883,0.03197629,0.23343849960464702
2025-11-27,2883,0.030265845,0.2515722730084542
2025-11-28,2883,0.028618505,0.27936507227276675
2025-12-01,2883,0.029440045,0.27795532058053807
2025-12-02,2883,0.03303138,0.2681387985841732
2025-12-03,2883,0.031892583,0.29337537372440736
2025-12-04,2883,0.03281898,0.2906249791806419
2025-12-05,2883,0.03178051,0.2866043123578821
2025-12-08,2883,0.032538727,0.23148144717396457
2025-12-09,2883,0.031710487,0.23312882656551626
2025-12-10,2883,0.028529244,0.20731708702280827
2025-12-11,2883,0.029075222,0.16814155239627282
2025-12-12,2883,0.025418345,0.19354835381067415
2025-12-15,2883,0.026022106,0.15451895518744885
2025-12-16,2883,0.025697194,0.16081869256888126
2025-12-17,2883,0.025227603,0.11174786867595787
2025-12-18,2883,0.02427795,0.1095100818140824
2025-12-19,2883,0.028060857,0.1282051508854709
2025-12-22,2883,0.027885403,0.12112674052635741
2025-12-23,2883,0.027729385,0.1610169773961172
2025-12-24,2883,0.027237007,0.2165242744850926
2025-12-26,2883,0.02761204,0.2276656979726619
2025-12-29,2883,0.030930532,0.20170455748209726
2025-12-30,2883,0.030787107,0.2028571511363748
2025-12-31,2883,0.029600909,0.20869568973564756
2026-01-02,2883,0.032299995,0.20639535775758922
2026-01-05,2883,0.035568394,0.21203439771877486
2026-01-06,2883,0.03496133,0.19714282520867665
2026-01-07,2883,0.033443145,0.19197706818748328
2026-01-08,2883,0.03554157,0.1761363716547315
2026-01-09,2883,0.033380445,0.19197706818748328
2026-01-12,2883,0.0356564,0.14447588181150062
2026-01-13,2883,0.033766724,0.1501416440561152
2026-01-14,2883,0.03291828,0.17142853594614849
2026-01-15,2883,0.035016302,0.21367525147578492
2026-01-16,2883,0.035559848,0.22253520699742046
2026-01-19,2883,0.0322163,0.18784530986941061
2026-01-20,2883,0.029770924,0.18232040913585812
2026-01-21,2883,0.02729062,0.2247190540884434
2026-01-22,2883,0.029279428,0.25070424489642185
2026-01-23,2883,0.032463454,0.2577031067297402
2026-01-26,2883,0.032201014,0.25136614401373913
2026-01-27,2883,0.026874304,0.25619839093234753
2026-01-28,2883,0.027076192,0.19667591123585249
2026-01-29,2883,0.029919123,0.20936638898547355
2026-01-30,2883,0.029283125,0.2243767082724839
2026-02-02,2883,0.029449064,0.21388890661641158
2026-02-03,2883,0.031146653,0.1698630172719524
2026-02-04,2883,0.030028109,0.17663043921494226
2026-02-05,2883,0.02793932,0.1739130288057089
2026-02-06,2883,0.028053239,0.1693989169927228
2026-02-09,2883,0.0262585,0.1511935984188204
2026-02-10,2883,0.027075779,0.1455026876567107
2026-02-11,2883,0.02540956,0.11948050076881267
2026-02-23,2883,0.03812972,0.08515814693058554
2026-02-24,2883,0.03167628,0.062350112643221545
2026-02-25,2883,0.025690358,0.07655501752652016
2026-02-26,2883,0.025694767,0.031890697537579005
2026-03-02,2883,0.015283734,0.10638299433988241
2026-03-03,2883,0.023727987,0.20374705046303343
2026-03-04,2883,0.016495597,0.3768844354385257
2026-03-05,2883,0.030065708,0.3596058922437566
2026-03-06,2883,0.03102646,0.3112745233569465
2025-11-26,2884,0.042748548,0.09344262552800653
2025-11-27,2884,0.042697042,0.09868423985171604
2025-11-28,2884,0.041720726,0.09719933819236837
2025-12-01,2884,0.04290533,0.08183304285437276
2025-12-02,2884,0.04328284,0.071312801644557
2025-12-03,2884,0.039119788,0.059210543911029534
2025-12-04,2884,0.04283195,0.04707792125382637
2025-12-05,2884,0.039558917,0.052202275528103304
2025-12-08,2884,0.02984066,-0.0093750188317
2025-12-09,2884,0.026592633,-0.009345813208234688
2025-12-10,2884,0.029455025,-0.02959503727508772
2025-12-11,2884,0.031295635,-0.02472951723005068
2025-12-12,2884,0.033733442,-0.021341463995962262
2025-12-15,2884,0.033630986,-0.019696972664202228
2025-12-16,2884,0.03242416,-0.022761758754669792
2025-12-17,2884,0.037086938,-0.04477611615214061
2025-12-18,2884,0.039795943,-0.04511277959780624
2025-12-19,2884,0.033578686,-0.037257831875556646
2025-12-22,2884,0.03684676,-0.0345345161104732
2025-12-23,2884,0.034576245,-0.03427721029652886
2025-12-24,2884,0.036125507,-0.04418261915089006
2025-12-26,2884,0.033420324,-0.0453880192143431
2025-12-29,2884,0.032478556,-0.04160475620994908
2025-12-30,2884,0.030646572,-0.05317576010605041
2025-12-31,2884,0.029599715,-0.031111096835496843
2026-01-02,2884,0.031149369,-0.03372435182934497
2026-01-05,2884,0.028288852,-0.025110777316385113
2026-01-06,2884,0.029031849,-0.02818990092908913
2026-01-07,2884,0.03494367,-0.012030057839855002
2026-01-08,2884,0.029735489,0.004573164046434153
2026-01-09,2884,0.0324286,0.006088271174299109
2026-01-12,2884,0.030392822,-0.0015384593180496342
2026-01-13,2884,0.030829724,0.004629622927211585
2026-01-14,2884,0.030088466,0.007739926840522937
2026-01-15,2884,0.033643503,0.0
2026-01-16,2884,0.034858197,-0.007656956840450535
2026-01-19,2884,0.035011873,-0.03484849738743512
2026-01-20,2884,0.03539384,-0.05438064885937777
2026-01-21,2884,0.03662106,-0.05397299840454828
2026-01-22,2884,0.036292545,-0.04925375265953502
2026-01-23,2884,0.030773243,-0.03458644763875807
2026-01-26,2884,0.038116872,-0.0341753465212169
2026-01-27,2884,0.033438966,-0.038690481822559075
2026-01-28,2884,0.030678663,-0.05074628779025803
2026-01-29,2884,0.03467255,-0.05341247805205718
2026-01-30,2884,0.027868323,-0.046407211184111286
2026-02-02,2884,0.02841599,-0.040540513468450334
2026-02-03,2884,0.032447763,-0.05089822256078458
2026-02-04,2884,0.035522215,-0.05044509238480499
2026-02-05,2884,0.033436872,-0.06627392872633509
2026-02-06,2884,0.032387782,-0.07205881167211514
2026-02-09,2884,0.026678095,-0.07121660647217742
2026-02-10,2884,0.031572502,-0.08579881556440938
2026-02-11,2884,0.033536147,-0.08784775450922211
2026-02-23,2884,0.036825024,-0.10616932084634856
2026-02-24,2884,0.03413908,-0.11527375920100547
2026-02-25,2884,0.036008187,-0.11444922485245224
2026-02-26,2884,0.035869792,-0.10398860115428765
2026-03-02,2884,0.031979185,-0.0773639030954002
2026-03-03,2884,0.03476119,-0.05444127067214266
2026-03-04,2884,0.034510147,-0.005943527750985611
2026-03-05,2884,0.0439982,-0.02055800397076435
2026-03-06,2884,0.03702405,-0.03235292521645916
2025-11-26,2885,0.027972652,0.22638888888888875
2025-11-27,2885,0.024417404,0.20136986301369864
2025-11-28,2885,0.018081246,0.2285318559556786
2025-12-01,2885,0.018807,0.2377622377622377
2025-12-02,2885,0.029545475,0.1846785225718195
2025-12-03,2885,0.023739196,0.2202462380300958
2025-12-04,2885,0.025448835,0.19705093833780163
2025-12-05,2885,0.027025878,0.18278145695364234
2025-12-08,2885,0.020702975,0.1831550802139037
2025-12-09,2885,0.027352894,0.15706806282722519
2025-12-10,2885,0.022436673,0.18181818181818188
2025-12-11,2885,0.02467045,0.20106524633821587
2025-12-12,2885,0.029916864,0.20499342969776624
2025-12-15,2885,0.027161138,0.19921875
2025-12-16,2885,0.02388166,0.16752577319587636
2025-12-17,2885,0.020654017,0.12960609911054632
2025-12-18,2885,0.017798971,0.14012738853503182
2025-12-19,2885,0.02692126,0.17164179104477606
2025-12-22,2885,0.020590285,0.14625
2025-12-23,2885,0.026714113,0.14673242909987683
2025-12-24,2885,0.01948255,0.1745635910224439
2025-12-26,2885,0.020869877,0.19874999999999998
2025-12-29,2885,0.021576568,0.19698870765370136
2025-12-30,2885,0.019945638,0.19672131147541005
2025-12-31,2885,0.019640693,0.26081424936386766
2026-01-02,2885,0.019855369,0.27112232030264827
2026-01-05,2885,0.013142459,0.29007633587786286
2026-01-06,2885,0.028039405,0.24103831891223737
2026-01-07,2885,0.018068634,0.2736318407960199
2026-01-08,2885,0.030209929,0.24087591240875916
2026-01-09,2885,0.02234,0.2279411764705883
2026-01-12,2885,0.021989038,0.23950617283950626
2026-01-13,2885,0.026748605,0.2333333333333334
2026-01-14,2885,0.03189151,0.23450789793438642
2026-01-15,2885,0.0312453,0.24731182795698925
2026-01-16,2885,0.025779165,0.25119617224880386
2026-01-19,2885,0.029347628,0.23113207547169812
2026-01-20,2885,0.021378867,0.27338129496402863
2026-01-21,2885,0.023870429,0.3397823458282949
2026-01-22,2885,0.030044412,0.35096153846153855
2026-01-23,2885,0.027365852,0.35018050541516255
2026-01-26,2885,0.034311607,0.3325471698113207
2026-01-27,2885,0.026518017,0.3356973995271868
2026-01-28,2885,0.029649463,0.2816901408450705
2026-01-29,2885,0.029649848,0.29918509895226997
2026-01-30,2885,0.027977869,0.28919860627177707
2026-02-02,2885,0.021060636,0.29857819905213256
2026-02-03,2885,0.025215367,0.2928571428571427
2026-02-04,2885,0.03257169,0.29009433962264164
2026-02-05,2885,0.03235422,0.288888888888889
2026-02-06,2885,0.02624455,0.2825322391559204
2026-02-09,2885,0.03319474,0.25512528473804097
2026-02-10,2885,0.028670365,0.2649379932356257
2026-02-11,2885,0.02761533,0.28044692737430155
2026-02-23,2885,0.023747526,0.27819548872180455
2026-02-24,2885,0.025061745,0.24552160168598514
2026-02-25,2885,0.015103053,0.2613756613756615
2026-02-26,2885,0.027292568,0.2044760935910479
2026-03-02,2885,0.013660394,0.2613756613756615
2026-03-03,2885,0.0221818,0.3481481481481483
2026-03-04,2885,0.016533494,0.41999999999999993
2026-03-05,2885,0.028139323,0.4399117971334068
2026-03-06,2885,0.03178067,0.3507625272331154
2025-11-26,2886,0.03331226,-0.027295285359801302
2025-11-27,2886,0.03362709,-0.036991368680641235
2025-11-28,2886,0.0329492,-0.01995012468827939
2025-12-01,2886,0.03523235,-0.037220843672456594
2025-12-02,2886,0.034734502,-0.03606965174129362
2025-12-03,2886,0.03355699,-0.027431421446384108
2025-12-04,2886,0.037671484,-0.0295930949445129
2025-12-05,2886,0.03505308,-0.0379436964504285
2025-12-08,2886,0.034371004,-0.039457459926017124
2025-12-09,2886,0.03618067,-0.04791154791154795
2025-12-10,2886,0.03575974,-0.056580565805657956
2025-12-11,2886,0.0363969,-0.05012224938875298
2025-12-12,2886,0.03628123,-0.048602673147023046
2025-12-15,2886,0.035519287,-0.05669481302774426
2025-12-16,2886,0.035194445,-0.030978934324659257
2025-12-17,2886,0.028985906,-0.04213135068153662
2025-12-18,2886,0.028494803,-0.0482673267326732
2025-12-19,2886,0.029756848,-0.04064039408866993
2025-12-22,2886,0.033652253,-0.047330097087378675
2025-12-23,2886,0.030400086,-0.03785103785103794
2025-12-24,2886,0.03181225,-0.033169533169533194
2025-12-26,2886,0.0311113,-0.020935960591133007
2025-12-29,2886,0.030579556,-0.012391573729863659
2025-12-30,2886,0.02994979,-0.021170610211706187
2025-12-31,2886,0.030234851,-0.016249999999999987
2026-01-02,2886,0.033490658,-0.01985111662531014
2026-01-05,2886,0.030546438,-0.008684863523573005
2026-01-06,2886,0.030964416,-0.025893958076448786
2026-01-07,2886,0.02832725,-0.014869888475836479
2026-01-08,2886,0.030112771,-0.024721878862793534
2026-01-09,2886,0.030464387,-0.028290282902828978
2026-01-12,2886,0.027203616,-0.012406947890818865
2026-01-13,2886,0.029405726,-0.02103960396039606
2026-01-14,2886,0.029136093,-0.01728395061728405
2026-01-15,2886,0.030263867,-0.012300123001230068
2026-01-16,2886,0.029612707,-0.019559902200488977
2026-01-19,2886,0.028226927,-0.03575832305795301
2026-01-20,2886,0.02731722,-0.025000000000000022
2026-01-21,2886,0.024782931,-0.017587939698492372
2026-01-22,2886,0.022676455,-0.005031446540880613
2026-01-23,2886,0.021674147,-0.0012594458438288658
2026-01-26,2886,0.020977456,0.01643489254108732
2026-01-27,2886,0.01892886,0.016476552598225558
2026-01-28,2886,0.018756095,-0.0050761421319796
2026-01-29,2886,0.017270245,0.0050825921219821435
2026-01-30,2886,0.025248216,0.012886597938144284
2026-02-02,2886,0.02379854,0.015463917525773141
2026-02-03,2886,0.024557503,0.01670951156812328
2026-02-04,2886,0.025844738,0.03831417624521083
2026-02-05,2886,0.027142204,0.015113350125944391
2026-02-06,2886,0.025084144,0.01005025125628145
2026-02-09,2886,0.025398789,0.002512562814070307
2026-02-10,2886,0.025376167,-0.007537688442211032
2026-02-11,2886,0.02601001,-0.01622971285892627
2026-02-23,2886,0.03040079,-0.03663003663003661
2026-02-24,2886,0.033241607,-0.02450980392156865
2026-02-25,2886,0.03374031,-0.013563501849568338
2026-02-26,2886,0.033006135,0.022194821208384896
2026-03-02,2886,0.035168,0.03731343283582089
2026-03-03,2886,0.03425572,0.030940594059405857
2026-03-04,2886,0.031173738,0.08226221079691531
2026-03-05,2886,0.030787747,0.06743002544529286
2026-03-06,2886,0.028900435,0.04834605597964381
2025-11-26,2887,0.0331434,0.2911051212938005
2025-11-27,2887,0.03650006,0.3029490616621986
2025-11-28,2887,0.028823435,0.3490304709141274
2025-12-01,2887,0.041716494,0.34332425068119865
2025-12-02,2887,0.03559023,0.3164893617021276
2025-12-03,2887,0.035602316,0.32266666666666666
2025-12-04,2887,0.036424577,0.3080939947780681
2025-12-05,2887,0.03878935,0.2779220779220779
2025-12-08,2887,0.035896316,0.2801047120418847
2025-12-09,2887,0.03898115,0.2805194805194804
2025-12-10,2887,0.036991283,0.24804177545691908
2025-12-11,2887,0.039013907,0.2545454545454544
2025-12-12,2887,0.036209103,0.2603092783505154
2025-12-15,2887,0.030590005,0.24806201550387574
2025-12-16,2887,0.014861003,0.19950124688279303
2025-12-17,2887,0.0020315833,0.11764705882352944
2025-12-18,2887,-0.016749494,0.08685446009389652
2025-12-19,2887,-0.013791323,0.12383177570093462
2025-12-22,2887,-0.02691757,0.1485849056603774
2025-12-23,2887,-0.011601765,0.16507177033492848
2025-12-24,2887,-0.006538011,0.1903614457831324
2025-12-26,2887,-0.003091365,0.19660194174757262
2025-12-29,2887,0.08992291,0.20343137254901977
2025-12-30,2887,0.06669867,0.1751824817518246
2025-12-31,2887,0.017778635,0.19852941176470584
2026-01-02,2887,0.017769564,0.20588235294117663
2026-01-05,2887,0.02854874,0.1880952380952381
2026-01-06,2887,0.023973117,0.16267942583732076
2026-01-07,2887,0.025463134,0.16306954436450827
2026-01-08,2887,0.027476719,0.1542168674698794
2026-01-09,2887,0.041302796,0.14868105515587526
2026-01-12,2887,0.04282733,0.13397129186602874
2026-01-13,2887,0.049761362,0.13776722090261284
2026-01-14,2887,0.054667,0.1200000000000001
2026-01-15,2887,0.054957382,0.12962962962962954
2026-01-16,2887,0.0431766,0.10068649885583514
2026-01-19,2887,0.043379046,0.04157549234135671
2026-01-20,2887,0.03998631,0.026200873362445476
2026-01-21,2887,0.046014942,0.07239819004524883
2026-01-22,2887,0.0383131,0.08371040723981893
2026-01-23,2887,0.037148774,0.08352144469525968
2026-01-26,2887,0.040193744,0.039301310043668325
2026-01-27,2887,0.02966788,0.010775862068965525
2026-01-28,2887,0.023722028,0.006564551422319376
2026-01-29,2887,0.022751942,0.013129102844638751
2026-01-30,2887,0.01977806,0.017621145374449476
2026-02-02,2887,0.017772038,0.06487695749440703
2026-02-03,2887,0.0306155,0.03076923076923066
2026-02-04,2887,0.027365975,0.02386117136659438
2026-02-05,2887,0.025518274,0.03463203463203457
2026-02-06,2887,0.025258102,0.021413276231263323
2026-02-09,2887,0.03184648,0.0
2026-02-10,2887,0.029599555,-0.02713987473903956
2026-02-11,2887,0.02111334,-0.016666666666666607
2026-02-23,2887,0.035729058,-0.07905138339920947
2026-02-24,2887,0.02946423,-0.09090909090909094
2026-02-25,2887,0.023992151,-0.06224899598393563
2026-02-26,2887,0.03249845,-0.0390625
2026-03-02,2887,0.031006657,0.05030181086519114
2026-03-03,2887,0.03200864,0.11857707509881421
2026-03-04,2887,0.015941348,0.18219461697722572
2026-03-05,2887,0.03415782,0.16496945010183306
2026-03-06,2887,0.029716061,0.13729508196721318
2025-11-26,2890,0.001427047,0.14468864468864462
2025-11-27,2890,-0.0058410987,0.14862385321100913
2025-11-28,2890,-0.011284687,0.17810760667903525
2025-12-01,2890,-0.009934127,0.18587360594795532
2025-12-02,2890,0.048493933,0.15454545454545454
2025-12-03,2890,-0.010982677,0.15596330275229353
2025-12-04,2890,0.0004809685,0.15904936014625215
2025-12-05,2890,0.008067474,0.1654545454545453
2025-12-08,2890,0.005114205,0.15693430656934315
2025-12-09,2890,-0.0007449053,0.17122040072859734
2025-12-10,2890,0.0006728098,0.13661202185792343
2025-12-11,2890,0.0059065595,0.14233576642335777
2025-12-12,2890,0.02391756,0.15398550724637672
2025-12-15,2890,0.018570524,0.13693693693693687
2025-12-16,2890,0.047089748,0.13012477718360071
2025-12-17,2890,0.08826576,0.06401384083044981
2025-12-18,2890,0.051665623,0.06412478336221827
2025-12-19,2890,0.04326228,0.08934707903780059
2025-12-22,2890,0.034295656,0.0853242320819112
2025-12-23,2890,0.02933095,0.11187607573149738
2025-12-24,2890,0.022212163,0.1334488734835355
2025-12-26,2890,0.020582251,0.14335060449050085
2025-12-29,2890,0.014773063,0.13148788927335664
2025-12-30,2890,0.014654126,0.13541666666666674
2025-12-31,2890,0.01382947,0.16083916083916083
2026-01-02,2890,0.036876783,0.15624999999999978
2026-01-05,2890,0.019299775,0.15624999999999978
2026-01-06,2890,0.035875842,0.12758620689655187
2026-01-07,2890,0.014286086,0.11226252158894656
2026-01-08,2890,0.047257584,0.08390410958904115
2026-01-09,2890,0.021432085,0.07876712328767121
2026-01-12,2890,0.011581168,0.09739130434782606
2026-01-13,2890,0.014758475,0.11324041811846697
2026-01-14,2890,0.014533769,0.10820244328097739
2026-01-15,2890,0.04526341,0.09999999999999987
2026-01-16,2890,0.03967457,0.0887372013651877
2026-01-19,2890,0.022899449,0.05451448040885842
2026-01-20,2890,0.013301272,0.04982817869415812
2026-01-21,2890,0.007199548,0.06055363321799301
2026-01-22,2890,0.015927136,0.06896551724137923
2026-01-23,2890,0.014204625,0.06551724137931036
2026-01-26,2890,0.04803137,0.058020477815699634
2026-01-27,2890,0.0068272837,0.05154639175257736
2026-01-28,2890,0.013841204,0.05526770293609684
2026-01-29,2890,0.028568644,0.04802744425385952
2026-01-30,2890,0.012760919,0.06643356643356646
2026-02-02,2890,0.012073744,0.055944055944055826
2026-02-03,2890,0.017721992,0.04166666666666674
2026-02-04,2890,0.06927525,0.027303754266211566
2026-02-05,2890,0.017280784,0.013605442176870763
2026-02-06,2890,0.015912298,0.006779661016949046
2026-02-09,2890,0.05608908,-0.029999999999999916
2026-02-10,2890,0.049496386,-0.04612850082372333
2026-02-11,2890,0.07718313,-0.04983922829581999
2026-02-23,2890,0.13252544,-0.0904907975460123
2026-02-24,2890,0.07156339,-0.0964777947932618
2026-02-25,2890,0.07029467,-0.08396946564885499
2026-02-26,2890,0.07313055,-0.08283132530120496
2026-03-02,2890,0.048733708,-0.05631659056316596
2026-03-03,2890,0.05795719,-0.0030211480362538623
2026-03-04,2890,0.16680357,0.05910543130990398
2026-03-05,2890,0.072185025,0.0331753554502372
2026-03-06,2890,0.03802715,0.00789889415481837
2025-11-26,2891,0.01106466,0.17511520737327202
2025-11-27,2891,0.018501716,0.1636363636363638
2025-11-28,2891,0.00872381,0.17836593785960875
2025-12-01,2891,0.0085558,0.1820276497695852
2025-12-02,2891,0.020179968,0.16326530612244894
2025-12-03,2891,0.012379769,0.18764302059496552
2025-12-04,2891,0.022894647,0.19278466741826383
2025-12-05,2891,0.018684786,0.19640852974186318
2025-12-08,2891,0.013938602,0.1582491582491583
2025-12-09,2891,0.017845647,0.15906562847608452
2025-12-10,2891,0.011183023,0.1495535714285714
2025-12-11,2891,0.0133994,0.15427302996670367
2025-12-12,2891,0.023066234,0.13548387096774195
2025-12-15,2891,0.01657416,0.1336898395721926
2025-12-16,2891,0.004053358,0.1361200428724545
2025-12-17,2891,0.08375424,0.06026557711950953
2025-12-18,2891,0.030225718,0.03951367781155013
2025-12-19,2891,0.02307972,0.08484848484848495
2025-12-22,2891,0.032066338,0.08134920634920628
2025-12-23,2891,0.016982729,0.1071428571428572
2025-12-24,2891,0.016354483,0.12326043737574555
2025-12-26,2891,0.010570638,0.10040160642570273
2025-12-29,2891,0.021558676,0.0714285714285714
2025-12-30,2891,0.0148046985,0.06175298804780871
2025-12-31,2891,0.015322879,0.05776892430278879
2026-01-02,2891,0.019266568,0.03937007874015741
2026-01-05,2891,0.01154612,0.0701402805611222
2026-01-06,2891,0.018006312,0.06519558676028092
2026-01-07,2891,0.016690906,0.07598784194528885
2026-01-08,2891,0.023304628,0.07396149949341435
2026-01-09,2891,0.031111374,0.07645875251509038
2026-01-12,2891,0.028830923,0.05400000000000005
2026-01-13,2891,0.017284565,0.06545820745216524
2026-01-14,2891,0.014987968,0.06896551724137945
2026-01-15,2891,0.032021843,0.05753968253968256
2026-01-16,2891,0.020674793,0.05148514851485153
2026-01-19,2891,0.025475238,0.021484374999999778
2026-01-20,2891,0.014437277,0.03725490196078418
2026-01-21,2891,0.009324089,0.05731225296442677
2026-01-22,2891,0.014368702,0.07677165354330717
2026-01-23,2891,0.008355543,0.11287128712871297
2026-01-26,2891,0.017609123,0.10588235294117654
2026-01-27,2891,0.008527517,0.0885826771653544
2026-01-28,2891,0.016460296,0.044921875
2026-01-29,2891,0.035586957,0.05576923076923079
2026-01-30,2891,-0.0026564896,0.0766208251473477
2026-02-02,2891,0.00629884,0.0766208251473477
2026-02-03,2891,0.0164427,0.07240704500978468
2026-02-04,2891,0.014356166,0.08203125
2026-02-05,2891,0.0348732,0.11798839458413912
2026-02-06,2891,0.010707669,0.11434108527131781
2026-02-09,2891,0.03179747,0.10769230769230775
2026-02-10,2891,0.007540617,0.1083172147001934
2026-02-11,2891,0.03845783,0.10344827586206895
2026-02-23,2891,0.08828072,0.0983302411873841
2026-02-24,2891,0.04401698,0.1022304832713754
2026-02-25,2891,0.03924632,0.13084112149532712
2026-02-26,2891,0.115698494,0.11091234347048307
2026-03-02,2891,0.12500677,0.19144981412639406
2026-03-03,2891,0.06374131,0.31775700934579443
2026-03-04,2891,0.15866995,0.3465346534653466
2026-03-05,2891,0.104679145,0.2932038834951456
2026-03-06,2891,0.050932653,0.27237354085603127
2025-11-26,2892,0.018763494,0.03558718861209975
2025-11-27,2892,0.019559015,0.04129263913824044
2025-11-28,2892,0.021943098,0.05615942028985499
2025-12-01,2892,0.02170834,0.05291970802919721
2025-12-02,2892,0.02259366,0.04332129963898912
2025-12-03,2892,0.019456433,0.047186932849364815
2025-12-04,2892,0.021613954,0.048648648648648596
2025-12-05,2892,0.02220704,0.035778175313059046
2025-12-08,2892,0.021043323,0.019607843137254832
2025-12-09,2892,0.01904849,0.028622540250447193
2025-12-10,2892,0.020230874,0.005366726296959001
2025-12-11,2892,0.022183042,0.012411347517730542
2025-12-12,2892,0.021496221,0.012345679012345512
2025-12-15,2892,0.020469273,0.0052631578947368585
2025-12-16,2892,0.02833825,-0.01557093425605538
2025-12-17,2892,0.032234866,-0.037606837606837695
2025-12-18,2892,0.03788577,-0.04081632653061218
2025-12-19,2892,0.046567746,-0.05008347245409017
2025-12-22,2892,0.03999306,-0.056478405315614655
2025-12-23,2892,0.035803854,-0.03541315345699825
2025-12-24,2892,0.035461526,-0.017064846416382284
2025-12-26,2892,0.0358776,-0.013559322033898202
2025-12-29,2892,0.038704365,-0.03050847457627115
2025-12-30,2892,0.039227054,-0.043697478991596705
2025-12-31,2892,0.039305188,-0.027210884353741416
2026-01-02,2892,0.03921285,-0.02368866328257191
2026-01-05,2892,0.038608007,-0.035175879396984966
2026-01-06,2892,0.040651876,-0.04159733777038266
2026-01-07,2892,0.03603752,-0.02857142857142858
2026-01-08,2892,0.036552113,-0.02866779089376048
2026-01-09,2892,0.039503813,-0.03535353535353536
2026-01-12,2892,0.035765804,-0.04251700680272108
2026-01-13,2892,0.03578844,-0.03741496598639449
2026-01-14,2892,0.03808523,-0.03571428571428559
2026-01-15,2892,0.040724833,-0.05033557046979864
2026-01-16,2892,0.03861717,-0.04194630872483218
2026-01-19,2892,0.036388803,-0.030252100840336138
2026-01-20,2892,0.032559596,-0.04074702886247872
2026-01-21,2892,0.03214844,-0.029059829059829068
2026-01-22,2892,0.03355517,-0.013698630136986245
2026-01-23,2892,0.034361906,-0.00171232876712335
2026-01-26,2892,0.032039203,0.015490533562822595
2026-01-27,2892,0.03315523,0.01721170395869187
2026-01-28,2892,0.031586617,0.012048192771084265
2026-01-29,2892,0.03304472,0.012006861063464935
2026-01-30,2892,0.028737761,0.02430555555555558
2026-02-02,2892,0.029263565,0.022687609075043635
2026-02-03,2892,0.033236027,-0.006908462867012077
2026-02-04,2892,0.029718114,0.0034602076124568004
2026-02-05,2892,0.03245174,-0.049657534246575374
2026-02-06,2892,0.029809095,-0.04974271012006859
2026-02-09,2892,0.02805389,-0.04999999999999993
2026-02-10,2892,0.03205709,-0.05641025641025632
2026-02-11,2892,0.029875949,-0.05942275042444822
2026-02-23,2892,0.0289668,-0.07692307692307687
2026-02-24,2892,0.02730349,-0.09166666666666667
2026-02-25,2892,0.02548133,-0.08193979933110362
2026-02-26,2892,0.025785947,-0.07190635451505012
2026-03-02,2892,0.022702435,-0.048986486486486625
2026-03-03,2892,0.025535058,-0.023569023569023573
2026-03-04,2892,0.02815076,0.03321678321678312
2026-03-05,2892,0.02968733,0.008605851979345935
2026-03-06,2892,0.02722226,-0.010204081632652962
2025-11-26,3008,0.037523687,0.03160270893169237
2025-11-27,3008,0.037188984,0.04308390029715903
2025-11-28,3008,0.040151026,0.08390022672374498
2025-12-01,3008,0.040064536,0.0802752289664943
2025-12-02,3008,0.038648862,0.07816091945491332
2025-12-03,3008,0.040742427,0.06712962960225455
2025-12-04,3008,0.038177237,0.11111111116367178
2025-12-05,3008,0.040672384,0.140186915682585
2025-12-08,3008,0.044119246,0.12881869645980681
2025-12-09,3008,0.043087706,0.1624547859508918
2025-12-10,3008,0.0387917,0.09528457623582365
2025-12-11,3008,0.038638942,0.10037366326748609
2025-12-12,3008,0.03717878,0.1011367515317374
2025-12-15,3008,0.03507763,0.10152387978541566
2025-12-16,3008,0.038386308,0.1201687451261495
2025-12-17,3008,0.034521136,0.09189739556375809
2025-12-18,3008,0.03333152,0.0846927576682801
2025-12-19,3008,0.03160295,0.08625652515968696
2025-12-22,3008,0.034017757,-0.023839435235098128
2025-12-23,3008,0.040492676,-0.012359496202448916
2025-12-24,3008,0.049043354,0.035399218467954574
2025-12-26,3008,0.055967487,-0.023208284547888702
2025-12-29,3008,0.06678666,-0.055879396801477355
2025-12-30,3008,0.06872212,0.005228571900774748
2025-12-31,3008,0.063243456,0.09344316767645178
2026-01-02,3008,0.061279073,0.11466423027101125
2026-01-05,3008,0.06110151,0.1366497179429924
2026-01-06,3008,0.059323903,0.03367972541431774
2026-01-07,3008,0.05608915,0.08588695096695265
2026-01-08,3008,0.051293354,0.09195810719606845
2026-01-09,3008,0.05746426,0.04398805631299996
2026-01-12,3008,0.047470395,0.01972378636338412
2026-01-13,3008,0.04483991,0.05961908296010732
2026-01-14,3008,0.038529575,0.10183218504076841
2026-01-15,3008,0.035507143,0.0961251160576635
2026-01-16,3008,0.035354726,0.09115536519106282
2026-01-19,3008,0.034121722,0.048883875265670174
2026-01-20,3008,0.031093242,0.08274568992947473
2026-01-21,3008,0.03533262,0.06574539363484089
2026-01-22,3008,0.033975057,0.05744327403149341
2026-01-23,3008,0.031542405,0.06954147452769432
2026-01-26,3008,0.032441884,0.07182169361144042
2026-01-27,3008,0.034491435,0.06793378270244088
2026-01-28,3008,0.034103423,0.1704355108877722
2026-01-29,3008,0.03681548,0.20084960893544546
2026-01-30,3008,0.03919068,0.32915615436286894
2026-02-02,3008,0.0382903,0.4946992573438138
2026-02-03,3008,0.038111813,0.4304857620115021
2026-02-04,3008,0.034957767,0.45381594349102716
2026-02-05,3008,0.036219653,0.42160075713070255
2026-02-06,3008,0.036226794,0.5173147570996015
2026-02-09,3008,0.037105918,0.5795132871783282
2026-02-10,3008,0.034022436,0.6897750398314475
2026-02-11,3008,0.034895036,0.6352870614430997
2026-02-23,3008,0.038412742,0.5111068706803272
2026-02-24,3008,0.04046595,0.4401568885469711
2026-02-25,3008,0.047126375,0.48718055418285156
2026-02-26,3008,0.0535288,0.55496397328501
2026-03-02,3008,0.05164676,0.602377126550478
2026-03-03,3008,0.051498197,0.6619492019617081
2026-03-04,3008,0.05172833,0.6955711312793269
2026-03-05,3008,0.04950271,0.5932771200862119
2026-03-06,3008,0.046901613,0.5176372053262708
2025-11-26,3017,0.22025144,0.20216606498194944
2025-11-27,3017,0.043762546,0.21505376344086025
2025-11-28,3017,0.022468634,0.3527272727272728
2025-12-01,3017,0.022382945,0.39925373134328357
2025-12-02,3017,0.022420276,0.41825095057034223
2025-12-03,3017,0.26551893,0.35055350553505527
2025-12-04,3017,0.022383586,0.4377358490566037
2025-12-05,3017,0.25731438,0.3357400722021662
2025-12-08,3017,-0.0018397793,0.4548736462093863
2025-12-09,3017,0.147614,0.45390070921985815
2025-12-10,3017,0.02584853,0.3999999999999999
2025-12-11,3017,0.008791536,0.3601398601398602
2025-12-12,3017,-0.0038819239,0.4736842105263157
2025-12-15,3017,-0.007049404,0.6485507246376812
2025-12-16,3017,-0.0070443116,0.6319702602230484
2025-12-17,3017,-0.0016937219,0.5932835820895523
2025-12-18,3017,0.24483013,0.46323529411764697
2025-12-19,3017,0.1388185,0.45517241379310347
2025-12-22,3017,0.23896578,0.40338983050847466
2025-12-23,3017,0.26377308,0.3443708609271523
2025-12-24,3017,0.023305811,0.4866666666666666
2025-12-26,3017,0.19926223,0.4703947368421053
2025-12-29,3017,0.24183157,0.46601941747572817
2025-12-30,3017,0.023050621,0.43790849673202614
2025-12-31,3017,0.022975221,0.5298013245033113
2026-01-02,3017,0.022847949,0.597938144329897
2026-01-05,3017,0.029208196,0.6827586206896552
2026-01-06,3017,0.022922434,0.6842105263157894
2026-01-07,3017,0.022899274,0.8109090909090908
2026-01-08,3017,0.02342706,0.8929889298892988
2026-01-09,3017,0.076591626,0.96
2026-01-12,3017,0.023142945,0.9778597785977861
2026-01-13,3017,0.026244028,1.1895910780669143
2026-01-14,3017,0.19828826,0.9964788732394365
2026-01-15,3017,0.020864196,1.0144927536231885
2026-01-16,3017,0.021323377,1.0845588235294117
2026-01-19,3017,0.04445958,1.21484375
2026-01-20,3017,0.07649066,1.227799227799228
2026-01-21,3017,0.02266663,1.11328125
2026-01-22,3017,0.19789481,0.7970479704797049
2026-01-23,3017,0.17190562,0.7563636363636363
2026-01-26,3017,0.029622497,0.7846715328467153
2026-01-27,3017,0.2644027,0.7992957746478873
2026-01-28,3017,0.2661186,0.7201365187713311
2026-01-29,3017,0.18697965,0.7290969899665551
2026-01-30,3017,0.021981198,0.75
2026-02-02,3017,0.2414141,0.6476510067114094
2026-02-03,3017,0.29659125,0.47400611620795097
2026-02-04,3017,0.2569818,0.4268656716417911
2026-02-05,3017,0.022840854,0.4355828220858895
2026-02-06,3017,0.022847338,0.5642633228840126
2026-02-09,3017,0.03547483,0.590625
2026-02-10,3017,0.09080657,0.5895061728395061
2026-02-11,3017,0.023150424,0.6978193146417446
2026-02-23,3017,0.02705913,0.7763157894736843
2026-02-24,3017,0.25643754,0.6645161290322581
2026-02-25,3017,0.17502931,0.5910447761194031
2026-02-26,3017,0.22220483,0.5779036827195467
2026-03-02,3017,0.02727316,0.5297450424929178
2026-03-03,3017,0.0612522,0.5905292479108635
2026-03-04,3017,0.022820976,0.5485714285714285
2026-03-05,3017,0.2620649,0.4285714285714286
2026-03-06,3017,0.10038421,0.3929539295392954
2025-11-26,3045,0.025310725,-0.013761471228328714
2025-11-27,3045,0.028238362,-0.01843317786154275
2025-11-28,3045,0.0310023,-0.018518526214452935
2025-12-01,3045,0.030121641,-0.009345793480842413
2025-12-02,3045,0.026859121,0.0
2025-12-03,3045,0.025938176,0.018867932517388608
2025-12-04,3045,0.025945999,0.03791468800441078
2025-12-05,3045,0.025930075,0.04761905282613088
2025-12-08,3045,0.022597143,0.04285714356719961
2025-12-09,3045,0.030822614,0.04306220143484962
2025-12-10,3045,0.026894558,0.04306220143484962
2025-12-11,3045,0.026221521,0.03301886959666267
2025-12-12,3045,0.028820464,0.03317535695070073
2025-12-15,3045,0.030978322,0.03809524424906363
2025-12-16,3045,0.0286124,0.04285714356719961
2025-12-17,3045,0.032204516,0.04306220143484962
2025-12-18,3045,0.027954593,0.04306220143484962
2025-12-19,3045,0.008456305,0.03301886959666267
2025-12-22,3045,0.001796104,0.023364488579599163
2025-12-23,3045,0.008523218,0.0281690111856836
2025-12-24,3045,0.012123391,0.009216588930771374
2025-12-26,3045,0.022575745,-0.013452908795228535
2025-12-29,3045,0.037349276,0.004566214354770226
2025-12-30,3045,0.039536864,-0.004524881706033823
2025-12-31,3045,0.030569183,0.013824888206219077
2026-01-02,3045,0.034207776,0.018518516549791197
2026-01-05,3045,0.03355235,0.02803739019751328
2026-01-06,3045,0.03568038,0.05140186902212651
2026-01-07,3045,0.035115056,0.06074767225795474
2026-01-08,3045,0.033871546,0.06074767225795474
2026-01-09,3045,0.03223869,0.05116279033638649
2026-01-12,3045,0.031881817,0.041860465703372096
2026-01-13,3045,0.030894212,0.05607477064004063
2026-01-14,3045,0.03130054,0.041860465703372096
2026-01-15,3045,0.031088462,0.027777774824686796
2026-01-16,3045,0.031700015,0.03703703309958217
2026-01-19,3045,0.03311827,0.027649766792314123
2026-01-20,3045,0.03183084,0.027906973899043397
2026-01-21,3045,0.03263618,0.027906973899043397
2026-01-22,3045,0.031613432,0.02325581643734309
2026-01-23,3045,0.030780552,0.02325581643734309
2026-01-26,3045,0.030214692,0.02325581643734309
2026-01-27,3045,0.02962751,0.032863851283689405
2026-01-28,3045,0.03038813,0.037735855187763345
2026-01-29,3045,0.028478932,0.06161137295400887
2026-01-30,3045,0.02639727,0.09004738895731701
2026-02-02,3045,0.027351268,0.09047619639333049
2026-02-03,3045,0.026135763,0.08571428713439921
2026-02-04,3045,0.027099928,0.11483253383014613
2026-02-05,3045,0.02323035,0.09523809571146646
2026-02-06,3045,0.022536075,0.07582938590250388
2026-02-09,3045,0.024264151,0.06666666998026516
2026-02-10,3045,0.024118226,0.05687203200661628
2026-02-11,3045,0.02399822,0.03755868158091147
2026-02-23,3045,0.0283565,0.02325581643734309
2026-02-24,3045,0.032946378,0.027777774824686796
2026-02-25,3045,0.036038395,0.027649766792314123
2026-02-26,3045,0.039109647,0.06046511496940088
2026-03-02,3045,0.040110044,0.06451613213552387
2026-03-03,3045,0.041055538,0.06912442179084732
2026-03-04,3045,0.04055584,0.07407406619916435
2026-03-05,3045,0.040048957,0.07906976423542988
2026-03-06,3045,0.03845921,0.06481480792426897
2025-11-26,3231,0.11369663,-0.10526315521452767
2025-11-27,3231,0.06794615,-0.11340206369197348
2025-11-28,3231,0.029257962,-0.07958477776750772
2025-12-01,3231,0.023583733,-0.06028368846469834
2025-12-02,3231,0.031355523,-0.06293706283567257
2025-12-03,3231,0.022483533,-0.06896552241854947
2025-12-04,3231,0.013480518,-0.082191782864515
2025-12-05,3231,0.06734307,-0.13576159204099236
2025-12-08,3231,0.08413608,-0.14429530266714719
2025-12-09,3231,0.054509036,-0.13043478652804041
2025-12-10,3231,0.066862576,-0.14915254292084656
2025-12-11,3231,0.058530606,-0.1041666642669754
2025-12-12,3231,0.054295793,-0.10801393398479209
2025-12-15,3231,0.056654632,-0.10247349618807422
2025-12-16,3231,0.057802994,-0.08633093020823623
2025-12-17,3231,0.048798934,-0.09057971158746403
2025-12-18,3231,0.06565854,-0.12186379350325227
2025-12-19,3231,0.17959163,-0.11805554995627576
2025-12-22,3231,0.055436812,-0.14675768029183023
2025-12-23,3231,0.02835006,-0.14827586283321448
2025-12-24,3231,0.037429467,-0.09965636245651333
2025-12-26,3231,0.049953464,-0.09556313884494871
2025-12-29,3231,0.031700797,-0.0753424694009196
2025-12-30,3231,0.04508119,-0.08503401497269669
2025-12-31,3231,0.085228495,-0.09302325469262673
2026-01-02,3231,0.080893934,-0.1419354840867153
2026-01-05,3231,0.050723013,-0.13548387269372186
2026-01-06,3231,0.045758255,-0.11650485384778131
2026-01-07,3231,0.09975012,-0.11356466819200761
2026-01-08,3231,0.046043567,-0.04304635443328508
2026-01-09,3231,0.06835006,-0.03355705295677369
2026-01-12,3231,0.07013753,-0.044520551714283596
2026-01-13,3231,0.05822975,-0.013937279008041092
2026-01-14,3231,0.07461783,-0.023972604223040594
2026-01-15,3231,0.05099688,-0.020905918512061583
2026-01-16,3231,0.059176765,-0.03103448258604835
2026-01-19,3231,0.07442194,-0.010830322396746972
2026-01-20,3231,0.09809015,0.03308823509794934
2026-01-21,3231,0.07376072,0.06367041268302276
2026-01-22,3231,0.047413293,0.08118081612750383
2026-01-23,3231,0.048403848,0.06959706840084645
2026-01-26,3231,0.04394263,0.07326007120145639
2026-01-27,3231,0.06567751,0.03345724904197933
2026-01-28,3231,0.045769952,0.052044613046438704
2026-01-29,3231,0.053065028,0.0603773599667734
2026-01-30,3231,0.04718649,0.05747126701575134
2026-02-02,3231,0.05046237,0.05859374433705655
2026-02-03,3231,0.042622134,0.054474703493971655
2026-02-04,3231,0.044845678,0.02713178465887478
2026-02-05,3231,0.03811106,0.0392156851585288
2026-02-06,3231,0.0522338,0.08527132206558119
2026-02-09,3231,0.0593632,0.10305344311860232
2026-02-10,3231,0.0338937,0.15057915564804758
2026-02-11,3231,0.055862643,0.11026615726785116
2026-02-23,3231,0.047237825,0.11969112392550318
2026-02-24,3231,0.046432104,0.10305344311860232
2026-02-25,3231,0.09115761,0.14855072760440735
2026-02-26,3231,0.049103,0.27941175966154863
2026-03-02,3231,0.038888946,0.4148148190809329
2026-03-03,3231,0.047939304,0.4752851690643687
2026-03-04,3231,0.049176656,0.4080000047769601
2026-03-05,3231,0.092072256,0.33073929483948783
2026-03-06,3231,0.06813734,0.25287356851426135
2025-11-26,3653,0.11327516,0.206831119544592
2025-11-27,3653,0.1860759,0.28729281767955794
2025-11-28,3653,0.2853705,0.19965576592082623
2025-12-01,3653,0.02506882,0.22857142857142865
2025-12-02,3653,0.0480472,0.15892857142857153
2025-12-03,3653,0.046037465,0.21942446043165464
2025-12-04,3653,0.0550973,0.33752244165170553
2025-12-05,3653,0.17123681,0.30065359477124187
2025-12-08,3653,0.026673732,0.2913907284768211
2025-12-09,3653,0.028244164,0.30508474576271194
2025-12-10,3653,0.0353581,0.31849315068493156
2025-12-11,3653,0.049237695,0.348122866894198
2025-12-12,3653,0.13671857,0.317195325542571
2025-12-15,3653,0.029545015,0.3516295025728988
2025-12-16,3653,0.028587515,0.42253521126760574
2025-12-17,3653,0.025256746,0.43807763401109057
2025-12-18,3653,0.029665204,0.42937853107344637
2025-12-19,3653,0.03491023,0.5019011406844107
2025-12-22,3653,0.04930016,0.4026465028355388
2025-12-23,3653,0.16881037,0.3848987108655617
2025-12-24,3653,0.07227334,0.45818181818181825
2025-12-26,3653,0.037451927,0.5474452554744527
2025-12-29,3653,0.039945886,0.5137614678899083
2025-12-30,3653,0.08189327,0.4655797101449275
2025-12-31,3653,0.03799934,0.45719489981785055
2026-01-02,3653,0.033086978,0.6042471042471043
2026-01-05,3653,0.043148573,0.6911196911196911
2026-01-06,3653,0.10226396,0.7291666666666667
2026-01-07,3653,0.04568117,1.0201207243460764
2026-01-08,3653,0.030268863,1.1963190184049082
2026-01-09,3653,0.16821128,1.1091617933723197
2026-01-12,3653,0.038368125,1.0946745562130178
2026-01-13,3653,0.040744983,1.2468619246861925
2026-01-14,3653,0.105770476,1.0244897959183672
2026-01-15,3653,0.05144669,1.0798319327731094
2026-01-16,3653,0.047125347,1.2593360995850622
2026-01-19,3653,0.050535493,1.213991769547325
2026-01-20,3653,0.058206365,1.154471544715447
2026-01-21,3653,0.037432656,1.051502145922747
2026-01-22,3653,0.20242488,0.681640625
2026-01-23,3653,0.14008519,0.38640429338103766
2026-01-26,3653,0.02972697,0.332116788321168
2026-01-27,3653,0.05358506,0.4364937388193202
2026-01-28,3653,0.04091391,0.395017793594306
2026-01-29,3653,0.08330317,0.21934369602763382
2026-01-30,3653,0.037568197,0.1848591549295775
2026-02-02,3653,0.19238967,0.17258883248730972
2026-02-03,3653,0.2441633,0.04140127388535042
2026-02-04,3653,0.03334109,-0.006430868167202619
2026-02-05,3653,0.037024774,0.010000000000000009
2026-02-06,3653,0.037127532,0.1212121212121211
2026-02-09,3653,0.23945364,0.16375198728139906
2026-02-10,3653,0.24703959,0.12537313432835817
2026-02-11,3653,0.04210802,0.1450858034321374
2026-02-23,3653,0.0336767,0.19155844155844148
2026-02-24,3653,0.041593052,0.19047619047619047
2026-02-25,3653,0.1970779,0.13258785942492013
2026-02-26,3653,0.041038737,0.23076923076923084
2026-03-02,3653,0.02980343,0.31034482758620685
2026-03-03,3653,0.044508174,0.2845394736842106
2026-03-04,3653,0.02649577,0.29513888888888884
2026-03-05,3653,0.19408315,0.15286624203821653
2026-03-06,3653,0.21618846,0.11859443631039523
2025-11-26,3661,0.035301954,-0.036977491961414755
2025-11-27,3661,0.03629646,-0.06849315068493156
2025-11-28,3661,0.036024295,0.018154311649016597
2025-12-01,3661,0.034966428,0.0075987841945288626
2025-12-02,3661,0.040908575,-0.06725146198830412
2025-12-03,3661,0.04453996,-0.020376175548589393
2025-12-04,3661,0.034455597,0.006309148264984188
2025-12-05,3661,0.032259747,0.045958795562599075
2025-12-08,3661,0.03322845,0.03205128205128216
2025-12-09,3661,0.038590178,0.03527607361963181
2025-12-10,3661,0.037153028,-0.053412462908011826
2025-12-11,3661,0.028665211,-0.05614567526555392
2025-12-12,3661,0.028867967,-0.021739130434782594
2025-12-15,3661,0.027903032,-0.03312302839116721
2025-12-16,3661,0.033924364,0.008291873963515828
2025-12-17,3661,0.037034243,-0.140625
2025-12-18,3661,0.033861224,-0.21608832807570977
2025-12-19,3661,0.03709243,-0.1508553654743391
2025-12-22,3661,0.036240824,-0.16124031007751938
2025-12-23,3661,0.037787095,-0.15993788819875776
2025-12-24,3661,0.035223447,-0.10062893081761004
2025-12-26,3661,0.039113823,-0.09953343701399686
2025-12-29,3661,0.035380624,-0.10766961651917406
2025-12-30,3661,0.03749633,-0.11334289813486376
2025-12-31,3661,0.03760878,-0.0883190883190883
2026-01-02,3661,0.034068987,-0.11691884456671253
2026-01-05,3661,0.03670285,-0.047945205479452024
2026-01-06,3661,0.03635505,-0.058902275769745605
2026-01-07,3661,0.029233098,-0.014945652173913082
2026-01-08,3661,0.02850035,0.10694444444444451
2026-01-09,3661,0.03066138,0.1386554621848739
2026-01-12,3661,0.034499206,0.09641873278236912
2026-01-13,3661,0.031414222,0.14693877551020407
2026-01-14,3661,0.032415323,0.20231213872832376
2026-01-15,3661,0.029002104,0.20481927710843384
2026-01-16,3661,0.02013396,0.19910179640718573
2026-01-19,3661,0.022665132,0.20378457059679778
2026-01-20,3661,0.01798815,0.25184094256259204
2026-01-21,3661,0.027891058,0.2808641975308641
2026-01-22,3661,0.021109562,0.39389312977099245
2026-01-23,3661,0.028183077,0.3979591836734695
2026-01-26,3661,0.027500307,0.3892045454545454
2026-01-27,3661,0.017409774,0.5670553935860059
2026-01-28,3661,0.01892492,0.57566765578635
2026-01-29,3661,0.02461207,0.46177370030581044
2026-01-30,3661,0.026381653,0.5456000000000001
2026-02-02,3661,0.016584063,0.4665605095541401
2026-02-03,3661,0.026784023,0.3825301204819278
2026-02-04,3661,0.024189314,0.30871491875923196
2026-02-05,3661,0.022159165,0.4175654853620956
2026-02-06,3661,0.025215194,0.5746388443017656
2026-02-09,3661,0.032963764,0.49010654490106553
2026-02-10,3661,0.026984282,0.48484848484848486
2026-02-11,3661,0.0271728,0.3727810650887573
2026-02-23,3661,0.019962009,0.3513513513513513
2026-02-24,3661,0.027325962,0.25364431486880457
2026-02-25,3661,0.025113128,0.26867816091954033
2026-02-26,3661,0.022106253,0.39111747851002865
2026-03-02,3661,0.019747937,0.3299418604651163
2026-03-03,3661,0.017676892,0.36959761549925485
2026-03-04,3661,0.028033534,0.39102564102564097
2026-03-05,3661,0.030579066,0.3103975535168195
2026-03-06,3661,0.025130706,0.25981873111782483
2025-11-26,3711,0.012616653,0.4712643651496009
2025-11-27,3711,-0.0013869107,0.45553145265949335
2025-11-28,3711,0.0022923946,0.5054466214076494
2025-12-01,3711,0.0014621317,0.4922048994769468
2025-12-02,3711,0.0038000643,0.4945295399692209
2025-12-03,3711,0.0062199757,0.4737991272052293
2025-12-04,3711,0.0037605837,0.4999999999999998
2025-12-05,3711,0.00835029,0.5476190491792416
2025-12-08,3711,0.004074525,0.46105263048762946
2025-12-09,3711,-0.005798254,0.43333333403412033
2025-12-10,3711,-0.0019427389,0.34764826231575485
2025-12-11,3711,-0.006758906,0.35991820380202233
2025-12-12,3711,-0.008213032,0.44558521617590774
2025-12-15,3711,-0.007751178,0.5341880326583737
2025-12-16,3711,-0.0069295093,0.5436681242624153
2025-12-17,3711,-0.0007014349,0.5470459500818239
2025-12-18,3711,-0.0029543005,0.47972972512265555
2025-12-19,3711,0.006305147,0.5729847470891443
2025-12-22,3711,0.002891805,0.5560344788401286
2025-12-23,3711,0.002868127,0.501066099044458
2025-12-24,3711,-0.002732344,0.633262264367044
2025-12-26,3711,0.001569707,0.6299376317695553
2025-12-29,3711,-0.01194261,0.5657370506876047
2025-12-30,3711,-0.014674231,0.6767068309794941
2025-12-31,3711,-0.017603911,0.6926147710460655
2026-01-02,3711,-0.025088705,0.7306201580632494
2026-01-05,3711,-0.02178318,0.7096774212079333
2026-01-06,3711,-0.017715983,0.6279926357558387
2026-01-07,3711,-0.021109402,0.6781818175679981
2026-01-08,3711,-0.024600863,0.7257769682735049
2026-01-09,3711,-0.018038362,0.7095588213879491
2026-01-12,3711,-0.013419058,0.6413427571098567
2026-01-13,3711,-0.015423961,0.7132987936137678
2026-01-14,3711,-0.005275674,0.6825127317361286
2026-01-15,3711,-0.0050692037,0.6599664998759898
2026-01-16,3711,-0.011950873,0.6095551867612954
2026-01-19,3711,-0.014371183,0.5986622068273366
2026-01-20,3711,-0.008810192,0.773648652115472
2026-01-21,3711,-0.011494793,0.7869415793855721
2026-01-22,3711,-0.0013000667,0.7583892574495239
2026-01-23,3711,-0.0069006756,0.7560975607354827
2026-01-26,3711,-0.005052969,0.6538461552145549
2026-01-27,3711,-0.0059902184,0.7520391519062446
2026-01-28,3711,0.001688499,0.7675159257264714
2026-01-29,3711,-0.0072938874,0.7677419343917804
2026-01-30,3711,-0.018527575,0.845117847840626
2026-02-02,3711,-0.012509007,0.8732876709843334
2026-02-03,3711,-0.0050839335,0.6887417217215297
2026-02-04,3711,-0.007002536,0.5603305761413704
2026-02-05,3711,-0.03401792,0.676056337027243
2026-02-06,3711,-0.009142168,0.6748768458540002
2026-02-09,3711,0.07702249,0.7155963270476327
2026-02-10,3711,0.022125104,0.7936046524248901
2026-02-11,3711,0.016448358,0.7235543028774702
2026-02-23,3711,-0.031284392,0.8395415470956651
2026-02-24,3711,0.017600287,0.6435124493646407
2026-02-25,3711,-0.001615569,0.5706940889641046
2026-02-26,3711,-0.015442722,0.5509677409845253
2026-03-02,3711,0.00936266,0.5924426426188443
2026-03-03,3711,-0.022089198,0.7190542386803933
2026-03-04,3711,-0.035534628,0.8106870245378637
2026-03-05,3711,0.018925656,0.6322489385820449
2026-03-06,3711,0.028005937,0.5789473688869502
2025-11-26,4904,0.037506882,0.028089884494146178
2025-11-27,4904,0.03183438,0.022497194683853472
2025-11-28,4904,0.03046881,0.03972758268083454
2025-12-01,4904,0.027720017,0.0429864267213349
2025-12-02,4904,0.026309015,0.04318181963001555
2025-12-03,4904,0.029090596,0.07594936587853218
2025-12-04,4904,0.026788402,0.07505773523900072
2025-12-05,4904,0.023246361,0.08796296535556425
2025-12-08,4904,0.02700979,0.08548009534267864
2025-12-09,4904,0.0219891,0.09673660180054444
2025-12-10,4904,0.021261912,0.08130081340034212
2025-12-11,4904,0.021228671,0.07577497003808364
2025-12-12,4904,0.024709878,0.08294930963784419
2025-12-15,4904,0.026053255,0.05485713539753645
2025-12-16,4904,0.025459137,0.048697624873848655
2025-12-17,4904,0.02942321,0.03762827796468726
2025-12-18,4904,0.03092752,0.04908676126560496
2025-12-19,4904,0.03170404,0.06250000737507899
2025-12-22,4904,0.029949922,0.053530756342244024
2025-12-23,4904,0.031406105,0.06264237645615878
2025-12-24,4904,0.029091062,0.06995412544961432
2025-12-26,4904,0.031846754,0.07562076709750976
2025-12-29,4904,0.031813934,0.05816554243368355
2025-12-30,4904,0.02978336,0.05717489355645644
2025-12-31,4904,0.027593503,0.06795017889189592
2026-01-02,4904,0.030343333,0.0719909996270014
2026-01-05,4904,0.029338999,0.07399103050267519
2026-01-06,4904,0.028690087,0.09192825566278073
2026-01-07,4904,0.028709024,0.09966404899849324
2026-01-08,4904,0.028551882,0.07295173841502911
2026-01-09,4904,0.030169578,0.0647321391837139
2026-01-12,4904,0.027515065,0.07752809007117478
2026-01-13,4904,0.02738272,0.08783784115635385
2026-01-14,4904,0.027491042,0.07502799494776347
2026-01-15,4904,0.027723873,0.03736264887406637
2026-01-16,4904,0.024290944,0.05378705235589165
2026-01-19,4904,0.024074335,0.04189635120534296
2026-01-20,4904,0.025114495,0.04429679022750932
2026-01-21,4904,0.025785986,0.06681514172716119
2026-01-22,4904,0.025178181,0.06494960444268782
2026-01-23,4904,0.025010234,0.06711409099743082
2026-01-26,4904,0.024901235,0.05733185745383573
2026-01-27,4904,0.020120414,0.07606263956117809
2026-01-28,4904,0.021649403,0.07062780078515529
2026-01-29,4904,0.020352567,0.08876404853584963
2026-01-30,4904,0.018762564,0.10472972649022583
2026-02-02,4904,0.025299978,0.0898004358011184
2026-02-03,4904,0.02996723,0.06725468289929548
2026-02-04,4904,0.034838162,0.0888888809405568
2026-02-05,4904,0.033601675,0.06586169932118224
2026-02-06,4904,0.03496616,0.03796095472780858
2026-02-09,4904,0.036040887,0.03243243103675919
2026-02-10,4904,0.034893967,0.02391305076578698
2026-02-11,4904,0.03483645,0.022850931889811577
2026-02-23,4904,0.03672338,-0.020042189286138323
2026-02-24,4904,0.039292097,-0.020920497592710974
2026-02-25,4904,0.040604495,0.003181326095273773
2026-02-26,4904,0.05407328,0.05543478821542869
2026-03-02,4904,0.050305963,0.06303418472728217
2026-03-03,4904,0.045936175,0.07142857063782282
2026-03-04,4904,0.04452814,0.10629067098534573
2026-03-05,4904,0.040541004,0.10928961692820338
2026-03-06,4904,0.039265506,0.08602150897818639
2025-11-26,5880,0.034081757,-0.039665970772442605
2025-11-27,5880,0.033114612,-0.03144654088050314
2025-11-28,5880,0.03289768,-0.023060796645702375
2025-12-01,5880,0.031140829,-0.02941176470588236
2025-12-02,5880,0.030741382,-0.03563941299790363
2025-12-03,5880,0.030817956,-0.031512605042016806
2025-12-04,5880,0.030474752,-0.029288702928870314
2025-12-05,5880,0.031215789,-0.03131524008350728
2025-12-08,5880,0.031737544,-0.04573804573804574
2025-12-09,5880,0.033032864,-0.047717842323651505
2025-12-10,5880,0.033909313,-0.06818181818181812
2025-12-11,5880,0.034743622,-0.059548254620123364
2025-12-12,5880,0.035107832,-0.04498977505112467
2025-12-15,5880,0.035702698,-0.04471544715447162
2025-12-16,5880,0.035957217,-0.0487804878048782
2025-12-17,5880,0.037690617,-0.0626262626262627
2025-12-18,5880,0.035604604,-0.05060728744939269
2025-12-19,5880,0.037497807,-0.03838383838383841
2025-12-22,5880,0.03851469,-0.048289738430583595
2025-12-23,5880,0.037219275,-0.04435483870967749
2025-12-24,5880,0.03519545,-0.02851323828920571
2025-12-26,5880,0.03621085,-0.01836734693877551
2025-12-29,5880,0.037826482,-0.02851323828920571
2025-12-30,5880,0.03788226,-0.020491803278688492
2025-12-31,5880,0.036828466,-0.016460905349794275
2026-01-02,5880,0.03447029,-0.016494845360824684
2026-01-05,5880,0.031798087,-0.016460905349794275
2026-01-06,5880,0.030070897,-0.016460905349794275
2026-01-07,5880,0.03892266,-0.016632016632016744
2026-01-08,5880,0.035584606,-0.018749999999999933
2026-01-09,5880,0.029396625,-0.02904564315352709
2026-01-12,5880,0.029119754,-0.03340292275574119
2026-01-13,5880,0.025967307,-0.04166666666666663
2026-01-14,5880,0.023018632,-0.04384133611691021
2026-01-15,5880,0.02196684,-0.04573804573804574
2026-01-16,5880,0.022450099,-0.03340292275574119
2026-01-19,5880,0.023444852,-0.04375000000000007
2026-01-20,5880,0.026949728,-0.03983228511530412
2026-01-21,5880,0.029579189,-0.03375527426160341
2026-01-22,5880,0.024760915,-0.03164556962025311
2026-01-23,5880,0.022599246,-0.03157894736842104
2026-01-26,5880,0.022984501,-0.031512605042016806
2026-01-27,5880,0.024259843,-0.029535864978902926
2026-01-28,5880,0.023176432,-0.03797468354430378
2026-01-29,5880,0.023000266,-0.04192872117400415
2026-01-30,5880,0.03257279,-0.03397027600849256
2026-02-02,5880,0.035848603,-0.021413276231263434
2026-02-03,5880,0.028396409,-0.03404255319148941
2026-02-04,5880,0.026266802,-0.031847133757961776
2026-02-05,5880,0.027180804,-0.04421052631578948
2026-02-06,5880,0.028959477,-0.04016913319238902
2026-02-09,5880,0.03017745,-0.04421052631578948
2026-02-10,5880,0.03110902,-0.05230125523012552
2026-02-11,5880,0.0320871,-0.05020920502092052
2026-02-23,5880,0.035167027,-0.061855670103092786
2026-02-24,5880,0.03681727,-0.05613305613305619
2026-02-25,5880,0.038404033,-0.045929018789144016
2026-02-26,5880,0.037651002,-0.04791666666666661
2026-03-02,5880,0.038774066,-0.03757828810020869
2026-03-03,5880,0.038828745,-0.025000000000000022
2026-03-04,5880,0.04181318,0.010660980810234477
2026-03-05,5880,0.035908237,0.002136752136752129
2026-03-06,5880,0.030672409,-0.014957264957264904
2025-11-26,6505,0.15722206,0.35856574029849453
2025-11-27,6505,0.14865375,0.1807692498318989
2025-11-28,6505,0.18104517,0.10325047756279138
2025-12-01,6505,0.18811843,0.12404578960751378
2025-12-02,6505,0.16481392,0.07421150098756746
2025-12-03,6505,0.17535982,0.0881801011582799
2025-12-04,6505,0.17008606,0.06179775958757516
2025-12-05,6505,0.18571901,0.1067961001165394
2025-12-08,6505,0.20690313,0.11456308813271754
2025-12-09,6505,0.24955693,0.09765625265294853
2025-12-10,6505,0.28130344,0.09729187151131535
2025-12-11,6505,0.28439653,0.1325796572629645
2025-12-12,6505,0.3615792,0.11680327061472351
2025-12-15,6505,0.34685782,0.10956175850744065
2025-12-16,6505,0.29527947,0.14314719987865998
2025-12-17,6505,0.27835584,0.16891191865797484
2025-12-18,6505,0.29151097,0.15151515281052186
2025-12-19,6505,0.27436003,0.1460905303030302
2025-12-22,6505,0.28053117,0.1278350474593959
2025-12-23,6505,0.2202326,0.15212983267683788
2025-12-24,6505,0.24726155,0.11613565328380915
2025-12-26,6505,0.28091082,0.08213552089725806
2025-12-29,6505,0.2719354,0.06122448298057637
2025-12-30,6505,0.2770784,0.1244898078026202
2025-12-31,6505,0.23288131,0.17573220960568547
2026-01-02,6505,0.22644752,0.16738198319724917
2026-01-05,6505,0.21639517,0.16985139816047634
2026-01-06,6505,0.22623977,0.17057568729125938
2026-01-07,6505,0.17879581,0.13207547169811318
2026-01-08,6505,0.18153584,0.11344537869292082
2026-01-09,6505,0.19554868,0.10714286481638102
2026-01-12,6505,0.17188111,0.06488156554836055
2026-01-13,6505,0.18837383,0.09090908108084506
2026-01-14,6505,0.19107193,0.08141961632739014
2026-01-15,6505,0.16014874,0.05799998850454546
2026-01-16,6505,0.19666624,0.1180124144691388
2026-01-19,6505,0.2177164,0.16891191865797484
2026-01-20,6505,0.20849532,0.16504854368932032
2026-01-21,6505,0.24689284,0.20960699538312322
2026-01-22,6505,0.2500445,0.16224814500264229
2026-01-23,6505,0.28590718,0.10105264690002524
2026-01-26,6505,0.21537605,0.0153256661442005
2026-01-27,6505,0.21031427,0.04651163482103349
2026-01-28,6505,0.22616333,0.00759013065467018
2026-01-29,6505,0.23162958,0.009541967300989107
2026-01-30,6505,0.21942401,-0.01872657698369873
2026-02-02,6505,0.19546294,0.05230768494889726
2026-02-03,6505,0.2111578,0.050256398249955314
2026-02-04,6505,0.19869795,0.03012048897946662
2026-02-05,6505,0.20549366,0.0312185180498592
2026-02-06,6505,0.20289022,0.05555555555555536
2026-02-09,6505,0.19159326,0.020000004499999946
2026-02-10,6505,0.20173615,0.010204083975426936
2026-02-11,6505,0.19215766,-0.009045226213295732
2026-02-23,6505,0.17121676,-0.03094776690466805
2026-02-24,6505,0.17942673,-0.04770993409342528
2026-02-25,6505,0.15086938,-0.08214286053455466
2026-02-26,6505,0.13281438,-0.0220183423227307
2026-03-02,6505,0.16458286,-0.03539822031696083
2026-03-03,6505,0.18694064,-0.04931971851414496
2026-03-04,6505,0.19539687,-0.04643449796472188
2026-03-05,6505,0.20326507,-0.01950355404071835
2026-03-06,6505,0.21907315,-0.15161290194872767
2025-11-26,6669,0.027517835,-0.11685393244917064
2025-11-27,6669,0.03126809,-0.11011235942325692
2025-11-28,6669,0.031247169,-0.08315098458910386
2025-12-01,6669,0.027650587,-0.07787810374702764
2025-12-02,6669,0.026202947,-0.0915178570377585
2025-12-03,6669,0.030336479,-0.12934782594228922
2025-12-04,6669,0.024818044,-0.12761276113167364
2025-12-05,6669,0.025966268,-0.1835645677875255
2025-12-08,6669,0.021377515,-0.18682505401032024
2025-12-09,6669,0.021512352,-0.15818584075555875
2025-12-10,6669,0.021704966,-0.19447513812782868
2025-12-11,6669,0.020470068,-0.1758849557796609
2025-12-12,6669,0.024924716,-0.146424517656217
2025-12-15,6669,0.022439158,-0.19230769231691724
2025-12-16,6669,0.025409158,-0.18389423078914935
2025-12-17,6669,0.018524662,-0.19281437126633982
2025-12-18,6669,0.016586373,-0.20958083831154684
2025-12-19,6669,0.020296615,-0.20186697782739682
2025-12-22,6669,0.014869638,-0.19764705882637779
2025-12-23,6669,0.017745676,-0.20211515863434026
2025-12-24,6669,0.016778467,-0.15801886797546816
2025-12-26,6669,0.021748707,-0.16744186050407095
2025-12-29,6669,0.020364087,-0.1655172414200936
2025-12-30,6669,0.019508323,-0.1706484641981817
2025-12-31,6669,0.019422118,-0.16276477150313662
2026-01-02,6669,0.014591277,-0.1696428571777191
2026-01-05,6669,0.015930124,-0.18502202644869137
2026-01-06,6669,0.016471919,-0.1755146262461479
2026-01-07,6669,0.014097329,-0.14775160583294356
2026-01-08,6669,0.011785671,-0.09247311817725667
2026-01-09,6669,0.022802196,0.025943396194935353
2026-01-12,6669,0.031038366,0.03785103780348331
2026-01-13,6669,0.02477636,0.18846153821292377
2026-01-14,6669,0.027649064,0.23484848480320974
2026-01-15,6669,0.03413628,0.21673003800099555
2026-01-16,6669,0.033008605,0.2666666669177422
2026-01-19,6669,0.035575643,0.2567204301000914
2026-01-20,6669,0.036254864,0.3242506813960102
2026-01-21,6669,0.0380662,0.319001387169199
2026-01-22,6669,0.031597808,0.32005312104664907
2026-01-23,6669,0.038100265,0.32070365378564447
2026-01-26,6669,0.032998323,0.35416666682297593
2026-01-27,6669,0.040169224,0.4432432433063789
2026-01-28,6669,0.03476346,0.5627530366452578
2026-01-29,6669,0.034022912,0.5000000002766025
2026-01-30,6669,0.038518775,0.5202797202563725
2026-02-02,6669,0.03513205,0.4188626907999857
2026-02-03,6669,0.035004064,0.3664429531677049
2026-02-04,6669,0.036197644,0.3288043480175582
2026-02-05,6669,0.035870694,0.3601108034835907
2026-02-06,6669,0.034723982,0.46639231828211924
2026-02-09,6669,0.034131028,0.5220385674681245
2026-02-10,6669,0.034740016,0.5223880599557167
2026-02-11,6669,0.036555372,0.41176470597945536
2026-02-23,6669,0.03390622,0.32853403159835803
2026-02-24,6669,0.03612731,0.2907431553745161
2026-02-25,6669,0.03604127,0.3411330047472656
2026-02-26,6669,0.035373196,0.3787499997700914
2026-03-02,6669,0.036318477,0.31927710828586564
2026-03-03,6669,0.037663862,0.3510253317857577
2026-03-04,6669,0.04584465,0.424552429635213
2026-03-05,6669,0.03298443,0.3412322275597981
2026-03-06,6669,0.03463773,0.2514827994626647
2025-11-26,6919,0.5192335,-0.16293929712460065
2025-11-27,6919,0.44909686,-0.1352201257861635
2025-11-28,6919,0.43782145,-0.14012738853503182
2025-12-01,6919,0.4273677,-0.19426751592356684
2025-12-02,6919,0.4326272,-0.2365930599369085
2025-12-03,6919,0.42065513,-0.26126126126126126
2025-12-04,6919,0.4299232,-0.33606557377049184
2025-12-05,6919,0.40539813,-0.30746268656716413
2025-12-08,6919,0.48474345,-0.3731343283582089
2025-12-09,6919,0.48683092,-0.4064327485380117
2025-12-10,6919,0.4654406,-0.43413173652694614
2025-12-11,6919,0.43684793,-0.4341463414634147
2025-12-12,6919,0.4591874,-0.4486486486486486
2025-12-15,6919,0.4338541,-0.4650000000000001
2025-12-16,6919,0.44296238,-0.48444444444444446
2025-12-17,6919,0.43876985,-0.4902597402597403
2025-12-18,6919,0.42593738,-0.428476821192053
2025-12-19,6919,0.4350623,-0.406875
2025-12-22,6919,0.42083043,-0.41046153846153843
2025-12-23,6919,0.41479883,-0.34782608695652173
2025-12-24,6919,0.39029083,-0.2666666666666667
2025-12-26,6919,0.3826767,-0.29721362229102166
2025-12-29,6919,0.37346697,-0.2933753943217665
2025-12-30,6919,0.36906677,-0.3214285714285714
2025-12-31,6919,0.36822245,-0.3096774193548387
2026-01-02,6919,0.3686001,-0.30293159609120524
2026-01-05,6919,0.36899635,-0.30293159609120524
2026-01-06,6919,0.36169884,-0.2847682119205298
2026-01-07,6919,0.3686296,-0.24734982332155475
2026-01-08,6919,0.32007205,-0.21478873239436624
2026-01-09,6919,0.32873675,-0.24745762711864405
2026-01-12,6919,0.29328272,-0.25762711864406784
2026-01-13,6919,0.28536114,-0.3147766323024055
2026-01-14,6919,0.2683692,-0.3853333333333333
2026-01-15,6919,0.30140963,-0.38787878787878793
2026-01-16,6919,0.43361303,-0.34705882352941175
2026-01-19,6919,0.35183457,-0.36585365853658536
2026-01-20,6919,0.32422626,-0.36503067484662577
2026-01-21,6919,0.35569787,-0.38414634146341464
2026-01-22,6919,0.34916416,-0.36363636363636365
2026-01-23,6919,0.352517,-0.400593471810089
2026-01-26,6919,0.34614515,-0.3459119496855346
2026-01-27,6919,0.34959006,-0.37951807228915657
2026-01-28,6919,0.33023795,-0.40972644376899703
2026-01-29,6919,0.35157335,-0.3963525835866262
2026-01-30,6919,0.3477727,-0.4114803625377643
2026-02-02,6919,0.38462302,-0.4140243902439025
2026-02-03,6919,0.32949004,-0.43343283582089553
2026-02-04,6919,0.33039913,-0.3846153846153846
2026-02-05,6919,0.35540122,-0.39520958083832336
2026-02-06,6919,0.39252216,-0.4064327485380117
2026-02-09,6919,0.22825661,-0.3619631901840491
2026-02-10,6919,0.37082452,-0.2775919732441472
2026-02-11,6919,0.38103154,-0.359375
2026-02-23,6919,0.38823387,-0.39939024390243905
2026-02-24,6919,0.36339882,-0.40061162079510704
2026-02-25,6919,0.36708245,-0.3777089783281734
2026-02-26,6919,0.36287534,-0.40060790273556235
2026-03-02,6919,0.35135397,-0.3873417721518988
2026-03-03,6919,0.3441889,-0.35451505016722407
2026-03-04,6919,0.32636568,-0.3114285714285714
2026-03-05,6919,0.33278522,-0.3263157894736842
2026-03-06,6919,0.34697318,-0.34408602150537637
2025-11-26,7769,0.0402726,0.502868068833652
2025-11-27,7769,0.04685385,0.3962585034013606
2025-11-28,7769,0.045651373,0.44166666666666665
2025-12-01,7769,0.043795563,0.4965397923875432
2025-12-02,7769,0.038523357,0.3667820069204153
2025-12-03,7769,0.045555286,0.32305194805194803
2025-12-04,7769,0.03966343,0.38916256157635476
2025-12-05,7769,0.039548192,0.4797297297297298
2025-12-08,7769,0.037577614,0.40303541315345703
2025-12-09,7769,0.04317243,0.3798319327731092
2025-12-10,7769,0.040837966,0.2559618441971383
2025-12-11,7769,0.03506523,0.1828298887122417
2025-12-12,7769,0.03770269,0.20970266040688568
2025-12-15,7769,0.039914533,0.20500782472613466
2025-12-16,7769,0.0312864,0.18808777429467094
2025-12-17,7769,0.030862993,0.13455657492354733
2025-12-18,7769,0.033075582,0.06212121212121202
2025-12-19,7769,0.034325022,0.16995447647951445
2025-12-22,7769,0.03943351,0.1621212121212121
2025-12-23,7769,0.03768684,0.21884498480243164
2025-12-24,7769,0.03829389,0.3027522935779816
2025-12-26,7769,0.03469338,0.25221238938053103
2025-12-29,7769,0.03215901,0.2426035502958579
2025-12-30,7769,0.032034837,0.19533527696792996
2025-12-31,7769,0.031588733,0.22189781021897814
2026-01-02,7769,0.028235009,0.2419825072886297
2026-01-05,7769,0.028589439,0.2859281437125749
2026-01-06,7769,0.04095677,0.3803680981595092
2026-01-07,7769,0.03634859,0.338855421686747
2026-01-08,7769,0.044185765,0.42651757188498407
2026-01-09,7769,0.038578384,0.44006069802731407
2026-01-12,7769,0.033658803,0.39622641509433953
2026-01-13,7769,0.03626656,0.3670520231213872
2026-01-14,7769,0.037399456,0.4179743223965764
2026-01-15,7769,0.034986913,0.47186147186147176
2026-01-16,7769,0.038393054,0.47875354107648715
2026-01-19,7769,0.036695324,0.4128571428571428
2026-01-20,7769,0.03848369,0.5393419170243205
2026-01-21,7769,0.036703162,0.5664335664335665
2026-01-22,7769,0.032818057,0.5418918918918918
2026-01-23,7769,0.034080844,0.564343163538874
2026-01-26,7769,0.034214377,0.52832674571805
2026-01-27,7769,0.031456977,0.6900662251655629
2026-01-28,7769,0.028051248,0.812664907651715
2026-01-29,7769,0.030030854,0.984
2026-01-30,7769,0.031003224,1.016
2026-02-02,7769,0.028612502,0.8386666666666667
2026-02-03,7769,0.031039556,0.7263294422827498
2026-02-04,7769,0.024517398,0.7345597897503284
2026-02-05,7769,0.027039392,0.8839406207827261
2026-02-06,7769,0.029599415,1.0799457994579944
2026-02-09,7769,0.031675264,1.0077922077922077
2026-02-10,7769,0.028592633,0.9112499999999999
2026-02-11,7769,0.03395809,0.8181818181818181
2026-02-23,7769,0.03588573,0.7727272727272727
2026-02-24,7769,0.039291807,0.6720955483170468
2026-02-25,7769,0.03368845,0.7154724818276219
2026-02-26,7769,-0.009352624,0.5462962962962963
2026-03-02,7769,0.048384193,0.6399999999999999
2026-03-03,7769,0.049173974,0.8132530120481927
2026-03-04,7769,0.042223394,0.8555276381909547
2026-03-05,7769,0.04228746,0.7137809187279152
2026-03-06,7769,0.037781402,0.6690391459074734
