date,stock_id,predicted,actual
2025-06-11,1216,0.057443917,0.0389579607190933
2025-06-12,1216,0.057173178,0.040261459367603614
2025-06-13,1216,0.05875136,0.03503728809710904
2025-06-16,1216,0.052016146,0.03110688736274625
2025-06-17,1216,0.054241583,0.04290168759115853
2025-06-18,1216,0.059214942,0.053604861141264726
2025-06-19,1216,0.052378565,0.06308009328434117
2025-06-20,1216,0.05790721,0.05229334480537329
2025-06-23,1216,0.0558452,0.03764115342461216
2025-06-24,1216,0.05526854,0.01816103182932438
2025-06-25,1216,0.05292476,0.0271863288556633
2025-06-26,1216,0.057594933,0.013089242230180709
2025-06-27,1216,0.06269066,0.024686830249434077
2025-06-30,1216,0.06437987,0.003053111764750982
2025-07-01,1216,0.06710877,-0.0042709157339368975
2025-07-02,1216,0.06327099,-0.00791382334536428
2025-07-03,1216,0.059753448,0.001816307038708942
2025-07-04,1216,0.068186566,-0.01895745237337143
2025-07-07,1216,0.069711715,-0.02885821831869506
2025-07-08,1216,0.078124374,-0.03293825910090231
2025-07-09,1216,0.07349713,-0.030706461269720653
2025-07-10,1216,0.08007179,-0.041417224116727214
2025-07-11,1216,0.0827744,-0.05157886880076179
2025-07-14,1216,0.08175269,-0.051160489719427216
2025-07-15,1216,0.07671581,-0.04944220287243606
2025-07-16,1216,0.08202937,-0.05823446049237735
2025-07-17,1216,0.07913688,-0.055372083258973026
2025-07-18,1216,0.07959812,-0.05154055182961503
2025-07-21,1216,0.078121126,-0.05222384411898007
2025-07-22,1216,0.077450685,-0.05896682070866943
2025-07-23,1216,0.07723281,-0.039310211746489965
2025-07-24,1216,0.075155914,-0.04012118482191984
2025-07-25,1216,0.070984274,-0.03446817828943527
2025-07-28,1216,0.08125205,-0.01959085162307539
2025-07-29,1216,0.07518642,-4.557581219799545e-05
2025-07-30,1216,0.067823514,-0.012547051442910906
2025-07-31,1216,0.07434113,-0.01388888888888895
2025-08-01,1216,0.070577875,-0.01637279596977348
2025-08-04,1216,0.070485406,-0.02375000000000005
2025-08-05,1216,0.0661048,-0.028822055137844527
2025-08-06,1216,0.05895269,-0.03413400758533491
2025-08-07,1216,0.05965937,-0.04551201011377992
2025-08-08,1216,0.064300366,-0.04092071611253201
2025-08-11,1216,0.066907644,-0.03213367609254503
2025-08-12,1216,0.06230542,-0.03856041131105403
2025-08-13,1216,0.069443755,-0.030927835051546282
2025-08-14,1216,0.062370002,-0.03964194373401542
2025-08-15,1216,0.06099631,-0.048223350253807085
2025-08-18,1216,0.055766933,-0.03856041131105403
2025-08-19,1216,0.0536343,-0.02975420439844756
2025-08-20,1216,0.054465562,-0.02983138780804151
2025-08-21,1216,0.062310725,-0.037275064267352054
2025-08-22,1216,0.051069148,-0.0335483870967741
2025-08-25,1216,0.05034098,-0.03341902313624667
2025-08-26,1216,0.057632692,0.003931847968545288
2025-08-27,1216,0.052839108,-0.0026075619295958807
2025-08-28,1216,0.059651427,-0.015444015444015524
2025-08-29,1216,0.04853689,-0.021963824289405687
2025-09-01,1216,0.04105673,-0.027131782945736593
2025-09-02,1216,0.04709836,-0.03196930946291565
2025-09-03,1216,0.03727243,-0.019255455712451908
2025-09-04,1216,0.037390478,-0.03585147247119069
2025-09-05,1216,0.035450496,-0.04225352112676051
2025-06-11,1301,0.15095648,0.0762698978778873
2025-06-12,1301,0.15239692,0.06442648818109342
2025-06-13,1301,0.15506423,0.05284089419571458
2025-06-16,1301,0.14070468,0.012852277709276771
2025-06-17,1301,0.15376225,0.062097552453429294
2025-06-18,1301,0.15126558,0.07696825911744543
2025-06-19,1301,0.15661174,0.10560087825307263
2025-06-20,1301,0.1569992,0.10910085779336787
2025-06-23,1301,0.1634754,0.09008746340223683
2025-06-24,1301,0.16731223,0.10640497144787964
2025-06-25,1301,0.16642034,0.11837391154485433
2025-06-26,1301,0.17109197,0.10276889828169233
2025-06-27,1301,0.17111829,0.09476545300523842
2025-06-30,1301,0.16693105,0.13206759725731887
2025-07-01,1301,0.16195345,0.09397345527227752
2025-07-02,1301,0.15853414,0.08604404088471052
2025-07-03,1301,0.15757057,0.06868663501602801
2025-07-04,1301,0.15594035,0.0477319707803725
2025-07-07,1301,0.16279384,0.0559828595074654
2025-07-08,1301,0.15636222,0.09921010565746369
2025-07-09,1301,0.15457383,0.14913524640491516
2025-07-10,1301,0.14664455,0.15090167996652526
2025-07-11,1301,0.15346026,0.13948862732986878
2025-07-14,1301,0.15503526,0.06107953865151883
2025-07-15,1301,0.15810707,0.029207244139664246
2025-07-16,1301,0.15999773,0.057909602546167394
2025-07-17,1301,0.1424224,0.03046355646593968
2025-07-18,1301,0.14524437,0.001288657849190633
2025-07-21,1301,0.14723022,-0.011568105981570098
2025-07-22,1301,0.14980435,0.0
2025-07-23,1301,0.14689992,0.0
2025-07-24,1301,0.1565597,0.01781170352739392
2025-07-25,1301,0.14860916,0.011464976474822253
2025-07-28,1301,0.14953914,-0.022471901332851263
2025-07-29,1301,0.15666248,0.010309288811249484
2025-07-30,1301,0.1343759,-0.10668230185153527
2025-07-31,1301,0.14725402,-0.11606095118496329
2025-08-01,1301,0.1517578,-0.07493856076970684
2025-08-04,1301,0.15603723,-0.026420092437065223
2025-08-05,1301,0.15159649,-0.0026702229385464626
2025-08-06,1301,0.15401585,0.005208325391942603
2025-08-07,1301,0.15293868,0.020942429684096098
2025-08-08,1301,0.1562674,0.06258323568679547
2025-08-11,1301,0.15661588,0.07542261695538088
2025-08-12,1301,0.19848958,0.07430729312877071
2025-08-13,1301,0.19229892,0.08269720412243942
2025-08-14,1301,0.16373003,0.09669211954111523
2025-08-15,1301,0.17226474,0.044025140940984864
2025-08-18,1301,0.20185927,-0.008663378119020293
2025-08-19,1301,0.18905903,0.05357142443267637
2025-08-20,1301,0.17521647,0.04986877057675687
2025-08-21,1301,0.21284422,-0.001233043750199725
2025-08-22,1301,0.19943681,-0.034739476160072225
2025-08-25,1301,0.19108906,-0.012500006309297929
2025-08-26,1301,0.22403947,0.019631896946741945
2025-08-27,1301,0.20317903,0.04125001324952571
2025-08-28,1301,0.16912198,0.07161124738620783
2025-08-29,1301,0.16475403,0.11553271311483093
2025-09-01,1301,0.16250227,0.13015465091005574
2025-09-02,1301,0.16788235,0.12483573937623027
2025-09-03,1301,0.16630395,0.11655627417706227
2025-09-04,1301,0.1569006,0.09542482249116335
2025-09-05,1301,0.16881877,0.06613757228419037
2025-06-11,1303,0.1596609,0.31297865422925675
2025-06-12,1303,0.16110161,0.34168557379868303
2025-06-13,1303,0.16565688,0.33057482235852675
2025-06-16,1303,0.16508597,0.2661043467032467
2025-06-17,1303,0.17254177,0.34340314751831946
2025-06-18,1303,0.16889091,0.3498088448785104
2025-06-19,1303,0.17328876,0.3513113088111328
2025-06-20,1303,0.18159138,0.4298842082512848
2025-06-23,1303,0.17356384,0.39437747280167357
2025-06-24,1303,0.16976313,0.45895311233768465
2025-06-25,1303,0.17088768,0.4910387478207663
2025-06-26,1303,0.167135,0.42757925924174556
2025-06-27,1303,0.1739869,0.40670901577917085
2025-06-30,1303,0.17684582,0.5342068895071679
2025-07-01,1303,0.18382451,0.4692963062659339
2025-07-02,1303,0.18083003,0.42500770569710533
2025-07-03,1303,0.18530788,0.39306786717509157
2025-07-04,1303,0.18596981,0.36481808040854546
2025-07-07,1303,0.18035437,0.38760349398185623
2025-07-08,1303,0.17623445,0.5132648811067615
2025-07-09,1303,0.17633016,0.5593988141132045
2025-07-10,1303,0.16401257,0.5979758871206813
2025-07-11,1303,0.17488882,0.6100526920914524
2025-07-14,1303,0.1656662,0.5051923257659949
2025-07-15,1303,0.16538757,0.49997203280843694
2025-07-16,1303,0.16212249,0.5296244768744591
2025-07-17,1303,0.15386426,0.46868739815547067
2025-07-18,1303,0.15167414,0.46467727770092737
2025-07-21,1303,0.14623451,0.43986256300893145
2025-07-22,1303,0.14553072,0.47048610856705886
2025-07-23,1303,0.12716435,0.3712480071705033
2025-07-24,1303,0.13019365,0.327160494975798
2025-07-25,1303,0.12616457,0.2540861861142145
2025-07-28,1303,0.117747314,0.1337837787192746
2025-07-29,1303,0.1094051,0.17015339645316185
2025-07-30,1303,0.11343098,0.0723514330638888
2025-07-31,1303,0.12713213,0.009768007910438081
2025-08-01,1303,0.14165455,0.03894470944047779
2025-08-04,1303,0.13888331,0.08897742643878348
2025-08-05,1303,0.13176307,0.13179348720180895
2025-08-06,1303,0.1263096,0.1407506754774368
2025-08-07,1303,0.11466033,0.164199171567333
2025-08-08,1303,0.112871945,0.2309782576790227
2025-08-11,1303,0.1172503,0.24968631589941226
2025-08-12,1303,0.11155856,0.2995169228690868
2025-08-13,1303,0.11478235,0.30516433242682606
2025-08-14,1303,0.12050311,0.35329343752962594
2025-08-15,1303,0.11893353,0.3341094255111767
2025-08-18,1303,0.1271927,0.16324324845748595
2025-08-19,1303,0.12400487,0.3428232644361424
2025-08-20,1303,0.117196724,0.2883435709895823
2025-08-21,1303,0.114115134,0.29550827395088897
2025-08-22,1303,0.10737831,0.27493915228652277
2025-08-25,1303,0.10797363,0.20094004669580912
2025-08-26,1303,0.1541808,0.26576575689675797
2025-08-27,1303,0.15398991,0.31549609433329673
2025-08-28,1303,0.125996,0.4209302356557705
2025-08-29,1303,0.12139127,0.4907407657236045
2025-09-01,1303,0.11720111,0.5929411755248675
2025-09-02,1303,0.15039347,0.588972433160553
2025-09-03,1303,0.11574192,0.6132315496255532
2025-09-04,1303,0.10490538,0.6298200456367564
2025-09-05,1303,0.10385447,0.6150845460196201
2025-06-11,2002,0.066619866,0.01938393753340395
2025-06-12,2002,0.059121773,0.01939063964148824
2025-06-13,2002,0.062194675,0.030016098966276994
2025-06-16,2002,0.05738359,0.014128961193018208
2025-06-17,2002,0.051621325,0.030085414576108027
2025-06-18,2002,0.05216583,0.024761975741089293
2025-06-19,2002,0.058252066,0.030190759671787637
2025-06-20,2002,0.07010577,0.046762192803237346
2025-06-23,2002,0.06921983,0.06637568663434479
2025-06-24,2002,0.07192528,0.04367567509407877
2025-06-25,2002,0.06428316,0.05473648534146758
2025-06-26,2002,0.06976491,0.04085837369223766
2025-06-27,2002,0.06377676,0.030085414576108027
2025-06-30,2002,0.054087833,0.0627481097686291
2025-07-01,2002,0.056367263,0.04620983062638806
2025-07-02,2002,0.045895495,0.049227141450962186
2025-07-03,2002,0.053682737,0.011535699872641025
2025-07-04,2002,0.041069858,0.01413583874183777
2025-07-07,2002,0.03588497,0.016776817488561413
2025-07-08,2002,0.035623863,0.024889398479161606
2025-07-09,2002,0.03339839,0.022156589009664884
2025-07-10,2002,0.029007697,0.01945960592520657
2025-07-11,2002,0.023436448,0.027593592142694856
2025-07-14,2002,0.019562593,0.01677681748856119
2025-07-15,2002,0.018562043,0.006017274446354248
2025-07-16,2002,0.015958702,0.016776817488561413
2025-07-17,2002,0.025787594,0.006212902501667061
2025-07-18,2002,0.018999295,0.011425360554411013
2025-07-21,2002,0.023550639,-0.007053889171326877
2025-07-22,2002,0.02401592,-0.0069919912319504895
2025-07-23,2002,0.0446068,-0.039145907473309816
2025-07-24,2002,0.04089565,-0.03562340966921118
2025-07-25,2002,0.040316716,-0.03562340966921118
2025-07-28,2002,0.037763275,-0.03350515463917514
2025-07-29,2002,0.033554062,-0.0234375
2025-07-30,2002,0.044546135,-0.06060606060606055
2025-07-31,2002,0.034929663,-0.05655526992287907
2025-08-01,2002,0.03848622,-0.05714285714285716
2025-08-04,2002,0.03746719,-0.05483028720626615
2025-08-05,2002,0.034600936,-0.051948051948051965
2025-08-06,2002,0.028905625,-0.05208333333333337
2025-08-07,2002,0.025214327,-0.0546875
2025-08-08,2002,0.02316632,-0.052219321148825104
2025-08-11,2002,0.025435722,-0.0620155038759691
2025-08-12,2002,0.025971597,-0.07435897435897432
2025-08-13,2002,0.034631073,-0.08396946564885488
2025-08-14,2002,0.04080592,-0.09571788413098248
2025-08-15,2002,0.05214695,-0.13414634146341464
2025-08-18,2002,0.056917176,-0.13235294117647056
2025-08-19,2002,0.05786635,-0.12128712871287128
2025-08-20,2002,0.06016554,-0.12406947890818865
2025-08-21,2002,0.06027232,-0.11302211302211307
2025-08-22,2002,0.05487874,-0.11662531017369715
2025-08-25,2002,0.05700203,-0.11029411764705888
2025-08-26,2002,0.054948114,-0.09452736318407973
2025-08-27,2002,0.05862937,-0.10098522167487689
2025-08-28,2002,0.053730614,-0.07692307692307676
2025-08-29,2002,0.053483263,-0.062189054726368154
2025-09-01,2002,0.05346907,-0.045112781954887105
2025-09-02,2002,0.048537612,-0.04303797468354442
2025-09-03,2002,0.05631929,-0.050761421319796995
2025-09-04,2002,0.069691435,-0.06297229219143574
2025-09-05,2002,0.06655726,-0.05626598465473154
2025-06-11,2059,0.027053514,0.5213351390258534
2025-06-12,2059,0.027229281,0.5830660415720672
2025-06-13,2059,0.023576157,0.6275250435182569
2025-06-16,2059,0.035105042,0.5802364126960557
2025-06-17,2059,0.025308536,0.6281608763394873
2025-06-18,2059,0.031846493,0.6036098576523918
2025-06-19,2059,0.024632068,0.5847991848353551
2025-06-20,2059,0.029672438,0.6420810827381751
2025-06-23,2059,-0.017245518,0.6441983630235917
2025-06-24,2059,-0.045476474,0.571995649886907
2025-06-25,2059,0.018521497,0.5391051087967191
2025-06-26,2059,0.007503705,0.5881254624185475
2025-06-27,2059,0.019180106,0.5881254624185475
2025-06-30,2059,0.011872182,0.5749894419191603
2025-07-01,2059,0.016978571,0.5593673426166281
2025-07-02,2059,0.01829859,0.6508349156293298
2025-07-03,2059,0.01558383,0.6817355916955148
2025-07-04,2059,0.0048131663,0.6473102622602325
2025-07-07,2059,0.021273972,0.7050945983262693
2025-07-08,2059,0.06202703,0.6356296567039181
2025-07-09,2059,0.041839972,0.681203883022669
2025-07-10,2059,0.031645216,0.7529957739362994
2025-07-11,2059,0.027297081,0.7741481276104227
2025-07-14,2059,0.030969435,0.8671652335356768
2025-07-15,2059,-0.012634562,0.8607552872451283
2025-07-16,2059,0.047091782,0.818544392941581
2025-07-17,2059,0.06122312,0.6971593642126324
2025-07-18,2059,0.087635264,0.5699901613949885
2025-07-21,2059,0.082353026,0.5610977368803316
2025-07-22,2059,0.05691561,0.5419379922016518
2025-07-23,2059,0.042805992,0.5287433796392884
2025-07-24,2059,0.025519172,0.5125982988284383
2025-07-25,2059,-0.03295499,0.5215377553927287
2025-07-28,2059,-0.014510272,0.5214620967571586
2025-07-29,2059,0.034200303,0.5955093080998064
2025-07-30,2059,0.018889414,0.5952064330795719
2025-07-31,2059,-0.049688585,0.623788098035774
2025-08-01,2059,0.021293053,0.6066113714718138
2025-08-04,2059,0.006931858,0.6352172138744459
2025-08-05,2059,0.06424481,0.5991660518973938
2025-08-06,2059,0.003682552,0.4680357822639696
2025-08-07,2059,0.035254866,0.4448847572119665
2025-08-08,2059,0.033130415,0.3748552357707786
2025-08-11,2059,-0.011190413,0.297067878467445
2025-08-12,2059,0.061372302,0.2765227696675241
2025-08-13,2059,-0.018613694,0.22950529026770505
2025-08-14,2059,-0.061372124,0.20970649330298974
2025-08-15,2059,-0.025670132,0.14674489026822046
2025-08-18,2059,-0.070655234,0.1366630025431279
2025-08-19,2059,0.020392234,0.1896912154975352
2025-08-20,2059,0.019574495,0.24834839434801803
2025-08-21,2059,0.050893083,0.1952152420504043
2025-08-22,2059,0.013681667,0.1838629027305454
2025-08-25,2059,-0.10650687,0.1326690138953317
2025-08-26,2059,0.020481657,0.22312770409509652
2025-08-27,2059,0.027844215,0.31198844487241195
2025-08-28,2059,-0.048462972,0.18290598290598292
2025-08-29,2059,-0.067639105,0.11239669421487597
2025-09-01,2059,0.012558835,0.16188870151770662
2025-09-02,2059,-0.0016346332,0.19112627986348119
2025-09-03,2059,0.053408146,0.10543130990415328
2025-09-04,2059,0.036965817,0.1803005008347245
2025-09-05,2059,0.065915935,0.09034267912772576
2025-06-11,2207,0.028993355,0.005524196859708397
2025-06-12,2207,0.022642659,0.017760804737896096
2025-06-13,2207,0.029739687,0.028356628619499835
2025-06-16,2207,0.022767225,0.026595743323915455
2025-06-17,2207,0.024804885,0.0820388226477593
2025-06-18,2207,0.025319034,0.07868023386739931
2025-06-19,2207,0.04282625,0.09073471170037584
2025-06-20,2207,0.054777957,0.1209577721584405
2025-06-23,2207,0.047161177,0.13958556156750102
2025-06-24,2207,0.04892215,0.0783719876126121
2025-06-25,2207,0.044267282,0.08538500455480258
2025-06-26,2207,0.047429092,0.06285413932941819
2025-06-27,2207,0.044004284,0.07160273857050115
2025-06-30,2207,0.03682927,0.09421055178884807
2025-07-01,2207,0.046102703,0.042553190427412124
2025-07-02,2207,0.03971351,0.049557521193075216
2025-07-03,2207,0.041374385,0.02097902139964969
2025-07-04,2207,0.03502079,0.028318582748054322
2025-07-07,2207,0.03832972,0.01946902506262882
2025-07-08,2207,0.033509523,0.03386809146258418
2025-07-09,2207,0.031012984,0.03380782795352566
2025-07-10,2207,0.029048527,0.041071427474306255
2025-07-11,2207,0.025973978,0.026785712922622995
2025-07-14,2207,0.029471615,0.026833630120158602
2025-07-15,2207,0.022950383,0.02898550779384501
2025-07-16,2207,0.026519509,0.04181818071526755
2025-07-17,2207,0.024672726,0.052823314222470996
2025-07-18,2207,0.026599871,0.02702702753474484
2025-07-21,2207,0.023849996,0.04166666556488674
2025-07-22,2207,0.029587703,0.06593406528356982
2025-07-23,2207,0.04389347,0.02464788594080991
2025-07-24,2207,0.027659709,0.03392857019846485
2025-07-25,2207,0.029081816,0.023090584721391805
2025-07-28,2207,0.028590443,0.021276594289416417
2025-07-29,2207,0.023357073,0.016129032559428325
2025-07-30,2207,0.032893017,0.003546099356332544
2025-07-31,2207,0.02956226,0.03804347709065614
2025-08-01,2207,0.03588073,0.0642201828017619
2025-08-04,2207,0.03388182,0.05090908997850696
2025-08-05,2207,0.029823387,0.05989110631910233
2025-08-06,2207,0.029309103,0.05234656950029981
2025-08-07,2207,0.033227466,0.0444839847352152
2025-08-08,2207,0.024105037,0.04159131897112456
2025-08-11,2207,0.026179159,0.04701627386544738
2025-08-12,2207,0.025401244,0.03237409945131908
2025-08-13,2207,0.026913451,0.048128341281973075
2025-08-14,2207,0.024129922,0.07321428521559392
2025-08-15,2207,0.023472318,0.06272401364043212
2025-08-18,2207,0.026726374,0.06951871601105619
2025-08-19,2207,0.03089832,0.0819964346030213
2025-08-20,2207,0.027992437,0.1109123436740107
2025-08-21,2207,0.035519406,0.08611599271572135
2025-08-22,2207,0.039012827,0.06737588592174015
2025-08-25,2207,0.04325567,0.057692308849036644
2025-08-26,2207,0.046989024,0.0730837784659033
2025-08-27,2207,0.045696862,0.10307414110678281
2025-08-28,2207,0.04227738,0.057450627569804125
2025-08-29,2207,0.036092266,0.06896551665414696
2025-09-01,2207,0.038042113,0.0558558550265833
2025-09-02,2207,0.036210373,0.05755395603859381
2025-09-03,2207,0.034126125,0.05945945869788294
2025-09-04,2207,0.03494008,0.06261180610052097
2025-09-05,2207,0.037382647,0.051601422589674595
2025-06-11,2301,0.07784169,0.2833047499249841
2025-06-12,2301,0.07012738,0.3267794182763213
2025-06-13,2301,0.07737291,0.44553832640460334
2025-06-16,2301,0.072095715,0.5484569191925719
2025-06-17,2301,0.07184249,0.5392529892639759
2025-06-18,2301,0.06763359,0.5063538632687405
2025-06-19,2301,0.0663748,0.5843953597914342
2025-06-20,2301,0.07739546,0.5132398800528462
2025-06-23,2301,0.069619246,0.5754002371780924
2025-06-24,2301,0.067958936,0.5739505183975544
2025-06-25,2301,0.06664765,0.7197315626635019
2025-06-26,2301,0.07143865,0.6736281749396278
2025-06-27,2301,0.07170215,0.5932871297475897
2025-06-30,2301,0.07006864,0.5801453422019638
2025-07-01,2301,0.063076764,0.4885854026220542
2025-07-02,2301,0.06278698,0.563514609754902
2025-07-03,2301,0.0638265,0.4962450642254994
2025-07-04,2301,0.059065282,0.5249632796810544
2025-07-07,2301,0.0573508,0.5316321129745925
2025-07-08,2301,0.061252564,0.5338097085471953
2025-07-09,2301,0.059119634,0.4987644762547714
2025-07-10,2301,0.06413327,0.4773694453725146
2025-07-11,2301,0.06657742,0.44530046025252146
2025-07-14,2301,0.05862096,0.4062704949648248
2025-07-15,2301,0.054319337,0.40125615084324173
2025-07-16,2301,0.064820975,0.46632996537833016
2025-07-17,2301,0.061351895,0.4609354441761231
2025-07-18,2301,0.050361224,0.43958986585477544
2025-07-21,2301,0.055791266,0.448341172544658
2025-07-22,2301,0.06277102,0.47859025420081114
2025-07-23,2301,0.053708076,0.4793447247523981
2025-07-24,2301,0.059969485,0.5859019420913263
2025-07-25,2301,0.055579975,0.628562220678033
2025-07-28,2301,0.03847049,0.5899963548387663
2025-07-29,2301,0.06614809,0.4758427638336922
2025-07-30,2301,0.06223567,0.4461880666824787
2025-07-31,2301,0.061017096,0.5355232950612818
2025-08-01,2301,0.051711544,0.4203766088603722
2025-08-04,2301,0.05425393,0.4120214518373555
2025-08-05,2301,-0.0143692475,0.28509816986407044
2025-08-06,2301,0.06421362,0.27084757851254904
2025-08-07,2301,0.04638093,0.2477134942863466
2025-08-08,2301,0.07925674,0.2411524035683077
2025-08-11,2301,0.06357074,0.20300874123226564
2025-08-12,2301,0.0643771,0.21449035566253327
2025-08-13,2301,0.073836006,0.20410307594960364
2025-08-14,2301,0.05647184,0.24499713973864035
2025-08-15,2301,0.06356719,0.1704545444029295
2025-08-18,2301,0.068234056,0.16287878635978736
2025-08-19,2301,0.05988297,0.25490196407185617
2025-08-20,2301,0.053921692,0.24796747334994884
2025-08-21,2301,0.06305453,0.2399999973940119
2025-08-22,2301,0.06638932,0.24596773554672646
2025-08-25,2301,0.061642617,0.2679999949183234
2025-08-26,2301,0.063586324,0.26399999876215574
2025-08-27,2301,0.06928103,0.21374046353188403
2025-08-28,2301,0.06814076,0.22307692922084832
2025-08-29,2301,0.07217537,0.2307692373950323
2025-09-01,2301,0.06699003,0.2698412689435943
2025-09-02,2301,0.06577051,0.29599999244263486
2025-09-03,2301,0.05784346,0.2799999996742515
2025-09-04,2301,0.06396686,0.27888446289465785
2025-09-05,2301,0.066016145,0.218390805673631
2025-06-11,2303,0.07228494,-0.06274304664453745
2025-06-12,2303,0.06553907,-0.06710977845844968
2025-06-13,2303,0.06871609,-0.07454590446305198
2025-06-16,2303,0.068977766,-0.09291241405532102
2025-06-17,2303,0.073878326,-0.07776122293928456
2025-06-18,2303,0.07367244,-0.09413841422562075
2025-06-19,2303,0.07165885,-0.08481912461553476
2025-06-20,2303,0.0726777,-0.07396207978866942
2025-06-23,2303,0.071503095,-0.05322763228636507
2025-06-24,2303,0.085677005,-0.04630651097033811
2025-06-25,2303,0.07869415,-0.017123288227926636
2025-06-26,2303,0.07570265,0.015028905458823516
2025-06-27,2303,0.075254485,0.012415356598910465
2025-06-30,2303,0.065911576,0.0022624404713129653
2025-07-01,2303,0.06859431,0.02047781182935715
2025-07-02,2303,0.062418588,0.024746920124218308
2025-07-03,2303,0.059885144,-0.0033783739669889234
2025-07-04,2303,0.054332063,0.0011428789035654585
2025-07-07,2303,0.052600354,0.009205995230434638
2025-07-08,2303,0.05030623,0.013729982496103466
2025-07-09,2303,0.045886748,0.023917987026231158
2025-07-10,2303,0.043498553,0.044622437293531325
2025-07-11,2303,0.03571157,0.05086705558471438
2025-07-14,2303,0.031870835,0.03939744589131333
2025-07-15,2303,0.030971536,0.02181400171344472
2025-07-16,2303,0.02988317,0.03337169467047407
2025-07-17,2303,0.029677043,0.05051665152692619
2025-07-18,2303,0.027300576,0.060989633543498956
2025-07-21,2303,0.021360124,0.04482759765612765
2025-07-22,2303,0.018642718,0.05813955386202596
2025-07-23,2303,0.02361271,0.034168566134148426
2025-07-24,2303,0.014034035,0.048275869003006955
2025-07-25,2303,0.012165515,0.05747125926135155
2025-07-28,2303,0.017136121,0.048275869003006955
2025-07-29,2303,0.017891424,0.07126168415859913
2025-07-30,2303,0.022822032,0.0904817866957528
2025-07-31,2303,0.02167909,0.1456076804429982
2025-08-01,2303,0.018468978,0.15468939824753347
2025-08-04,2303,0.016591439,0.1432038936218354
2025-08-05,2303,0.0147736985,0.106280202256956
2025-08-06,2303,0.0164506,0.10565109066888345
2025-08-07,2303,0.027136775,0.11881187670123339
2025-08-08,2303,0.021254348,0.11728394813686416
2025-08-11,2303,0.013543012,0.11386138813278524
2025-08-12,2303,0.011936801,0.093480938287132
2025-08-13,2303,0.014640706,0.08343557228674858
2025-08-14,2303,0.011930162,0.07475490290786424
2025-08-15,2303,0.01900685,0.07281553745601443
2025-08-18,2303,0.030157471,0.09777227510891584
2025-08-19,2303,0.029473113,0.08769793807645931
2025-08-20,2303,0.06710467,0.07398568030680241
2025-08-21,2303,0.051474474,0.12439614526511233
2025-08-22,2303,0.03683749,0.11083744434736365
2025-08-25,2303,0.028658705,0.12083848899307914
2025-08-26,2303,0.04485406,0.0992822878605002
2025-08-27,2303,0.030113721,0.11843711155276315
2025-08-28,2303,0.024084883,0.14532020815130675
2025-08-29,2303,0.018549057,0.1654321087491215
2025-09-01,2303,0.01555703,0.16564415233164342
2025-09-02,2303,0.013629688,0.17359412704345245
2025-09-03,2303,0.008292878,0.19559901288436432
2025-09-04,2303,0.04099165,0.17380953868587268
2025-09-05,2303,0.037148207,0.20388349993933041
2025-06-11,2308,0.07225133,0.8380966819156113
2025-06-12,2308,0.065474726,0.997363287792751
2025-06-13,2308,0.06852556,1.14042576233093
2025-06-16,2308,0.07265257,1.1118170265375396
2025-06-17,2308,0.07242604,1.1189873452383479
2025-06-18,2308,0.07627671,1.0873907584020293
2025-06-19,2308,0.08028713,1.0816831688649726
2025-06-20,2308,0.069933444,1.0899999963057834
2025-06-23,2308,0.06392421,1.2299999972607512
2025-06-24,2308,0.06663409,1.1294964025481886
2025-06-25,2308,0.075347945,1.1416765069130324
2025-06-26,2308,0.06355945,1.1261904738483608
2025-06-27,2308,0.06466639,1.101415097129813
2025-06-30,2308,0.04805874,1.1404358355043178
2025-07-01,2308,0.06046755,0.9813084127295135
2025-07-02,2308,0.063781194,0.9883585542050017
2025-07-03,2308,0.024694996,0.8976034852423636
2025-07-04,2308,0.06918162,0.9562363241014893
2025-07-07,2308,0.058711633,1.0933333318143208
2025-07-08,2308,0.0574252,1.186046513181224
2025-07-09,2308,0.060866416,1.1751662964701008
2025-07-10,2308,0.021163138,1.0704663190629948
2025-07-11,2308,0.06466663,1.1325051733808351
2025-07-14,2308,0.046413116,1.0972515844959192
2025-07-15,2308,0.036867596,1.054655869275496
2025-07-16,2308,0.060483113,1.0499999996984313
2025-07-17,2308,0.060140632,1.002004007600216
2025-07-18,2308,0.045355566,0.9941060896205649
2025-07-21,2308,0.05185978,0.9805825243855477
2025-07-22,2308,0.06908385,0.988304092077565
2025-07-23,2308,0.049198918,0.9423076926422729
2025-07-24,2308,0.0568809,1.0656370655921097
2025-07-25,2308,0.048628174,1.0793036741043873
2025-07-28,2308,0.04194071,1.0306513403985291
2025-07-29,2308,0.045933172,0.9238095242471747
2025-07-30,2308,0.043969758,0.8773584912638648
2025-07-31,2308,0.01733985,0.7336860673008117
2025-08-01,2308,0.037391797,0.6581632659254069
2025-08-04,2308,0.053752437,0.6306913997570662
2025-08-05,2308,0.029004605,0.5474683557491289
2025-08-06,2308,0.076237135,0.5539452497512156
2025-08-07,2308,0.05147837,0.5762439801970662
2025-08-08,2308,0.032885127,0.5259026705063383
2025-08-11,2308,0.045936756,0.5156739795069669
2025-08-12,2308,0.03761109,0.4922118396159081
2025-08-13,2308,0.025184842,0.36592592612890207
2025-08-14,2308,0.05992218,0.36716417960160563
2025-08-15,2308,0.03218724,0.30903789958017347
2025-08-18,2308,0.048802756,0.2994186038951345
2025-08-19,2308,0.03251622,0.4432677771850595
2025-08-20,2308,0.015506586,0.43200000043747555
2025-08-21,2308,0.022017943,0.3780864187236881
2025-08-22,2308,0.022599662,0.3704819280801983
2025-08-25,2308,0.026282998,0.3979289951057199
2025-08-26,2308,0.024046952,0.3751824818975025
2025-08-27,2308,0.031592034,0.29444444322669017
2025-08-28,2308,0.034453668,0.3723554310852377
2025-08-29,2308,0.028899835,0.39099859285613725
2025-09-01,2308,0.029990727,0.44912790730379015
2025-09-02,2308,0.018106738,0.4583941611216633
2025-09-03,2308,0.012669617,0.4397058830051228
2025-09-04,2308,0.015020506,0.4167872639598853
2025-09-05,2308,0.006142134,0.337465563880061
2025-06-11,2317,0.08547014,0.351863670167037
2025-06-12,2317,0.089084685,0.3653079679813891
2025-06-13,2317,0.08286267,0.39058657863336843
2025-06-16,2317,0.0785099,0.4341305220706433
2025-06-17,2317,0.080826,0.45418829074345224
2025-06-18,2317,0.0839999,0.43490198020425797
2025-06-19,2317,0.07669111,0.45017240223247845
2025-06-20,2317,0.08199194,0.4128581086644154
2025-06-23,2317,0.08289869,0.42825892032668667
2025-06-24,2317,0.09054199,0.381757462274128
2025-06-25,2317,0.08426173,0.3817574585679433
2025-06-26,2317,0.08426385,0.4050693260403406
2025-06-27,2317,0.0846142,0.4005996041544375
2025-06-30,2317,0.07774344,0.48045442438392016
2025-07-01,2317,0.088027924,0.3744520985674067
2025-07-02,2317,0.08054096,0.3333333312144606
2025-07-03,2317,0.074479654,0.3353658542711315
2025-07-04,2317,0.06253585,0.4006211201179706
2025-07-07,2317,0.067053795,0.4068323021093787
2025-07-08,2317,0.068056844,0.4371069156931784
2025-07-09,2317,0.07666177,0.39751553232031656
2025-07-10,2317,0.0750373,0.37151702324441604
2025-07-11,2317,0.07306392,0.31888544463264235
2025-07-14,2317,0.06989506,0.2834890945344719
2025-07-15,2317,0.078105144,0.26687116591548055
2025-07-16,2317,0.07440259,0.37230769347761083
2025-07-17,2317,0.075699374,0.3810975659529434
2025-07-18,2317,0.07959749,0.4410876157368109
2025-07-21,2317,0.072856635,0.4484848517755802
2025-07-22,2317,0.072467655,0.4969135793248116
2025-07-23,2317,0.08352813,0.43975903681724104
2025-07-24,2317,0.097934194,0.4166666711053393
2025-07-25,2317,0.081189625,0.4326647526086278
2025-07-28,2317,0.08098102,0.47727272926737885
2025-07-29,2317,0.0829669,0.5276967907271566
2025-07-30,2317,0.06499886,0.5014577248796657
2025-07-31,2317,0.090511374,0.41292134815210013
2025-08-01,2317,0.08519731,0.3443526146885061
2025-08-04,2317,0.080751844,0.3722222185353843
2025-08-05,2317,0.084555455,0.34417344125039184
2025-08-06,2317,0.0869343,0.3118279560962782
2025-08-07,2317,0.09573504,0.282776349491902
2025-08-08,2317,0.083917975,0.2673521856480019
2025-08-11,2317,0.084264494,0.26767676381551664
2025-08-12,2317,0.080386944,0.27918781680779925
2025-08-13,2317,0.09846831,0.2141057924708245
2025-08-14,2317,0.0858275,0.18295738842543852
2025-08-15,2317,0.105214424,0.11111110945286296
2025-08-18,2317,0.088976696,0.09047619302143195
2025-08-19,2317,0.07862353,0.13701922938871158
2025-08-20,2317,0.07939599,0.12219451704579853
2025-08-21,2317,0.09022542,0.06796116543680708
2025-08-22,2317,0.07862966,0.08148147775226589
2025-08-25,2317,0.08530258,0.09397590453525839
2025-08-26,2317,0.079721436,0.10526315996932167
2025-08-27,2317,0.075273275,0.08413461314722226
2025-08-28,2317,0.07197519,0.07766990621286163
2025-08-29,2317,0.07153823,0.09090909550936788
2025-09-01,2317,0.070740886,0.1435768249289331
2025-09-02,2317,0.07278792,0.15113349965215228
2025-09-03,2317,0.076054536,0.1521197027974146
2025-09-04,2317,0.08095138,0.14285714503118663
2025-09-05,2317,0.080972865,0.14634146733524167
2025-06-02,2327,-0.012211045,0.19740001070396263
2025-06-03,2327,-0.009410383,0.18629550468981315
2025-06-04,2327,0.0026252586,0.1770517531174769
2025-06-05,2327,0.0008565504,0.1512805130666497
2025-06-06,2327,-0.00038308464,0.2805529752880964
2025-06-09,2327,0.004413614,0.25222114665925766
2025-06-10,2327,0.0050788578,0.25474904542161636
2025-06-11,2327,0.005833717,0.31592268515161837
2025-06-12,2327,0.006576875,0.353319058536284
2025-06-13,2327,0.008286247,0.47189819294796465
2025-06-16,2327,0.0065465476,0.48905109715963535
2025-06-17,2327,0.004738586,0.47899159471832653
2025-06-18,2327,0.0030279513,0.5238095286817332
2025-06-19,2327,0.0041408073,0.4707158405247156
2025-06-20,2327,0.0021906365,0.4577387498900065
2025-06-23,2327,-0.0052205976,0.4961496142886479
2025-06-24,2327,0.004255878,0.43611404410799826
2025-06-25,2327,0.0010206047,0.42976938948382837
2025-06-26,2327,0.001141334,0.46555324163231004
2025-06-27,2327,0.011666903,0.5045871503118311
2025-06-30,2327,0.0058565605,0.5298969017872228
2025-07-01,2327,0.009346047,0.4994892758546501
2025-07-02,2327,0.01171484,0.4340382620489065
2025-07-03,2327,0.011772277,0.37737738342447047
2025-07-04,2327,0.010384919,0.43442623241793976
2025-07-07,2327,0.005595537,0.481940153669314
2025-07-08,2327,0.0011615325,0.5327102777933566
2025-07-09,2327,0.004936056,0.5983690031837718
2025-07-10,2327,0.00378705,0.6666666557487586
2025-07-11,2327,0.0047827456,0.7084188906438449
2025-07-14,2327,0.0023962203,0.8505629593892197
2025-07-15,2327,0.0111028645,0.9879999932962298
2025-07-16,2327,0.012344414,0.9601593590007571
2025-07-17,2327,0.016275497,0.9411764691942188
2025-07-18,2327,0.016947309,0.9453124981558039
2025-07-21,2327,0.016623752,0.9415204740361773
2025-07-22,2327,0.017073235,1.01188119481687
2025-07-23,2327,0.029516624,0.7928436911773522
2025-07-24,2327,0.024216207,0.7523452202269114
2025-07-25,2327,0.022163289,0.8113207458248519
2025-07-28,2327,0.0231164,0.7631579047009995
2025-07-29,2327,0.023579726,0.7196261687169352
2025-07-30,2327,0.031416014,0.7629063054212162
2025-07-31,2327,0.025272103,0.7396226331909905
2025-08-01,2327,0.028153883,0.8070500987272677
2025-08-04,2327,0.024295362,0.7457943976890067
2025-08-05,2327,0.030830538,0.647272729403614
2025-08-06,2327,0.030108789,0.6931608166535443
2025-08-07,2327,0.027438002,0.6513761423808428
2025-08-08,2327,0.024346644,0.6917431102327427
2025-08-11,2327,0.022980614,0.6900368977633249
2025-08-12,2327,0.020065354,0.7158671531859475
2025-08-13,2327,0.021880152,0.6739926731818402
2025-08-25,2327,0.04413242,0.622377615629945
2025-08-26,2327,0.053264417,0.70397112233642
2025-08-27,2327,0.053861305,0.7216117229090553
2025-08-28,2327,0.05442618,0.6715328461787111
2025-08-29,2327,0.058331095,0.6308243766415274
2025-09-01,2327,0.05547481,0.7222222160050802
2025-09-02,2327,0.05000849,0.754646837754668
2025-09-03,2327,0.047601804,0.7555555530686986
2025-09-04,2327,0.045669295,0.7490774890195031
2025-09-05,2327,0.042935997,0.7740740695148365
2025-06-11,2330,0.088413924,0.11268269709790046
2025-06-12,2330,0.054977745,0.14832535877280018
2025-06-13,2330,0.054663077,0.18932038876978496
2025-06-16,2330,0.059620403,0.20975609717517507
2025-06-17,2330,0.073691644,0.20574162637204751
2025-06-18,2330,0.078893706,0.18957345993414254
2025-06-19,2330,0.05473665,0.24166183656878282
2025-06-20,2330,0.08025114,0.20384834113062356
2025-06-23,2330,0.04998658,0.2648431372492137
2025-06-24,2330,0.036974616,0.20958095205203597
2025-06-25,2330,0.065755,0.215121495062782
2025-06-26,2330,0.05021122,0.25149767437062254
2025-06-27,2330,0.038049534,0.2457037038842682
2025-06-30,2330,0.025003688,0.2502641518182722
2025-07-01,2330,0.020796048,0.20294930905100728
2025-07-02,2330,0.019510524,0.2075760370585713
2025-07-03,2330,0.018719109,0.22045871539206097
2025-07-04,2330,0.0160639,0.26309677501722706
2025-07-07,2330,0.017925585,0.3014814813480391
2025-07-08,2330,0.017610693,0.33401851859285014
2025-07-09,2330,0.021817164,0.303357797911912
2025-07-10,2330,0.022620657,0.31432727242873426
2025-07-11,2330,0.022747265,0.291509091127518
2025-07-14,2330,0.018652672,0.3065753422411184
2025-07-15,2330,0.023537563,0.32509909967673223
2025-07-16,2330,0.023799287,0.31941592910821437
2025-07-17,2330,0.020096028,0.28831858377843966
2025-07-18,2330,0.020034188,0.28651082248539117
2025-07-21,2330,0.018383974,0.29210434757875037
2025-07-22,2330,0.0016852189,0.2972035402274835
2025-07-23,2330,0.007041516,0.27144104727839147
2025-07-24,2330,0.011773767,0.29774672441770433
2025-07-25,2330,0.012094388,0.29336244504198605
2025-07-28,2330,0.013039084,0.3196681221812989
2025-07-29,2330,0.0053588543,0.3312951548162444
2025-07-30,2330,0.012445884,0.30389610435642345
2025-07-31,2330,0.014091404,0.30693103496854857
2025-08-01,2330,0.002120683,0.3254561412077006
2025-08-04,2330,0.0051988456,0.29148898741132023
2025-08-05,2330,0.013019362,0.2790086957020552
2025-08-06,2330,0.024817238,0.3029688890666664
2025-08-07,2330,0.002550723,0.25500000004293755
2025-08-08,2330,0.0170111,0.25179574470620225
2025-08-11,2330,0.018327909,0.25500000004293755
2025-08-12,2330,0.017437728,0.24223728846628623
2025-08-13,2330,0.02166927,0.19643333315737999
2025-08-14,2330,0.017201724,0.23470638252984544
2025-08-15,2330,0.013250688,0.19544067763438977
2025-08-18,2330,0.016068513,0.1869322032499554
2025-08-19,2330,0.017672317,0.23275949430117127
2025-08-20,2330,0.012131231,0.22514537477217922
2025-08-21,2330,0.017264748,0.20043478267957116
2025-08-22,2330,0.022252256,0.2516828200063961
2025-08-25,2330,0.018529663,0.2356923071294803
2025-08-26,2330,0.020718532,0.226161701872871
2025-08-27,2330,0.020877453,0.2149243700080259
2025-08-28,2330,0.044224128,0.22037931101828212
2025-08-29,2330,0.015579307,0.2376896554589114
2025-09-01,2330,0.017448122,0.24961373401637754
2025-09-02,2330,0.024713391,0.25067241378938343
2025-09-03,2330,0.023365172,0.26365517299341534
2025-09-04,2330,0.024213003,0.29394827576451665
2025-09-05,2330,0.027798401,0.2592542372351547
2025-06-11,2345,0.018877031,0.2836537388438787
2025-06-12,2345,0.026217075,0.29980032836906667
2025-06-13,2345,0.022140102,0.38551673394443564
2025-06-16,2345,0.024395669,0.4417398055048205
2025-06-17,2345,0.036401607,0.49459683900856977
2025-06-18,2345,-0.0034766179,0.48492499221285223
2025-06-19,2345,0.005808221,0.5160772647326186
2025-06-20,2345,0.0033086333,0.5132255895211111
2025-06-23,2345,0.008535454,0.5323894126704682
2025-06-24,2345,0.010834383,0.42223494053677046
2025-06-25,2345,0.011540199,0.3485003912771376
2025-06-26,2345,0.012581633,0.3703163733402661
2025-06-27,2345,0.018578576,0.39090855885354014
2025-06-30,2345,0.014244499,0.3544736377567699
2025-07-01,2345,0.0162901,0.30651427579752366
2025-07-02,2345,0.016016753,0.3784742866404469
2025-07-03,2345,0.013892854,0.34904334608191845
2025-07-04,2345,0.018493475,0.418047711137302
2025-07-07,2345,0.02646275,0.5168740272127283
2025-07-08,2345,0.0033097062,0.36632455175127054
2025-07-09,2345,0.006495895,0.32998524079105973
2025-07-10,2345,0.0063798223,0.3084054742733022
2025-07-11,2345,0.012543822,0.315605339112377
2025-07-14,2345,0.037823796,0.3312479192678224
2025-07-15,2345,0.00349419,0.3316253349767173
2025-07-16,2345,0.009335311,0.3173987872416715
2025-07-17,2345,0.0051246975,0.26767560472999463
2025-07-18,2345,0.0072292704,0.24286340122661065
2025-07-21,2345,0.009856308,0.22642683542412345
2025-07-22,2345,0.024627836,0.19092850366647096
2025-07-23,2345,0.0070333052,0.21778173598854433
2025-07-24,2345,0.013504954,0.2607796116178367
2025-07-25,2345,0.013222704,0.23281447519195742
2025-07-28,2345,0.005430283,0.15831552974785157
2025-07-29,2345,0.015896076,0.21284185493460162
2025-07-30,2345,0.014150495,0.2811387900355873
2025-07-31,2345,0.010505358,0.20515695067264583
2025-08-01,2345,0.017004961,0.30090497737556565
2025-08-04,2345,0.014532665,0.1807909604519775
2025-08-05,2345,0.011608677,0.17092119866814648
2025-08-06,2345,0.015576469,0.11542730299667037
2025-08-07,2345,0.010840232,0.02358974358974364
2025-08-08,2345,0.012324827,-0.010111223458038388
2025-08-11,2345,0.0075962115,-0.03627450980392155
2025-08-12,2345,0.012721488,-0.039215686274509776
2025-08-13,2345,0.003781395,-0.0593301435406699
2025-08-14,2345,0.012512902,-0.035748792270531404
2025-08-15,2345,0.010370294,-0.11014492753623184
2025-08-18,2345,0.011490623,-0.15370370370370368
2025-08-19,2345,0.016555047,-0.06896551724137934
2025-08-20,2345,-0.02862001,-0.05125523012552302
2025-08-21,2345,-0.030679552,-0.0063157894736841635
2025-08-22,2345,-0.02143432,0.02659574468085113
2025-08-25,2345,-0.015964208,0.03846153846153855
2025-08-26,2345,-0.014140589,0.049949031600407645
2025-08-27,2345,-0.015184378,0.042726347914547214
2025-08-28,2345,-0.013037322,0.03658536585365857
2025-08-29,2345,-0.020200444,0.034482758620689724
2025-09-01,2345,-0.027030366,0.044491525423728806
2025-09-02,2345,-0.026191471,0.0020768431983384517
2025-09-03,2345,-0.026195599,0.020618556701030855
2025-09-04,2345,-0.02491927,0.002051282051282133
2025-09-05,2345,-0.07933931,-0.02450980392156865
2025-06-11,2357,0.06934486,0.004337670291328477
2025-06-12,2357,0.07221784,0.018687308294116134
2025-06-13,2357,0.07497035,0.02646506203220067
2025-06-16,2357,0.073491246,0.06336204507443943
2025-06-17,2357,0.0707159,0.06156156156156167
2025-06-18,2357,0.072385326,0.03166996830767843
2025-06-19,2357,0.070488855,0.021234000420172983
2025-06-20,2357,0.06270256,0.035662310181038714
2025-06-23,2357,0.050584584,0.0541514968777268
2025-06-24,2357,0.019894386,-0.057581071610077306
2025-06-25,2357,0.042855866,0.027027027027027195
2025-06-26,2357,0.030768866,0.06708268330733236
2025-06-27,2357,0.016729424,0.06875000000000009
2025-06-30,2357,0.02466997,0.0714285714285714
2025-07-01,2357,0.02766353,0.043076923076923235
2025-07-02,2357,0.03052667,0.013595166163142158
2025-07-03,2357,0.04407558,0.05790297339593131
2025-07-04,2357,0.03011536,0.09440000000000004
2025-07-07,2357,0.025510373,0.08214849921011047
2025-07-08,2357,0.03417127,0.09162717219589256
2025-07-09,2357,0.037931807,0.0795631825273011
2025-07-10,2357,0.04422114,0.054517133956386354
2025-07-11,2357,0.0450268,0.08566978193146402
2025-07-14,2357,0.049207956,0.08874801901743257
2025-07-15,2357,0.04345654,0.06875000000000009
2025-07-16,2357,0.04971864,0.07874015748031504
2025-07-17,2357,0.046593763,0.0703125
2025-07-18,2357,0.050352804,0.0735524256651019
2025-07-21,2357,0.050053,0.07968749999999991
2025-07-22,2357,0.048204996,0.1219903691813804
2025-07-23,2357,0.049270146,0.09404388714733547
2025-07-24,2357,0.054953523,0.10355486862442054
2025-07-25,2357,0.05963289,0.08244274809160301
2025-07-28,2357,0.062377572,0.07099697885196377
2025-07-29,2357,0.05909127,0.08909370199692779
2025-07-30,2357,0.05552225,0.0673813169984685
2025-07-31,2357,0.05850012,0.04380664652567967
2025-08-01,2357,0.0614765,0.03458646616541361
2025-08-04,2357,0.061987244,0.024060150375939893
2025-08-05,2357,0.062504865,0.007396449704141883
2025-08-06,2357,0.06479498,-0.02352941176470602
2025-08-07,2357,0.06485918,-0.027859237536656867
2025-08-08,2357,0.06635239,-0.027941176470588247
2025-08-11,2357,0.06203773,-0.022658610271903412
2025-08-12,2357,0.05834996,-0.03062787136294043
2025-08-13,2357,0.05468472,-0.010937500000000044
2025-08-14,2357,0.052415363,-0.04836193447737902
2025-08-15,2357,0.05394979,-0.10917721518987344
2025-08-18,2357,0.047261283,-0.10584518167456558
2025-08-19,2357,0.04906384,-0.09478672985781988
2025-08-20,2357,0.05183536,-0.08319999999999994
2025-08-21,2357,0.045958824,-0.06549520766773176
2025-08-22,2357,0.048374787,-0.0499194847020934
2025-08-25,2357,0.05003935,-0.033175355450236976
2025-08-26,2357,0.056309827,-0.042319749216300884
2025-08-27,2357,0.056693062,-0.053543307086614034
2025-08-28,2357,0.05456163,-0.04889589905362779
2025-08-29,2357,0.05355598,-0.039556962025316444
2025-09-01,2357,0.045300685,-0.004846526655896688
2025-09-02,2357,0.047815748,-0.01938610662358642
2025-09-03,2357,0.054557107,-0.025599999999999956
2025-09-04,2357,0.06391331,-0.051968503937007804
2025-09-05,2357,0.06575961,-0.07596899224806197
2025-06-11,2379,0.05749099,-0.03024910991155061
2025-06-12,2379,0.048145838,-0.027027027640357915
2025-06-13,2379,0.046533927,-0.026769149630842648
2025-06-16,2379,0.04895678,0.0018552871447208297
2025-06-17,2379,0.056085497,-0.008851039359689783
2025-06-18,2379,0.048874855,-0.0016817884956547013
2025-06-19,2379,0.05961272,0.0269102510870316
2025-06-20,2379,0.04777305,0.034296315490359275
2025-06-23,2379,0.04043573,0.04571107581871536
2025-06-24,2379,0.04776763,0.03622885415969579
2025-06-25,2379,0.050839253,0.019521531673272863
2025-06-26,2379,0.04732945,0.012078299864990871
2025-06-27,2379,0.04826165,0.01606600023815763
2025-06-30,2379,0.047037497,-0.0004164931278634043
2025-07-01,2379,0.042170107,0.008403361973404522
2025-07-02,2379,0.06039679,-0.0012811855488161772
2025-07-03,2379,0.04367827,-0.04717961680199956
2025-07-04,2379,0.05266761,-0.049622795197245106
2025-07-07,2379,0.035960935,-0.018686561544780322
2025-07-08,2379,0.035196207,0.019681894321546878
2025-07-09,2379,0.04959867,0.0038500226562916406
2025-07-10,2379,0.04698991,0.009544693924220526
2025-07-11,2379,0.04531449,-0.012176299888283726
2025-07-14,2379,0.04603164,-0.021011360012267333
2025-07-15,2379,0.037771456,-0.029200311981316562
2025-07-16,2379,0.051541604,-0.03353522397122988
2025-07-17,2379,0.047701754,-0.04209433245820304
2025-07-18,2379,0.04879961,-0.047320026911863655
2025-07-21,2379,0.04089511,-0.02319729614899746
2025-07-22,2379,0.05215244,-0.026178955230573786
2025-07-23,2379,0.042441756,-0.02710102635146694
2025-07-24,2379,0.036185943,-0.03667760830257949
2025-07-25,2379,0.038734116,-0.051356806652254505
2025-07-28,2379,0.04097262,-0.05976676384839641
2025-07-29,2379,0.040317193,-0.06705539358600576
2025-07-30,2379,0.03988266,-0.06321528401626386
2025-07-31,2379,0.038446113,-0.08733679770306468
2025-08-01,2379,0.03914596,-0.034402332770992916
2025-08-04,2379,0.030678743,-0.03132104763017707
2025-08-05,2379,0.032696627,-0.051826199825041
2025-08-06,2379,0.020557748,-0.011026598035065782
2025-08-07,2379,0.014521847,-0.017014055302855824
2025-08-08,2379,0.015923554,-0.024432460078617768
2025-08-11,2379,0.009758154,-0.02231168618376722
2025-08-12,2379,0.013524601,-0.0196175322429214
2025-08-13,2379,0.015060389,-0.01321489856150293
2025-08-14,2379,0.023030037,-0.03838409808700238
2025-08-15,2379,0.014208654,-0.04081632653061229
2025-08-18,2379,0.0155314375,-0.05053449951409139
2025-08-19,2379,0.00898003,-0.02047392576756435
2025-08-20,2379,0.010941589,0.001306926711571288
2025-08-21,2379,0.009356687,0.01557684365886014
2025-08-22,2379,0.008909354,0.025480937615804278
2025-08-25,2379,0.022030951,0.024011531446923362
2025-08-26,2379,0.03399653,0.005187789616958538
2025-08-27,2379,0.030146325,0.003343407921824637
2025-08-28,2379,0.031115914,0.026453044956492366
2025-08-29,2379,0.02519008,0.0652864684150336
2025-09-01,2379,0.028721863,0.041816831265850896
2025-09-02,2379,0.03591367,0.022700018460790616
2025-09-03,2379,0.029781537,0.032134518707618076
2025-09-04,2379,0.02870025,0.05153554393935189
2025-09-05,2379,0.02691059,0.03982647967668296
2025-06-11,2382,0.060808174,-0.037442861821572304
2025-06-12,2382,0.062849335,-0.040059561506667896
2025-06-13,2382,0.06378253,-0.005134424705971252
2025-06-16,2382,0.057960466,-0.010906524940854756
2025-06-17,2382,0.057473227,0.014387137926496818
2025-06-18,2382,0.05557306,0.02179142360479247
2025-06-19,2382,0.055223987,0.027052711108976224
2025-06-20,2382,0.05397149,0.023341156020523002
2025-06-23,2382,0.05664356,0.03841824269391014
2025-06-24,2382,0.059809193,0.016944749605276144
2025-06-25,2382,0.058969356,0.0047969435178321085
2025-06-26,2382,0.076174796,0.03506169054382369
2025-06-27,2382,0.048704974,0.04036697247706411
2025-06-30,2382,0.055014506,0.03825136612021862
2025-07-01,2382,0.05223079,0.014234875444839812
2025-07-02,2382,0.043823317,0.028368794326241176
2025-07-03,2382,0.04041802,0.023214285714285632
2025-07-04,2382,0.036579214,0.05755395683453246
2025-07-07,2382,0.036848508,0.08303249097472931
2025-07-08,2382,0.03942672,0.1341911764705883
2025-07-09,2382,0.043732993,0.10869565217391308
2025-07-10,2382,0.041512467,0.09157509157509147
2025-07-11,2382,0.04232157,0.0787545787545787
2025-07-14,2382,0.0388332,0.05380333951762517
2025-07-15,2382,0.039843053,0.0573012939001849
2025-07-16,2382,0.042029813,0.06972477064220173
2025-07-17,2382,0.039545827,0.06457564575645747
2025-07-18,2382,0.04283507,0.08409506398537481
2025-07-21,2382,0.042910554,0.0639853747714807
2025-07-22,2382,0.04640212,0.10285714285714276
2025-07-23,2382,0.035621367,0.10964083175803396
2025-07-24,2382,0.042070717,0.15055762081784385
2025-07-25,2382,0.039869852,0.13221601489757906
2025-07-28,2382,0.044404007,0.13235294117647056
2025-07-29,2382,0.037533678,0.14392523364485976
2025-07-30,2382,0.043589987,0.11296296296296293
2025-07-31,2382,0.056951866,0.056838365896980436
2025-08-01,2382,0.056663938,0.00877192982456143
2025-08-04,2382,0.05626861,0.030249110320284656
2025-08-05,2382,0.051166303,0.01736111111111116
2025-08-06,2382,0.051896065,-0.005199306759098743
2025-08-07,2382,0.05379808,0.00865051903114189
2025-08-08,2382,0.05200596,0.0034423407917383297
2025-08-11,2382,0.070964426,-0.006896551724137945
2025-08-12,2382,0.053328976,0.007067137809187329
2025-08-13,2382,0.08706439,0.02946593001841613
2025-08-14,2382,0.025510656,0.020332717190388205
2025-08-15,2382,0.034213662,-0.001848428835489857
2025-08-18,2382,0.03162393,-0.0074349442379182396
2025-08-19,2382,0.03460443,0.02238805970149249
2025-08-20,2382,0.038927466,0.040462427745664664
2025-08-21,2382,0.03684362,0.05019305019305009
2025-08-22,2382,0.03785781,0.06382978723404253
2025-08-25,2382,0.04390025,0.042910447761194126
2025-08-26,2382,0.03808389,0.062264150943396324
2025-08-27,2382,0.043965712,0.048327137546468446
2025-08-28,2382,0.04883668,0.07894736842105265
2025-08-29,2382,0.046465583,0.09904761904761905
2025-09-01,2382,0.049028873,0.142578125
2025-09-02,2382,0.051053256,0.1617357001972386
2025-09-03,2382,0.057375252,0.17357001972386588
2025-09-04,2382,0.075202554,0.1575875486381324
2025-09-05,2382,0.07458164,0.14506769825918764
2025-06-11,2383,0.017605627,0.3287811696579883
2025-06-12,2383,0.006110372,0.44647530272304503
2025-06-13,2383,0.022526475,0.47845291007261403
2025-06-16,2383,-0.060083203,0.5271764747723937
2025-06-17,2383,0.014379645,0.571684639838725
2025-06-18,2383,0.013082961,0.5766353735238456
2025-06-19,2383,-0.0096677225,0.5406665056867996
2025-06-20,2383,-0.002111135,0.5898053585099279
2025-06-23,2383,0.00019478984,0.6217258415151792
2025-06-24,2383,-0.10455495,0.5196846645367905
2025-06-25,2383,-0.0007737931,0.5350350151346601
2025-06-26,2383,0.0033257548,0.593743372560378
2025-06-27,2383,-0.07321775,0.5150051125163646
2025-06-30,2383,-0.06853079,0.4415754002791974
2025-07-01,2383,-0.1033631,0.3789731215602248
2025-07-02,2383,-0.031997368,0.3743918164748512
2025-07-03,2383,-0.1136961,0.3428248121273456
2025-07-04,2383,-0.0005721506,0.42144575003559703
2025-07-07,2383,0.0045279134,0.4673980682389216
2025-07-08,2383,-0.10912722,0.31291399899197114
2025-07-09,2383,-0.014408262,0.2650805823142417
2025-07-10,2383,-0.011628712,0.30742637586450927
2025-07-11,2383,0.000120149925,0.29197421130328016
2025-07-14,2383,0.001998173,0.27732116275528007
2025-07-15,2383,-0.118893266,0.19068076848111848
2025-07-16,2383,-0.050597057,0.17493422774878487
2025-07-17,2383,-0.0021861326,0.15056632816578386
2025-07-18,2383,-0.107560635,0.11196438920304641
2025-07-21,2383,0.002069058,0.127910457899725
2025-07-22,2383,0.0044243652,0.14615947859879053
2025-07-23,2383,0.00392616,0.14335249736020672
2025-07-24,2383,-0.010842772,0.19341599993818415
2025-07-25,2383,-0.02332689,0.27914436930321207
2025-07-28,2383,-0.12470655,0.23551598800338502
2025-07-29,2383,0.0138449315,0.2726423308160615
2025-07-30,2383,0.0070124883,0.370992468171621
2025-07-31,2383,-0.083492965,0.2927634256491325
2025-08-01,2383,-0.04093547,0.32972408225293237
2025-08-04,2383,0.0042135622,0.3143218731058903
2025-08-05,2383,-0.08267753,0.305803120367669
2025-08-06,2383,0.0027138386,0.25043122649657623
2025-08-07,2383,-0.14385474,0.2033602007329398
2025-08-08,2383,-0.030980421,0.1628891355431561
2025-08-11,2383,-0.030010032,0.17978405444940782
2025-08-12,2383,-0.09189843,0.1855695972732514
2025-08-13,2383,-0.12011954,0.16509157683114095
2025-08-14,2383,-0.051605992,0.2140731484380365
2025-08-15,2383,-0.117729574,0.0685282803818208
2025-08-18,2383,-0.12029484,0.032531598890583435
2025-08-19,2383,0.026796246,0.1778585756179638
2025-08-20,2383,0.0013236497,0.15407936936479882
2025-08-21,2383,-0.1429584,0.08285223090582483
2025-08-22,2383,-0.0059441086,0.21911079699642455
2025-08-25,2383,-0.18034041,0.19143277745721377
2025-08-26,2383,-0.08281429,0.21169523965886716
2025-08-27,2383,-0.17754315,0.2070412056165012
2025-08-28,2383,-0.043198258,0.17999999999999994
2025-08-29,2383,-0.0044666957,0.180327868852459
2025-09-01,2383,-0.02292108,0.23809523809523814
2025-09-02,2383,-0.091076985,0.23913043478260865
2025-09-03,2383,-0.10360834,0.28326180257510725
2025-09-04,2383,0.03893929,0.3318385650224216
2025-09-05,2383,-0.15998591,0.28755364806866957
2025-06-11,2395,0.0612384,-0.013892935671947604
2025-06-12,2395,0.05245465,0.003391853444745019
2025-06-13,2395,0.052014515,0.043327655688889966
2025-06-16,2395,0.04953464,0.04061826204401964
2025-06-17,2395,0.04846631,0.04679403654826597
2025-06-18,2395,0.051492654,0.016444528194379693
2025-06-19,2395,0.05158884,0.03320347086293429
2025-06-20,2395,0.047212124,0.008375510973282374
2025-06-23,2395,0.046112478,0.02079608047371373
2025-06-24,2395,0.050304465,-0.003718948045163817
2025-06-25,2395,0.04411625,-0.003631618659788338
2025-06-26,2395,0.045519672,-0.0019347502485250745
2025-06-27,2395,0.04659245,-0.012264476390026258
2025-06-30,2395,0.041388996,-0.031813965725828286
2025-07-01,2395,0.046057574,-0.04538666714088668
2025-07-02,2395,0.038169555,-0.03215305865270801
2025-07-03,2395,0.04614713,-0.04925139100949516
2025-07-04,2395,0.036831446,-0.05499628012849611
2025-07-07,2395,0.035312086,-0.03642925984225809
2025-07-08,2395,0.038893327,-0.027212223158527893
2025-07-09,2395,0.035732046,-0.02248328328722604
2025-07-10,2395,0.037675545,-0.03090169839033463
2025-07-11,2395,0.039566725,-0.05689955395851065
2025-07-14,2395,0.030444356,-0.04497216480669175
2025-07-15,2395,0.037267603,-0.017045972471210313
2025-07-16,2395,0.04431832,-0.007930479171097904
2025-07-17,2395,0.04309786,-0.01812688821752262
2025-07-18,2395,0.045047633,-0.0359281437125748
2025-07-21,2395,0.05378496,-0.04552129221732748
2025-07-22,2395,0.046073824,-0.02391629297458897
2025-07-23,2395,0.050836228,-0.04572271386430682
2025-07-24,2395,0.04711362,-0.038461538461538436
2025-07-25,2395,0.052723914,-0.03665689149560114
2025-07-28,2395,0.05243575,-0.027941176470588247
2025-07-29,2395,0.046452664,-0.024024024024024038
2025-07-30,2395,0.055142336,-0.0752212389380531
2025-07-31,2395,0.04404953,-0.05663189269746649
2025-08-01,2395,0.058328547,-0.026771653543307128
2025-08-04,2395,0.07310573,-0.04643962848297212
2025-08-05,2395,0.09080768,-0.047256097560975596
2025-08-06,2395,0.08521758,-0.06758832565284179
2025-08-07,2395,0.08458042,-0.08814589665653494
2025-08-08,2395,0.07829853,-0.07453416149068326
2025-08-11,2395,0.08492786,-0.0658307210031348
2025-08-12,2395,0.080266535,-0.07523510971786829
2025-08-13,2395,0.0777332,-0.07923930269413626
2025-08-14,2395,0.0847612,-0.06984126984126982
2025-08-15,2395,0.08284614,-0.11635220125786161
2025-08-18,2395,0.074275665,-0.12222222222222223
2025-08-19,2395,0.08034268,-0.11251980982567356
2025-08-20,2395,0.07108505,-0.09193548387096773
2025-08-21,2395,0.08874591,-0.0888888888888889
2025-08-22,2395,0.078903005,-0.09523809523809523
2025-08-25,2395,0.08764343,-0.09247648902821315
2025-08-26,2395,0.08683133,-0.10559006211180122
2025-08-27,2395,0.087874606,-0.18644067796610164
2025-08-28,2395,0.05590324,-0.18758815232722148
2025-08-29,2395,0.06360887,-0.1656976744186046
2025-09-01,2395,0.08499832,-0.1642441860465116
2025-09-02,2395,0.08559325,-0.14074074074074072
2025-09-03,2395,0.08754243,-0.1471025260029718
2025-09-04,2395,0.08782905,-0.1424287856071964
2025-09-05,2395,0.092962675,-0.16568914956011727
2025-06-11,2412,0.04035218,0.05032368905795659
2025-06-12,2412,0.04748542,0.05023627378859863
2025-06-13,2412,0.050122768,0.042456745958945996
2025-06-16,2412,0.0506557,0.027154784519842545
2025-06-17,2412,0.049829304,0.031001173428866435
2025-06-18,2412,0.052311547,0.023447852000616942
2025-06-19,2412,0.055074207,0.019587876481022226
2025-06-20,2412,0.050609,0.023392308796970296
2025-06-23,2412,0.05080296,0.019587876481022226
2025-06-24,2412,0.047678135,0.027112510106015897
2025-06-25,2412,0.05273027,0.01207620937560172
2025-06-26,2412,0.05068174,0.01207620937560172
2025-06-27,2412,0.048240364,0.023392308796970296
2025-06-30,2412,0.04594662,0.027069930756342675
2025-07-01,2412,0.04747308,0.03476333835764445
2025-07-02,2412,0.036457345,0.03088803039252519
2025-07-03,2412,0.05484169,0.026717556828213196
2025-07-04,2412,0.044523194,0.01915708781764236
2025-07-07,2412,0.047332153,0.023076922708146874
2025-07-08,2412,0.039052114,0.031007751438630216
2025-07-09,2412,0.03347352,0.042968749302617626
2025-07-10,2412,0.04571861,0.023076922708146874
2025-07-11,2412,0.041807957,0.015325670254113799
2025-07-14,2412,0.036327086,0.015325670254113799
2025-07-15,2412,0.030960413,0.015444015196262706
2025-07-16,2412,0.039192952,0.01149425269058546
2025-07-17,2412,0.034446143,0.01915708781764236
2025-07-18,2412,0.035566382,0.031007751438630216
2025-07-21,2412,0.031039039,0.031007751438630216
2025-07-22,2412,0.040218458,0.0229885053811707
2025-07-23,2412,0.029743994,0.030769230277529314
2025-07-24,2412,0.028555216,0.019305018995328327
2025-07-25,2412,0.024634087,0.02325581357897266
2025-07-28,2412,0.027023943,0.019305018995328327
2025-07-29,2412,0.0189131,0.019379844649143774
2025-07-30,2412,0.022985185,0.011583011397196863
2025-07-31,2412,0.017570408,0.019379844649143774
2025-08-01,2412,0.021034488,0.011583011397196863
2025-08-04,2412,0.03436707,0.007633587665203834
2025-08-05,2412,0.03819955,-0.003787878728264582
2025-08-06,2412,0.041977078,0.0
2025-08-07,2412,0.040811017,0.0037735848464952593
2025-08-08,2412,0.04764159,-0.014925372902936274
2025-08-11,2412,0.046494827,-0.018587360307701806
2025-08-12,2412,0.049950093,-0.025925925526966487
2025-08-13,2412,0.046075538,-0.02230483236924219
2025-08-14,2412,0.04610247,-0.018587360307701806
2025-08-15,2412,0.052086703,-0.029629629173675953
2025-08-18,2412,0.055458516,-0.04744525475500283
2025-08-19,2412,0.053739548,-0.04347826021504775
2025-08-20,2412,0.051105984,-0.03663003607255211
2025-08-21,2412,0.052114844,-0.03999999939565413
2025-08-22,2412,0.043811284,-0.03676470532076159
2025-08-25,2412,0.048626296,-0.033210331594151876
2025-08-26,2412,0.048190273,-0.018726591468888776
2025-08-27,2412,0.042526037,-0.02611940258013845
2025-08-28,2412,0.0332866,-0.022556390625116385
2025-08-29,2412,0.030459063,-0.01886792423247574
2025-09-01,2412,0.035785094,-0.029850745805872547
2025-09-02,2412,0.03687699,-0.04074074011380446
2025-09-03,2412,0.028122881,-0.029850745805872547
2025-09-04,2412,0.03254585,-0.04074074011380446
2025-09-05,2412,0.027809838,-0.03345724855386334
2025-06-11,2454,0.07168353,0.10885901639174289
2025-06-12,2454,0.068738475,0.19822911212693728
2025-06-13,2454,0.07244852,0.21546456721018137
2025-06-16,2454,0.071851484,0.2024970986371677
2025-06-17,2454,0.07799072,0.18763316288483511
2025-06-18,2454,0.075421765,0.178390881758681
2025-06-19,2454,0.06225127,0.23732532458871347
2025-06-20,2454,0.063128635,0.23177952770351795
2025-06-23,2454,0.069439925,0.22687203918960197
2025-06-24,2454,0.07221715,0.1561783121844902
2025-06-25,2454,0.0785535,0.10629921311024115
2025-06-26,2454,0.0673257,0.08687358821054803
2025-06-27,2454,0.06398591,0.05539385412648845
2025-06-30,2454,0.058327504,0.09718110258783064
2025-07-01,2454,0.0799989,0.04767639341674412
2025-07-02,2454,0.077643715,0.03543307076759317
2025-07-03,2454,0.07462248,0.011811024127505121
2025-07-04,2454,0.07244566,-0.007751937522320285
2025-07-07,2454,0.059895672,0.031249999724603628
2025-07-08,2454,0.05789566,0.04330708685259688
2025-07-09,2454,0.05302158,-0.014760147470221474
2025-07-10,2454,0.07657333,-0.039285714489763035
2025-07-11,2454,0.08553776,-0.07394366223374338
2025-07-14,2454,0.068628214,-0.05776173237084903
2025-07-15,2454,0.07025468,-0.05734767049066247
2025-07-16,2454,0.07314928,-0.056737588177939946
2025-07-17,2454,0.06824659,-0.04316546725967707
2025-07-18,2454,0.06555631,-0.04964539001934132
2025-07-21,2454,0.069399305,-0.05964912318072124
2025-07-22,2454,0.072485775,-0.06993007002033635
2025-07-23,2454,0.06741833,-0.09440559481430033
2025-07-24,2454,0.06550161,-0.06643356637589626
2025-07-25,2454,0.064265385,-0.08041958095365631
2025-07-28,2454,0.06674005,-0.0714285715332117
2025-07-29,2454,0.06713243,-0.03676470592670733
2025-07-30,2454,0.053919457,-0.05072463760038792
2025-07-31,2454,0.059481554,-0.05109489044538473
2025-08-01,2454,0.05280996,-0.025925926269157906
2025-08-04,2454,0.048879273,0.0
2025-08-05,2454,0.046111345,-0.037313432904353405
2025-08-06,2454,0.054262035,-0.04545454506610769
2025-08-07,2454,0.059767477,-0.07749077516467318
2025-08-08,2454,0.06069266,-0.08148148114950315
2025-08-11,2454,0.057244316,-0.08118081222143059
2025-08-12,2454,0.056299,-0.08455882408384274
2025-08-13,2454,0.061906688,-0.1021897808907698
2025-08-14,2454,0.06313395,-0.11510791343022408
2025-08-15,2454,0.05917342,-0.14598540170025542
2025-08-18,2454,0.06418961,-0.17730496414699393
2025-08-19,2454,0.06526201,-0.14748201405941996
2025-08-20,2454,0.05920057,-0.15498155032934613
2025-08-21,2454,0.050785467,-0.15750915749264627
2025-08-22,2454,0.050962716,-0.1318681315048833
2025-08-25,2454,0.05887141,-0.07801418410831118
2025-08-26,2454,0.062024996,-0.04285714321292022
2025-08-27,2454,0.05441623,-0.0035714287231571884
2025-08-28,2454,0.052908346,0.04332130001855239
2025-08-29,2454,0.04905212,0.032846715232853096
2025-09-01,2454,0.047441565,0.029411764439755572
2025-09-02,2454,0.045736022,0.03308823518323156
2025-09-03,2454,0.053272,0.02150537652588702
2025-09-04,2454,0.054857925,0.039711191560270365
2025-09-05,2454,0.057658955,-0.010452961406048566
2025-06-11,2603,-0.009318916,-0.11046129184513731
2025-06-12,2603,-0.020386932,-0.10705941134168917
2025-06-13,2603,-0.02075502,-0.10597602705948028
2025-06-16,2603,-0.015840067,-0.12895845032704156
2025-06-17,2603,-0.018090127,-0.12787049138844786
2025-06-18,2603,-0.02634917,-0.14252336435648705
2025-06-19,2603,-0.023609443,-0.13647059012165375
2025-06-20,2603,-0.023273094,-0.11566265350734894
2025-06-23,2603,-0.0016096812,-0.10000000157791167
2025-06-24,2603,0.005422326,-0.0980861262409023
2025-06-25,2603,0.003916161,-0.10705596066204126
2025-06-26,2603,0.009660574,-0.1121951229518463
2025-06-27,2603,0.013214396,-0.12165450122931132
2025-06-30,2603,-0.0029339176,-0.09547738573665965
2025-07-01,2603,0.014097588,-0.10552764085925814
2025-07-02,2603,0.022361876,-0.10945273567788538
2025-07-03,2603,0.020513007,-0.12561576444949574
2025-07-04,2603,0.022782082,-0.11471321835233506
2025-07-07,2603,0.015573228,-0.07672634475631035
2025-07-08,2603,0.029892677,-0.07692307352034833
2025-07-09,2603,0.030932443,-0.09343434144035379
2025-07-10,2603,0.02971162,-0.08461538419004355
2025-07-11,2603,0.035351023,-0.0890585254575692
2025-07-14,2603,0.033939287,-0.06203474195037262
2025-07-15,2603,0.034368627,-0.07769423837937395
2025-07-16,2603,0.019930216,-0.07711442545873703
2025-07-17,2603,0.032233626,-0.07673267606836087
2025-07-18,2603,0.03215071,-0.07749999773569682
2025-07-21,2603,0.033666432,-0.07848101032241628
2025-07-22,2603,0.032639496,-0.06887755003804696
2025-07-23,2603,0.039304875,-0.06329113647623241
2025-07-24,2603,0.038002886,-0.07940446498753984
2025-07-25,2603,0.040853977,-0.07178217911626672
2025-07-28,2603,0.045160867,-0.049999997843520716
2025-07-29,2603,0.043550014,-0.012594457863623676
2025-07-30,2603,0.04519237,-0.030075188701389366
2025-07-31,2603,0.044214673,-0.025252524124889764
2025-08-01,2603,0.04539206,-0.05764411077687792
2025-08-04,2603,0.04111988,-0.05597964331910643
2025-08-05,2603,0.039269045,-0.038265309855421537
2025-08-06,2603,0.044414133,-0.045918368525772246
2025-08-07,2603,0.035966992,-0.06169665432116489
2025-08-08,2603,0.04466428,-0.08860759106672544
2025-08-11,2603,0.03723602,-0.04615384742986928
2025-08-12,2603,0.046266466,-0.053030301751399334
2025-08-13,2603,0.046064697,-0.0583756298362913
2025-08-14,2603,0.046648018,-0.0879396998130001
2025-08-15,2603,0.04781454,-0.09343434144035379
2025-08-18,2603,0.04751095,-0.09113923761766296
2025-08-19,2603,0.037423886,-0.06169665432116489
2025-08-20,2603,0.031836107,-0.0649350620253275
2025-08-21,2603,0.04754299,-0.07731958436286224
2025-08-22,2603,0.038271315,-0.05249344154391333
2025-08-25,2603,0.034437433,-0.03703703429019889
2025-08-26,2603,0.042095058,-0.04244031764996159
2025-08-27,2603,0.044377014,-0.04521276612523528
2025-08-28,2603,0.040866286,-0.03457446990027302
2025-08-29,2603,0.033236086,-0.02156334477784394
2025-09-01,2603,0.040415056,-0.00815217120597922
2025-09-02,2603,0.043259993,0.00819672449896136
2025-09-03,2603,0.048304394,0.0
2025-09-04,2603,0.047415026,-0.027027025766849344
2025-09-05,2603,0.04895196,-0.042895441630756204
2025-06-11,2609,0.09042278,-0.10928193114359763
2025-06-12,2609,0.09145521,-0.114871433964859
2025-06-13,2609,0.10265504,-0.14447466298998735
2025-06-16,2609,0.09247176,-0.15837638148144184
2025-06-17,2609,0.1097935,-0.1724462310226913
2025-06-18,2609,0.09144348,-0.16886238951144572
2025-06-19,2609,0.08914797,-0.156524317612595
2025-06-20,2609,0.07867323,-0.14228551042165594
2025-06-23,2609,0.07656708,-0.12916331738678377
2025-06-24,2609,0.088050514,-0.12819073847121132
2025-06-25,2609,0.07785969,-0.1406344656312234
2025-06-26,2609,0.07540975,-0.14551084325126595
2025-06-27,2609,0.08713521,-0.1544704067874495
2025-06-30,2609,0.08519113,-0.13663222055734348
2025-07-01,2609,0.09486578,-0.18173205283427407
2025-07-02,2609,0.08852952,-0.1907899968079576
2025-07-03,2609,0.08738962,-0.2101220307790197
2025-07-04,2609,0.077123,-0.21690596166443132
2025-07-07,2609,0.078545704,-0.20387994602270165
2025-07-08,2609,0.08128735,-0.19814241456117287
2025-07-09,2609,0.09388988,-0.1996904024268621
2025-07-10,2609,0.08144371,-0.18181817879779605
2025-07-11,2609,0.0812641,-0.17439999573368814
2025-07-14,2609,0.08363776,-0.09424920032109951
2025-07-15,2609,0.07750728,-0.14743588866190382
2025-07-16,2609,0.08861826,-0.16326531646717113
2025-07-17,2609,0.07661435,-0.1466877048310683
2025-07-18,2609,0.072606064,-0.14149444248327125
2025-07-21,2609,0.06959949,-0.13504823738031158
2025-07-22,2609,0.070923544,-0.11928104903312953
2025-07-23,2609,0.08053663,-0.13461539039338044
2025-07-24,2609,0.08212643,-0.13946117925546275
2025-07-25,2609,0.07242191,-0.12678288873161925
2025-07-28,2609,0.06726405,-0.09309791216868757
2025-07-29,2609,0.06682287,-0.02439024803323442
2025-07-30,2609,0.066460125,-0.06655843590388633
2025-07-31,2609,0.06604566,-0.07072367919512712
2025-08-01,2609,0.07318853,-0.09656301087072028
2025-08-04,2609,0.067230575,-0.1006600661200514
2025-08-05,2609,0.06937695,-0.09390444705947187
2025-08-06,2609,0.06732804,-0.10396039672030855
2025-08-07,2609,0.0662453,-0.12396692905875772
2025-08-08,2609,0.06962546,-0.1360655628536357
2025-08-11,2609,0.06812109,-0.10430463650391097
2025-08-12,2609,0.0840229,-0.12012987353358295
2025-08-13,2609,0.08088789,-0.12824675802293095
2025-08-14,2609,0.07192294,-0.13798700250138152
2025-08-15,2609,0.06928562,-0.15686273775638826
2025-08-18,2609,0.07044985,-0.15573769736020937
2025-08-19,2609,0.067616604,-0.14427859734025017
2025-08-20,2609,0.07921489,-0.1556291314212246
2025-08-21,2609,0.07002106,-0.13696368553508975
2025-08-22,2609,0.06877739,-0.13926173435171896
2025-08-25,2609,0.071856245,-0.11317567600259604
2025-08-26,2609,0.07575841,-0.11694915346995072
2025-08-27,2609,0.069080286,-0.11262798659077689
2025-08-28,2609,0.07478242,-0.10884353705345695
2025-08-29,2609,0.074949384,-0.09878682642061465
2025-09-01,2609,0.07107981,-0.09265733963304734
2025-09-02,2609,0.0658638,-0.07732864118305327
2025-09-03,2609,0.06647763,-0.09930313396009482
2025-09-04,2609,0.070885785,-0.11724138030114639
2025-09-05,2609,0.06496608,-0.12953368173915725
2025-06-11,2615,0.040325828,-0.19936935095696762
2025-06-12,2615,0.065819815,-0.17824535608908576
2025-06-13,2615,0.051359534,-0.1691222061758465
2025-06-16,2615,0.03948824,-0.19263289541117534
2025-06-17,2615,0.04254453,-0.1824130598522835
2025-06-18,2615,0.041063115,-0.19834806241177916
2025-06-19,2615,0.05631651,-0.1643286542240321
2025-06-20,2615,0.04632075,-0.1655713420378795
2025-06-23,2615,0.051953882,-0.13752664517578694
2025-06-24,2615,0.052859172,-0.13847780838740964
2025-06-25,2615,0.047451064,-0.16789086244540263
2025-06-26,2615,0.05497323,-0.16684492383333294
2025-06-27,2615,0.0546882,-0.16521739787512257
2025-06-30,2615,0.057617597,-0.1438202266053974
2025-07-01,2615,0.0555555,-0.1864035094705253
2025-07-02,2615,0.053999312,-0.19239130754740108
2025-07-03,2615,0.052039117,-0.19978402582161314
2025-07-04,2615,0.05507493,-0.18645948597962358
2025-07-07,2615,0.05583117,-0.18333332372598166
2025-07-08,2615,0.057241112,-0.17415729472526154
2025-07-09,2615,0.055341266,-0.19256017642094703
2025-07-10,2615,0.059426636,-0.16816143789867388
2025-07-11,2615,0.058034137,-0.1438202266053974
2025-07-14,2615,0.05569274,-0.06888888555834027
2025-07-15,2615,0.058041766,-0.10555555491506552
2025-07-16,2615,0.05859781,-0.1479099682032493
2025-07-17,2615,0.05444956,-0.13109425572343536
2025-07-18,2615,0.059050947,-0.1371055463406522
2025-07-21,2615,0.06065751,-0.1478641889255673
2025-07-22,2615,0.059789672,-0.12960893743349977
2025-07-23,2615,0.055804737,-0.1557017518909809
2025-07-24,2615,0.054752484,-0.15795207339817785
2025-07-25,2615,0.058634453,-0.15065502255130103
2025-07-28,2615,0.059931092,-0.13114754730416478
2025-07-29,2615,0.06186077,-0.036383685004861
2025-07-30,2615,0.06041313,-0.09281767808844787
2025-07-31,2615,0.058246113,-0.07553550845474155
2025-08-01,2615,0.057372153,-0.0898004465197142
2025-08-04,2615,0.06142301,-0.08916478427091834
2025-08-05,2615,0.059005305,-0.06644144255990148
2025-08-06,2615,0.061188966,-0.05922552165421413
2025-08-07,2615,0.060546897,-0.08987485683947427
2025-08-08,2615,0.057833686,-0.11123595141457987
2025-08-11,2615,0.062929906,-0.07377979860100536
2025-08-12,2615,0.056563325,-0.06992230724235893
2025-08-13,2615,0.05850742,-0.08435071381572068
2025-08-14,2615,0.06163636,-0.09151785096497911
2025-08-15,2615,0.060970984,-0.05875705994777214
2025-08-18,2615,0.05898355,-0.0667420714232988
2025-08-19,2615,0.049158588,-0.04327485340374648
2025-08-20,2615,0.056219935,-0.07861271453035346
2025-08-21,2615,0.058893204,-0.07234539873925427
2025-08-22,2615,0.059631623,-0.06658740238273264
2025-08-25,2615,0.060029507,-0.013126492562853254
2025-08-26,2615,0.05952777,-0.026315779021969354
2025-08-27,2615,0.060589664,-0.03357314485815999
2025-08-28,2615,0.056938127,-0.034482764151347656
2025-08-29,2615,0.05906394,-0.024154586466165417
2025-09-01,2615,0.05853211,-0.011056519872824744
2025-09-02,2615,0.06025581,-0.0012406972168150787
2025-09-03,2615,0.06056738,-0.012391572232220982
2025-09-04,2615,0.057531074,-0.04247573550586037
2025-09-05,2615,0.05960376,-0.042579070373600314
2025-06-11,2880,0.06741205,0.1585054865187583
2025-06-12,2880,0.06312579,0.16625777443922973
2025-06-13,2880,0.073069565,0.16739787447609578
2025-06-16,2880,0.0699704,0.17221820599513715
2025-06-17,2880,0.085489,0.17221820599513715
2025-06-18,2880,0.090920344,0.1622841534019579
2025-06-19,2880,0.08666366,0.16867278857093848
2025-06-20,2880,0.08646428,0.1755674403749179
2025-06-23,2880,0.08526603,0.1944499428664883
2025-06-24,2880,0.09391179,0.1644771642843188
2025-06-25,2880,0.09712689,0.14291278414960873
2025-06-26,2880,0.09411613,0.13450901824127603
2025-06-27,2880,0.093070924,0.12596887031754256
2025-06-30,2880,0.08705345,0.13256968658616275
2025-07-01,2880,0.09659418,0.11806682461797369
2025-07-02,2880,0.08347799,0.12532950579367919
2025-07-03,2880,0.082063116,0.11761308508230917
2025-07-04,2880,0.08394162,0.11161518592415098
2025-07-07,2880,0.092367694,0.07909999500499088
2025-07-08,2880,0.08299351,0.07728506184897843
2025-07-09,2880,0.07637529,0.10021052829886523
2025-07-10,2880,0.086344644,0.09041147692935358
2025-07-11,2880,0.081936955,0.09041147692935358
2025-07-14,2880,0.09086303,0.08440397702034019
2025-07-15,2880,0.079622984,0.09949535573532553
2025-07-16,2880,0.087994546,0.10118712406284547
2025-07-17,2880,0.09135621,0.08228080766887813
2025-07-18,2880,0.084015526,0.08607947797973847
2025-07-21,2880,0.08091757,0.08425106135014304
2025-07-22,2880,0.082781345,0.08785097522189433
2025-07-23,2880,0.07785151,0.08779421280359667
2025-07-24,2880,0.07704195,0.08790789460933413
2025-07-25,2880,0.069955096,0.0825660041779328
2025-07-28,2880,0.06814421,0.0938646961554821
2025-07-29,2880,0.071973935,0.08461034170408221
2025-07-30,2880,0.077564985,0.07337613996589609
2025-07-31,2880,0.07450019,0.08072803133552542
2025-08-01,2880,0.0808761,0.08054996196537156
2025-08-04,2880,0.09245916,0.05677549473549659
2025-08-05,2880,0.08318643,0.0567815133496854
2025-08-06,2880,0.085373506,0.05146208896005455
2025-08-07,2880,0.08582271,0.06216106897036311
2025-08-08,2880,0.08418664,0.06033366138443785
2025-08-11,2880,0.08410558,0.05319608826049671
2025-08-12,2880,0.08606361,0.04960460100647013
2025-08-13,2880,0.08821173,0.04504504504504503
2025-08-14,2880,0.08659099,0.03208556149732611
2025-08-15,2880,0.07572214,0.028828828828828756
2025-08-18,2880,0.08290707,0.007104795737122638
2025-08-19,2880,0.07588295,0.02491103202846978
2025-08-20,2880,0.07758248,0.03730017761989335
2025-08-21,2880,0.073366,0.047957371225577416
2025-08-22,2880,0.06657682,0.03571428571428581
2025-08-25,2880,0.07197589,0.03730017761989335
2025-08-26,2880,0.06854062,0.05434782608695654
2025-08-27,2880,0.07293823,0.0574506283662477
2025-08-28,2880,0.0695967,0.059352517985611364
2025-08-29,2880,0.07536906,0.08243727598566308
2025-09-01,2880,0.0867963,0.0651408450704225
2025-09-02,2880,0.089387335,0.06034482758620685
2025-09-03,2880,0.08231735,0.0547945205479452
2025-09-04,2880,0.07606824,0.04982817869415812
2025-09-05,2880,0.074890174,0.05317324185248706
2025-06-11,2881,0.11284663,0.003340331241807881
2025-06-12,2881,0.080248386,0.03795922978739874
2025-06-13,2881,0.08970052,0.06454151661362184
2025-06-16,2881,0.07816814,0.06217464923244842
2025-06-17,2881,0.07980932,0.08425289428495697
2025-06-18,2881,0.09462132,0.06801202436304354
2025-06-19,2881,0.09314807,0.0766349608892638
2025-06-20,2881,0.07077543,0.09822300052935562
2025-06-23,2881,0.08455303,0.09585199005482226
2025-06-24,2881,0.09489445,0.07192887337787846
2025-06-25,2881,0.08288843,0.08674463769117802
2025-06-26,2881,0.08623143,0.07925413055565644
2025-06-27,2881,0.079514906,0.08657938773343399
2025-06-30,2881,0.09212285,0.06139984344475935
2025-07-01,2881,0.09002286,0.06564606849163135
2025-07-02,2881,0.08090478,0.09175799589614031
2025-07-03,2881,0.0818883,0.07932825144378874
2025-07-04,2881,0.071468726,0.10597832806522245
2025-07-07,2881,0.086963475,0.08124089525413503
2025-07-08,2881,0.07393694,0.09694271582631697
2025-07-09,2881,0.07281533,0.12200175396803936
2025-07-10,2881,0.092346,0.11839884517612553
2025-07-11,2881,0.08350648,0.08951866858723956
2025-07-14,2881,0.07801599,0.09448229962822419
2025-07-15,2881,0.08224201,0.099870962982892
2025-07-16,2881,0.085469455,0.09057137492632616
2025-07-17,2881,0.07557988,0.0908053052438691
2025-07-18,2881,0.07457042,0.09111983775898524
2025-07-21,2881,0.06689635,0.1174996090259326
2025-07-22,2881,0.06432285,0.1380510139065274
2025-07-23,2881,0.07924724,0.12406570487217561
2025-07-24,2881,0.071655236,0.12920698705325595
2025-07-25,2881,0.07125379,0.11716683836701702
2025-07-28,2881,0.067659825,0.13640347262549413
2025-07-29,2881,0.063588865,0.15499027859958536
2025-07-30,2881,0.067468464,0.13170959658642745
2025-07-31,2881,0.067234255,0.14440783588368067
2025-08-01,2881,0.064485356,0.14784142312995474
2025-08-04,2881,0.07344307,0.10552639424642973
2025-08-05,2881,0.06654051,0.12016913095292425
2025-08-06,2881,0.06786975,0.09907248773035104
2025-08-07,2881,0.06904714,0.09509690960628903
2025-08-08,2881,0.07004958,0.09476777868706954
2025-08-11,2881,0.073579505,0.09039104683393373
2025-08-12,2881,0.072835125,0.11129397636144844
2025-08-13,2881,0.07633352,0.09418414975410583
2025-08-14,2881,0.07819138,0.05961945108919986
2025-08-15,2881,0.07022564,0.03307124396301697
2025-08-18,2881,0.07184896,0.01462627568655428
2025-08-19,2881,0.06519707,0.03895265367928902
2025-08-20,2881,0.07093677,0.046222476795028555
2025-08-21,2881,0.06431152,0.06794117132740296
2025-08-22,2881,0.0627561,0.0832957620822361
2025-08-25,2881,0.06832783,0.0661740487577922
2025-08-26,2881,0.07155781,0.10501364635276533
2025-08-27,2881,0.06983995,0.10751692345041608
2025-08-28,2881,0.06345981,0.10439210859304549
2025-08-29,2881,0.05938997,0.1251692966031268
2025-09-01,2881,0.06340159,0.1293100217713441
2025-09-02,2881,0.07595085,0.11827974226747728
2025-09-03,2881,0.066699766,0.13106604584758852
2025-09-04,2881,0.06810348,0.13163785738068
2025-09-05,2881,0.06927511,0.13455939475986578
2025-06-11,2882,0.11803298,-0.016558614503509372
2025-06-12,2882,0.09641616,-0.013376703339532003
2025-06-13,2882,0.09378605,-0.008301819152161438
2025-06-16,2882,0.08394884,0.008915304871448537
2025-06-17,2882,0.084293246,0.05113823954871588
2025-06-18,2882,0.092396244,0.024581703989239978
2025-06-19,2882,0.08353416,0.05275516508398237
2025-06-20,2882,0.07860458,0.05595507166278724
2025-06-23,2882,0.085660465,0.03994853898104744
2025-06-24,2882,0.08757322,0.03849296149812176
2025-06-25,2882,0.08344262,0.04642039495272554
2025-06-26,2882,0.08342324,0.04644416936807816
2025-06-27,2882,0.08811511,0.024844727289511592
2025-06-30,2882,0.0796024,0.04617834376521346
2025-07-01,2882,0.086544156,0.02681387510164579
2025-07-02,2882,0.07688962,0.04792332749390105
2025-07-03,2882,0.08058372,0.04146730749684857
2025-07-04,2882,0.07146477,0.05691058046986397
2025-07-07,2882,0.07798518,0.0517799319666441
2025-07-08,2882,0.07439118,0.05844155734976986
2025-07-09,2882,0.07096432,0.06873978132664083
2025-07-10,2882,0.08374013,0.059011167725570246
2025-07-11,2882,0.073451184,0.04479999512137156
2025-07-14,2882,0.07578468,0.03639239412074824
2025-07-15,2882,0.06557904,0.05229794141691424
2025-07-16,2882,0.07019106,0.036220461652923364
2025-07-17,2882,0.0651712,0.033280503697893815
2025-07-18,2882,0.058989443,0.0431309980535024
2025-07-21,2882,0.05687523,0.054574645275337286
2025-07-22,2882,0.055670872,0.06482982207167232
2025-07-23,2882,0.062011212,0.04784689453625357
2025-07-24,2882,0.055380598,0.0495207761556864
2025-07-25,2882,0.055876702,0.03514377128953328
2025-07-28,2882,0.05439225,0.04684975786288259
2025-07-29,2882,0.047294185,0.05383360687397998
2025-07-30,2882,0.04602664,0.0406504049979699
2025-07-31,2882,0.043964937,0.049261088435374134
2025-08-01,2882,0.04538347,0.05555556213689172
2025-08-04,2882,0.056963027,0.025599990110171555
2025-08-05,2882,0.050003543,0.03025478093051448
2025-08-06,2882,0.047653325,0.01275917407881022
2025-08-07,2882,0.04853352,0.014308434135997139
2025-08-08,2882,0.0464146,0.02531644594644855
2025-08-11,2882,0.05584538,0.015649448286834566
2025-08-12,2882,0.052614473,0.03616351107921956
2025-08-13,2882,0.05495222,0.03610675616105308
2025-08-14,2882,0.06635276,0.010835912171044182
2025-08-15,2882,0.06245601,0.0015455834501887367
2025-08-18,2882,0.06583821,-0.0031055828699289023
2025-08-19,2882,0.05976346,0.007788168100042014
2025-08-20,2882,0.05836969,0.007923936486389005
2025-08-21,2882,0.06438923,0.015503872110192551
2025-08-22,2882,0.054349482,0.020376168831168773
2025-08-25,2882,0.057103276,0.018575840274516198
2025-08-26,2882,0.05651474,0.037854883457393296
2025-08-27,2882,0.051048264,0.025559112408735762
2025-08-28,2882,0.045445964,0.04012840928715522
2025-08-29,2882,0.040648982,0.08292683091130582
2025-09-01,2882,0.047619767,0.07987221800482103
2025-09-02,2882,0.05423124,0.08661417579692299
2025-09-03,2882,0.04831697,0.08188975286307731
2025-09-04,2882,0.055468023,0.07644306629274311
2025-09-05,2882,0.061357014,0.07120742512867961
2025-06-11,2883,0.088955626,0.0004195665755071243
2025-06-12,2883,0.08868333,-0.017968663340084734
2025-06-13,2883,0.08125769,-0.002649171660922489
2025-06-16,2883,0.08827591,-0.030890086067263733
2025-06-17,2883,0.08353554,-0.002439182546926544
2025-06-18,2883,0.091277406,-0.020935558412323085
2025-06-19,2883,0.08120909,-0.009189155567311258
2025-06-20,2883,0.083004594,0.0029230420258177237
2025-06-23,2883,0.089247614,0.015736906871141043
2025-06-24,2883,0.08540091,0.019089128091513974
2025-06-25,2883,0.08536267,-0.000191591871488761
2025-06-26,2883,0.089701675,-0.02498087847996533
2025-06-27,2883,0.081910536,-0.00681281782511578
2025-06-30,2883,0.08348767,0.006363150123482875
2025-07-01,2883,0.095372096,-0.026439394284936912
2025-07-02,2883,0.08553419,0.00974023159926074
2025-07-03,2883,0.090659514,-0.006922141292080575
2025-07-04,2883,0.085561395,0.019905407183375967
2025-07-07,2883,0.09485905,-0.013434112302301848
2025-07-08,2883,0.07786391,0.009740235148108622
2025-07-09,2883,0.07986866,0.019939635800835243
2025-07-10,2883,0.08719886,0.016449510145408297
2025-07-11,2883,0.09069754,-0.000191591871488761
2025-07-14,2883,0.08676981,0.0064511947777747825
2025-07-15,2883,0.079766504,0.04959838918430326
2025-07-16,2883,0.08920507,0.035967272721350696
2025-07-17,2883,0.08425659,0.02934687741124198
2025-07-18,2883,0.08065677,0.026079086571499266
2025-07-21,2883,0.07519435,0.03605270451107101
2025-07-22,2883,0.07063663,0.06620600736686377
2025-07-23,2883,0.076574,0.05891594146568124
2025-07-24,2883,0.069937594,0.05907605558553608
2025-07-25,2883,0.06593107,0.05923735683459652
2025-07-28,2883,0.058077596,0.0628844699805593
2025-07-29,2883,0.05692073,0.06657988914724378
2025-07-30,2883,0.0617643,0.045919874422169826
2025-07-31,2883,0.049559228,0.06620600736686377
2025-08-01,2883,0.054911673,0.0526377007505241
2025-08-04,2883,0.05466324,0.03605270451107101
2025-08-05,2883,0.055136003,0.0425240739946573
2025-08-06,2883,0.057650156,0.02602644592283876
2025-08-07,2883,0.055028297,0.04556980936587718
2025-08-08,2883,0.060386933,0.038867384468118216
2025-08-11,2883,0.059775107,0.04220782122664746
2025-08-12,2883,0.06104649,0.042000354960790576
2025-08-13,2883,0.062977076,0.025767851083844384
2025-08-14,2883,0.06918998,0.006554919063828546
2025-08-15,2883,0.0664092,-0.01566201396729927
2025-08-18,2883,0.06788271,-0.0314090161371775
2025-08-19,2883,0.06340805,-0.012486707668607266
2025-08-20,2883,0.06308581,-0.025520571327039776
2025-08-21,2883,0.06905804,-0.021814176203671654
2025-08-22,2883,0.05913484,-0.012486707668607266
2025-08-25,2883,0.063492596,0.0002739164885185996
2025-08-26,2883,0.06025572,0.01935682316306031
2025-08-27,2883,0.056476332,0.012956007494600241
2025-08-28,2883,0.0567881,0.016233746378760072
2025-08-29,2883,0.05859728,0.03934426852508732
2025-09-01,2883,0.057252288,0.03257331823204934
2025-09-02,2883,0.06258021,0.028938911246365162
2025-09-03,2883,0.056629665,0.04901961447458669
2025-09-04,2883,0.06007161,0.058823537369504075
2025-09-05,2883,0.0591074,0.06885246991890281
2025-06-11,2884,0.0798426,0.12375572401032708
2025-06-12,2884,0.07822819,0.13378924263089398
2025-06-13,2884,0.08329153,0.12148715746590444
2025-06-16,2884,0.081938095,0.11771979511876318
2025-06-17,2884,0.08037928,0.11431641916991464
2025-06-18,2884,0.08166891,0.09753788792621787
2025-06-19,2884,0.07729514,0.09263087025738748
2025-06-20,2884,0.074249685,0.0912729472048639
2025-06-23,2884,0.07654895,0.10480522753329402
2025-06-24,2884,0.08066264,0.10097843580050014
2025-06-25,2884,0.083971635,0.08734402942377528
2025-06-26,2884,0.0769279,0.07106417258898978
2025-06-27,2884,0.079802684,0.059520829653370466
2025-06-30,2884,0.072629035,0.05320536802703346
2025-07-01,2884,0.0789422,0.04208082373902
2025-07-02,2884,0.06793368,0.05793468988750505
2025-07-03,2884,0.06955699,0.05314766864278675
2025-07-04,2884,0.07034967,0.03584569772938262
2025-07-07,2884,0.07844939,0.0037271036008545977
2025-07-08,2884,0.07163733,0.006806048759897987
2025-07-09,2884,0.07328142,0.003979186363799236
2025-07-10,2884,0.07913836,-0.004453758327133683
2025-07-11,2884,0.078082934,-0.02235521397989393
2025-07-14,2884,0.07898555,-0.023155371920684065
2025-07-15,2884,0.077544525,-0.022858000253721422
2025-07-16,2884,0.08415599,-0.037805512595558755
2025-07-17,2884,0.07460821,-0.033350914936234655
2025-07-18,2884,0.079941735,-0.03392365840946898
2025-07-21,2884,0.06889589,-0.005203568578820317
2025-07-22,2884,0.08479905,-0.01807229445240277
2025-07-23,2884,0.07108063,-0.0121028884128479
2025-07-24,2884,0.06785363,-0.07762558439591116
2025-07-25,2884,0.06430855,-0.07834099700155761
2025-07-28,2884,0.05968012,-0.062111807877373915
2025-07-29,2884,0.06056726,-0.06729264383842704
2025-07-30,2884,0.06981954,-0.07465009853463622
2025-07-31,2884,0.060020387,-0.05928238210200476
2025-08-01,2884,0.0703089,-0.060465125298951206
2025-08-04,2884,0.08306257,-0.07055214164867663
2025-08-05,2884,0.08118143,-0.0826952296526764
2025-08-06,2884,0.08441694,-0.10030396359787208
2025-08-07,2884,0.085728794,-0.11010557865447823
2025-08-08,2884,0.087766975,-0.09323307365557654
2025-08-11,2884,0.08200836,-0.08898943899017797
2025-08-12,2884,0.08707606,-0.0933734847082952
2025-08-13,2884,0.09110959,-0.11894271320664096
2025-08-14,2884,0.08632093,-0.12463768168486966
2025-08-15,2884,0.080992274,-0.12058821482562831
2025-08-18,2884,0.08317038,-0.1266375521999351
2025-08-19,2884,0.07624039,-0.1169590760910646
2025-08-20,2884,0.07503666,-0.11356931114850832
2025-08-21,2884,0.07253066,-0.08740740406727965
2025-08-22,2884,0.06697272,-0.10549777246261904
2025-08-25,2884,0.06613574,-0.08682637599094023
2025-08-26,2884,0.07170504,-0.0979228609634889
2025-08-27,2884,0.060265757,-0.09131738736761363
2025-08-28,2884,0.07001327,-0.09077380126034362
2025-08-29,2884,0.06493904,-0.07772796297387552
2025-09-01,2884,0.07155578,-0.09658248083614063
2025-09-02,2884,0.077291824,-0.09411763407440743
2025-09-03,2884,0.073182754,-0.09720174985083807
2025-09-04,2884,0.07208067,-0.058823505967680156
2025-09-05,2884,0.08020478,-0.06413993929878514
2025-06-11,2885,0.08208829,0.10035986024774801
2025-06-12,2885,0.08603836,0.09851591148450423
2025-06-13,2885,0.08346665,0.10175637140038774
2025-06-16,2885,0.089562915,0.08707812803289205
2025-06-17,2885,0.08616267,0.10624979337747731
2025-06-18,2885,0.08861145,0.090148682356749
2025-06-19,2885,0.08079704,0.10142080730122593
2025-06-20,2885,0.085719295,0.10319551355150236
2025-06-23,2885,0.084342495,0.10953730690924268
2025-06-24,2885,0.0847241,0.11755419496494524
2025-06-25,2885,0.086721376,0.11557120959212241
2025-06-26,2885,0.08428568,0.11892074579159884
2025-06-27,2885,0.07897122,0.12230009978064382
2025-06-30,2885,0.094756,0.09329227273028895
2025-07-01,2885,0.098046996,0.08522367011115728
2025-07-02,2885,0.08147793,0.1131426985696451
2025-07-03,2885,0.08197977,0.09993320088211788
2025-07-04,2885,0.06954256,0.11282833464688169
2025-07-07,2885,0.07540639,0.11348491051358334
2025-07-08,2885,0.08125454,0.11095144889899866
2025-07-09,2885,0.07304803,0.13015331046344825
2025-07-10,2885,0.080363035,0.11945785094963024
2025-07-11,2885,0.09085644,0.09368238503387216
2025-07-14,2885,0.08090913,0.10025753999316578
2025-07-15,2885,0.07926215,0.10515745682954725
2025-07-16,2885,0.083461784,0.09527203966328202
2025-07-17,2885,0.075125255,0.09116274205372399
2025-07-18,2885,0.076082066,0.09608672894885761
2025-07-21,2885,0.07302901,0.12433212315986086
2025-07-22,2885,0.07517235,0.13114992277375448
2025-07-23,2885,0.080571316,0.12359474487806033
2025-07-24,2885,0.08053007,0.11366094292081086
2025-07-25,2885,0.07644621,0.10747430377507516
2025-07-28,2885,0.071611986,0.11282833464688169
2025-07-29,2885,0.07026403,0.1218058421027981
2025-07-30,2885,0.07490551,0.1210826083530403
2025-07-31,2885,0.06915556,0.13904865467788796
2025-08-01,2885,0.07406886,0.1345750296589341
2025-08-04,2885,0.07964607,0.1375984171048079
2025-08-05,2885,0.08126458,0.12706513225147598
2025-08-06,2885,0.08237317,0.09782423522130124
2025-08-07,2885,0.08571005,0.07670686548382633
2025-08-08,2885,0.08016647,0.09300280676830108
2025-08-11,2885,0.08546277,0.10456096804219683
2025-08-12,2885,0.08061711,0.09782608695652173
2025-08-13,2885,0.08104323,0.08500772797527056
2025-08-14,2885,0.078805774,0.08809891808346215
2025-08-15,2885,0.07421419,0.09147286821705425
2025-08-18,2885,0.080852576,0.07219662058371745
2025-08-19,2885,0.07148547,0.11609907120743035
2025-08-20,2885,0.07103407,0.11232449297971914
2025-08-21,2885,0.07220128,0.10582822085889565
2025-08-22,2885,0.07270016,0.08128834355828207
2025-08-25,2885,0.075474225,0.0942249240121582
2025-08-26,2885,0.07202254,0.12654320987654333
2025-08-27,2885,0.06826134,0.11591962905718711
2025-08-28,2885,0.067847356,0.09494640122511488
2025-08-29,2885,0.06571865,0.12461538461538457
2025-09-01,2885,0.067222446,0.11603053435114496
2025-09-02,2885,0.06980949,0.13030303030303014
2025-09-03,2885,0.069611974,0.14741641337386024
2025-09-04,2885,0.07412271,0.1299093655589123
2025-09-05,2885,0.07462925,0.13017751479289963
2025-06-11,2886,0.059286036,0.05675575156456114
2025-06-12,2886,0.060012467,0.06435644073447389
2025-06-13,2886,0.07224071,0.05644546147978646
2025-06-16,2886,0.06561214,0.0577635498809812
2025-06-17,2886,0.06345811,0.06295067637687657
2025-06-18,2886,0.067398764,0.05648913596546201
2025-06-19,2886,0.06363423,0.060500076818769344
2025-06-20,2886,0.063805014,0.06181418869480648
2025-06-23,2886,0.058846347,0.07227725587150702
2025-06-24,2886,0.06407849,0.06938412669725036
2025-06-25,2886,0.07175876,0.05513381062412703
2025-06-26,2886,0.073018424,0.057670189976589015
2025-06-27,2886,0.07162451,0.05883976351956033
2025-06-30,2886,0.06514067,0.061419152070065985
2025-07-01,2886,0.08260185,0.04989624400368631
2025-07-02,2886,0.06727251,0.05730566871075782
2025-07-03,2886,0.0735613,0.05359191152258913
2025-07-04,2886,0.09122446,0.05879081405679387
2025-07-07,2886,0.0734447,0.0337014109950069
2025-07-08,2886,0.069390364,0.026384683681974774
2025-07-09,2886,0.06204635,0.03864733701469247
2025-07-10,2886,0.07007707,0.03128103741568622
2025-07-11,2886,0.06372546,0.01787438745773473
2025-07-14,2886,0.061918154,0.02887182981922276
2025-07-15,2886,0.07356532,0.03864735076053338
2025-07-16,2886,0.0718809,0.030032980499248296
2025-07-17,2886,0.06700184,0.026297192102753053
2025-07-18,2886,0.06522255,0.027571730844530684
2025-07-21,2886,0.06497758,0.027584826328453937
2025-07-22,2886,0.070184015,0.015539258765314035
2025-07-23,2886,0.07024174,0.005962634698215119
2025-07-24,2886,0.06488718,-0.0013472359048827265
2025-07-25,2886,0.06488031,-0.00508516883984067
2025-07-28,2886,0.06318302,-0.011159129958034586
2025-07-29,2886,0.06195596,-0.0027524276524891755
2025-07-30,2886,0.070716046,-0.02073855171255501
2025-07-31,2886,0.06653964,-0.014991728368657697
2025-08-01,2886,0.06600791,-0.01005827067335019
2025-08-04,2886,0.069972575,-0.013345469828926815
2025-08-05,2886,0.074434385,-0.019526594474575387
2025-08-06,2886,0.07085745,-0.02657004830917875
2025-08-07,2886,0.07745123,-0.003694581280788145
2025-08-08,2886,0.068347506,-0.008620689655172487
2025-08-11,2886,0.06881771,-0.01591187270501837
2025-08-12,2886,0.07682921,-0.03614457831325302
2025-08-13,2886,0.07544934,-0.04886769964243154
2025-08-14,2886,0.076896,-0.0759345794392523
2025-08-15,2886,0.06664119,-0.0685579196217494
2025-08-18,2886,0.07625957,-0.0888888888888888
2025-08-19,2886,0.058960415,-0.06153846153846154
2025-08-20,2886,0.060795575,-0.055023923444975975
2025-08-21,2886,0.07084346,-0.028880866425992635
2025-08-22,2886,0.05579835,-0.03654080389768577
2025-08-25,2886,0.05121848,-0.017073170731707332
2025-08-26,2886,0.04758376,0.012484394506866447
2025-08-27,2886,0.04794544,-0.003726708074534124
2025-08-28,2886,0.046274982,-0.0012391573729865213
2025-08-29,2886,0.045664974,0.0037453183520601563
2025-09-01,2886,0.05492574,-0.017156862745097978
2025-09-02,2886,0.04800062,-0.013381995133820102
2025-09-03,2886,0.04109005,-0.006082725060827299
2025-09-04,2886,0.04075449,-0.013381995133820102
2025-09-05,2886,0.046036534,-0.013333333333333308
2025-06-11,2887,0.08303542,0.08608927958745394
2025-06-12,2887,0.085780956,0.08268673749662048
2025-06-13,2887,0.08086649,0.09550227924631738
2025-06-16,2887,0.0855578,0.08268673749662048
2025-06-17,2887,0.08106675,0.09550227924631738
2025-06-18,2887,0.09028177,0.0984234633323271
2025-06-19,2887,0.08212769,0.1146705764187026
2025-06-20,2887,0.08227431,0.11536557183410712
2025-06-23,2887,0.08842573,0.16724941566031037
2025-06-24,2887,0.0867822,0.16125089812884674
2025-06-25,2887,0.08973417,0.17129053125387994
2025-06-26,2887,0.08976902,0.17760356806541933
2025-06-27,2887,0.088122636,0.17685061250599032
2025-06-30,2887,0.08291709,0.18843751017641575
2025-07-01,2887,0.08580633,0.1951518463921018
2025-07-02,2887,0.08910499,0.18969651436766743
2025-07-03,2887,0.088597454,0.1917427679548489
2025-07-04,2887,0.07448098,0.20668626183712813
2025-07-07,2887,0.08340061,0.2024623793996123
2025-07-08,2887,0.08465648,0.2011202012555231
2025-07-09,2887,0.08436595,0.2006783149166418
2025-07-10,2887,0.094699875,0.17639940061199066
2025-07-11,2887,0.08344397,0.07195480754106054
2025-07-14,2887,0.095966846,0.08025007220618918
2025-07-15,2887,0.08606154,0.1536450727032368
2025-07-16,2887,0.08927453,0.1417599907776006
2025-07-17,2887,0.08733444,0.11498123268187
2025-07-18,2887,0.08331156,0.16032126622716625
2025-07-21,2887,0.07972166,0.18368793900101532
2025-07-22,2887,0.07543668,0.2072706422649253
2025-07-23,2887,0.08216922,0.1851382928757508
2025-07-24,2887,0.10008086,0.24889748303364656
2025-07-25,2887,0.10785498,0.22516170038773775
2025-07-28,2887,0.095170006,0.23267803520204078
2025-07-29,2887,0.09488517,0.23375933715920572
2025-07-30,2887,0.0814258,0.20581704196056294
2025-07-31,2887,0.072477,0.22567440551233964
2025-08-01,2887,0.071314596,0.2289083749200238
2025-08-04,2887,0.07576203,0.21677123573184431
2025-08-05,2887,0.06749855,0.2099415658561985
2025-08-06,2887,0.06833901,0.19998660067732432
2025-08-07,2887,0.05797796,0.20721544068682962
2025-08-08,2887,0.058967225,0.2295122957918636
2025-08-11,2887,0.067435,0.22364217252396146
2025-08-12,2887,0.098955855,0.19122257053291536
2025-08-13,2887,0.08572155,0.1702786377708978
2025-08-14,2887,0.08603348,0.14939024390243927
2025-08-15,2887,0.077819586,0.1384615384615384
2025-08-18,2887,0.07776486,0.12883435582822078
2025-08-19,2887,0.07406671,0.1415384615384616
2025-08-20,2887,0.07516733,0.1257668711656441
2025-08-21,2887,0.07503337,0.128048780487805
2025-08-22,2887,0.06974275,0.14110429447852768
2025-08-25,2887,0.077349946,0.13109756097560998
2025-08-26,2887,0.05413492,0.15838509316770177
2025-08-27,2887,0.07839419,0.11076923076923073
2025-08-28,2887,0.08112234,0.12232415902140681
2025-08-29,2887,0.07694203,0.15692307692307694
2025-09-01,2887,0.087307654,0.14329268292682928
2025-09-02,2887,0.09218833,0.1501501501501501
2025-09-03,2887,0.094181225,0.13569321533923318
2025-09-04,2887,0.098650284,0.10724637681159432
2025-09-05,2887,0.08980459,0.12573099415204658
2025-06-11,2890,0.08730574,0.10521612892134047
2025-06-12,2890,0.08664389,0.12553515048517072
2025-06-13,2890,0.095539436,0.11601083168227211
2025-06-16,2890,0.09490213,0.09807857771240447
2025-06-17,2890,0.092830345,0.10010030994016583
2025-06-18,2890,0.09037028,0.08918661638917214
2025-06-19,2890,0.08606285,0.09149010624613019
2025-06-20,2890,0.076309815,0.09181956978289985
2025-06-23,2890,0.08826895,0.10285364269445307
2025-06-24,2890,0.08890176,0.07612603605739632
2025-06-25,2890,0.08822289,0.08052736953820383
2025-06-26,2890,0.08681601,0.08936627241751505
2025-06-27,2890,0.085954905,0.09377666218438763
2025-06-30,2890,0.0823877,0.0850105308022091
2025-07-01,2890,0.087658904,0.06087730517899459
2025-07-02,2890,0.07439944,0.09136935509937105
2025-07-03,2890,0.073580205,0.09578384371051585
2025-07-04,2890,0.07032186,0.12182564729557677
2025-07-07,2890,0.07540004,0.10664852607076236
2025-07-08,2890,0.07471956,0.11294490297919069
2025-07-09,2890,0.07891981,0.1304195956671712
2025-07-10,2890,0.07810156,0.13198234038683143
2025-07-11,2890,0.08173658,0.11433802760123668
2025-07-14,2890,0.07913424,0.1054134941299385
2025-07-15,2890,0.08161698,0.10947628231234319
2025-07-16,2890,0.08226763,0.08425949776849362
2025-07-17,2890,0.076939605,0.09479512167683013
2025-07-18,2890,0.07640451,0.09056362714512911
2025-07-21,2890,0.075013295,0.09265683948130032
2025-07-22,2890,0.07615116,0.09479512167683013
2025-07-23,2890,0.0707902,0.09265683948130032
2025-07-24,2890,0.072862595,0.11165168997955055
2025-07-25,2890,0.069008425,0.09282165538767817
2025-07-28,2890,0.06955205,0.09920484367150983
2025-07-29,2890,0.071629725,0.12152202056524963
2025-07-30,2890,0.06216733,0.10179314364221104
2025-07-31,2890,0.0663058,0.1431730248232661
2025-08-01,2890,0.06888123,0.12936729428318539
2025-08-04,2890,0.07293517,0.10940253817066892
2025-08-05,2890,0.07613517,0.09872553653322624
2025-08-06,2890,0.076205716,0.09016737470851854
2025-08-07,2890,0.07614291,0.08401981432482386
2025-08-08,2890,0.075289726,0.10246249547590769
2025-08-11,2890,0.07083441,0.10662761537270415
2025-08-12,2890,0.06991097,0.09836412188677812
2025-08-13,2890,0.07257581,0.09831331798776244
2025-08-14,2890,0.072200194,0.07985923028284825
2025-08-15,2890,0.07858739,0.08197062753025897
2025-08-18,2890,0.079659685,0.09027380546901953
2025-08-19,2890,0.07918033,0.11715425252922884
2025-08-20,2890,0.08252316,0.10696517412935314
2025-08-21,2890,0.10065017,0.12655601659751015
2025-08-22,2890,0.074463286,0.13235294117647056
2025-08-25,2890,0.073838934,0.15677966101694918
2025-08-26,2890,0.08501226,0.16952789699570814
2025-08-27,2890,0.07452127,0.1371308016877637
2025-08-28,2890,0.074038625,0.13983050847457612
2025-08-29,2890,0.073380925,0.17521367521367526
2025-09-01,2890,0.07563512,0.15221987315010588
2025-09-02,2890,0.0826745,0.13721413721413733
2025-09-03,2890,0.08284518,0.1410788381742738
2025-09-04,2890,0.08501463,0.12295081967213117
2025-09-05,2890,0.08337623,0.12962962962962954
2025-06-11,2891,0.08232634,0.04533975269589985
2025-06-12,2891,0.088175125,0.04293904195122966
2025-06-13,2891,0.08762033,0.039289878065469575
2025-06-16,2891,0.08623402,0.04423299282440163
2025-06-17,2891,0.08238235,0.06030972340681284
2025-06-18,2891,0.093393676,0.05657929478241552
2025-06-19,2891,0.08634502,0.06639940169716785
2025-06-20,2891,0.08416483,0.059040760685143745
2025-06-23,2891,0.08589801,0.06026934625438418
2025-06-24,2891,0.096468985,0.05294275790674985
2025-06-25,2891,0.08800849,0.03852702058593738
2025-06-26,2891,0.09009619,0.03034093183366826
2025-06-27,2891,0.08516522,0.02333861864606912
2025-06-30,2891,0.07118985,0.026374987478225087
2025-07-01,2891,0.092832044,0.02177552349685552
2025-07-02,2891,0.075360425,0.031315027387423866
2025-07-03,2891,0.07953435,0.023266489113490385
2025-07-04,2891,0.074543186,0.018595450077605324
2025-07-07,2891,0.08229886,-0.0056888917229951375
2025-07-08,2891,0.073948026,0.004251083973169978
2025-07-09,2891,0.08108595,0.02169903645607274
2025-07-10,2891,0.08425162,0.019458568426023337
2025-07-11,2891,0.08411287,0.014440433212996373
2025-07-14,2891,0.08445294,0.010739856801909475
2025-07-15,2891,0.07705574,-0.006993006993006978
2025-07-16,2891,0.079680145,-0.009302325581395321
2025-07-17,2891,0.073558554,-0.007009345794392496
2025-07-18,2891,0.06813412,-0.007025761124121899
2025-07-21,2891,0.07028733,-0.004705882352941226
2025-07-22,2891,0.07438925,-0.014067995310668269
2025-07-23,2891,0.07595344,-0.023255813953488413
2025-07-24,2891,0.07696949,-0.006984866123399436
2025-07-25,2891,0.073386125,-0.014117647058823568
2025-07-28,2891,0.06872159,-0.002375296912114022
2025-07-29,2891,0.070588045,0.005995203836930418
2025-07-30,2891,0.06681155,-0.0011933174224343368
2025-07-31,2891,0.060892135,0.019393939393939297
2025-08-01,2891,0.065667555,0.022919179734619988
2025-08-04,2891,0.0761133,-0.009378663540445475
2025-08-05,2891,0.079474986,-0.0011737089201878659
2025-08-06,2891,0.07448706,-0.023310023310023298
2025-08-07,2891,0.07712729,-0.012805587892898873
2025-08-08,2891,0.07383956,0.008139534883720989
2025-08-11,2891,0.075326815,-0.0011600928074246841
2025-08-12,2891,0.07302916,0.00233644859813098
2025-08-13,2891,0.075657174,-0.006976744186046435
2025-08-14,2891,0.07732495,-0.02314814814814814
2025-08-15,2891,0.07222529,-0.005834305717619559
2025-08-18,2891,0.079559684,0.001166861143523823
2025-08-19,2891,0.07576475,0.00814901047729899
2025-08-20,2891,0.07670373,0.016393442622950616
2025-08-21,2891,0.07448351,0.02083333333333326
2025-08-22,2891,0.067854986,0.014051522248243353
2025-08-25,2891,0.06918971,0.011655011655011593
2025-08-26,2891,0.06505543,0.04761904761904767
2025-08-27,2891,0.06369206,0.04071856287425146
2025-08-28,2891,0.057101972,0.038277511961722466
2025-08-29,2891,0.056881145,0.07168894289185923
2025-09-01,2891,0.05744961,0.05555555555555558
2025-09-02,2891,0.06421366,0.055952380952380976
2025-09-03,2891,0.06348926,0.0632458233890214
2025-09-04,2891,0.0618397,0.0632458233890214
2025-09-05,2891,0.059391655,0.07407407407407418
2025-06-11,2892,0.084098354,0.11266800529963006
2025-06-12,2892,0.082761526,0.12390350462957578
2025-06-13,2892,0.08394995,0.13537551561186745
2025-06-16,2892,0.0846421,0.12201459117641678
2025-06-17,2892,0.09263196,0.11562493540382368
2025-06-18,2892,0.0915989,0.096694558894443
2025-06-19,2892,0.08679724,0.09477727255697044
2025-06-20,2892,0.08273652,0.09311320462532624
2025-06-23,2892,0.078046486,0.11425729857352485
2025-06-24,2892,0.08604033,0.1081625612539654
2025-06-25,2892,0.08896358,0.10217441629046342
2025-06-26,2892,0.08330172,0.10217441629046342
2025-06-27,2892,0.086953804,0.09256323864000526
2025-06-30,2892,0.08344893,0.07781857385813695
2025-07-01,2892,0.08224114,0.06322539548814965
2025-07-02,2892,0.070470236,0.08133826423581825
2025-07-03,2892,0.07131989,0.07945277881471013
2025-07-04,2892,0.07295824,0.05600170334864574
2025-07-07,2892,0.06945372,0.052431117668624516
2025-07-08,2892,0.06553735,0.04162835389962671
2025-07-09,2892,0.063406564,0.0523946457614437
2025-07-10,2892,0.069436334,0.032818365458443965
2025-07-11,2892,0.06590374,0.031169283493887034
2025-07-14,2892,0.06329784,0.04181819175716295
2025-07-15,2892,0.06220887,0.041791334955683324
2025-07-16,2892,0.063457094,0.04359300980104219
2025-07-17,2892,0.061682805,0.02948942383580766
2025-07-18,2892,0.055374242,0.025844829362248856
2025-07-21,2892,0.05260259,0.03286041860194433
2025-07-22,2892,0.052148484,0.04173734961611619
2025-07-23,2892,0.048484124,0.03638595912151299
2025-07-24,2892,0.05640869,0.03112452947832134
2025-07-25,2892,0.05364696,0.015195921098973164
2025-07-28,2892,0.050138988,0.022115584469237337
2025-07-29,2892,0.05581648,0.01697073914285241
2025-07-30,2892,0.049785458,0.013421103055093697
2025-07-31,2892,0.051667273,0.016694916729112608
2025-08-01,2892,0.063626274,0.004901946956973546
2025-08-04,2892,0.06269777,0.003500904674454297
2025-08-05,2892,0.06862877,-0.006369604357185588
2025-08-06,2892,0.06541631,-0.021327829377364993
2025-08-07,2892,0.07649222,0.0017636684303350414
2025-08-08,2892,0.07192316,0.00886524822695045
2025-08-11,2892,0.059209198,0.007092198581560183
2025-08-12,2892,0.06608639,-0.007017543859649145
2025-08-13,2892,0.06876327,-0.02604166666666663
2025-08-14,2892,0.073857434,-0.04251700680272108
2025-08-15,2892,0.061099447,-0.04295532646048106
2025-08-18,2892,0.059845284,-0.04459691252144071
2025-08-19,2892,0.058630772,-0.032478632478632474
2025-08-20,2892,0.05799871,-0.029159519725557415
2025-08-21,2892,0.053836867,-0.01715265866209259
2025-08-22,2892,0.048088104,-0.019130434782608674
2025-08-25,2892,0.046724834,-0.014035087719298178
2025-08-26,2892,0.052671954,-0.012411347517730431
2025-08-27,2892,0.044031218,-0.02127659574468077
2025-08-28,2892,0.046004258,-0.03180212014134287
2025-08-29,2892,0.049491458,-0.022927689594356315
2025-09-01,2892,0.04810045,-0.033333333333333326
2025-09-02,2892,0.050558932,-0.034782608695652195
2025-09-03,2892,0.053253196,-0.0345423143350605
2025-09-04,2892,0.060511865,-0.04429301533219765
2025-09-05,2892,0.05274739,-0.042808219178082196
2025-06-11,2912,0.055606157,0.009565505472270086
2025-06-12,2912,0.05390083,0.005747124726676267
2025-06-13,2912,0.057076335,0.011698291145177286
2025-06-16,2912,0.05453179,-6.775430232408564e-05
2025-06-17,2912,0.05681254,0.0038240906424880095
2025-06-18,2912,0.06470987,-0.0002725737946016604
2025-06-19,2912,0.06184897,0.005342676500242449
2025-06-20,2912,0.052383326,0.0072985995797525405
2025-06-23,2912,0.057582088,0.00931319677891218
2025-06-24,2912,0.052339107,-0.006558090596318067
2025-06-25,2912,0.053735748,-0.0005493693700860947
2025-06-26,2912,0.05935113,0.0014535377053246368
2025-06-27,2912,0.05484248,-0.004324077155580364
2025-06-30,2912,0.053627983,0.0011880468772713648
2025-07-01,2912,0.055796266,-0.0023327253098915923
2025-07-02,2912,0.05535973,-0.021696252465483234
2025-07-03,2912,0.05536826,-0.021696252465483234
2025-07-04,2912,0.062323198,-0.027254794850369968
2025-07-07,2912,0.060215004,-0.023556144972414428
2025-07-08,2912,0.066442646,-0.031303682821489986
2025-07-09,2912,0.05700537,-0.02587484695048503
2025-07-10,2912,0.061336942,-0.027373880317723254
2025-07-11,2912,0.06386116,-0.04460198833917384
2025-07-14,2912,0.069527805,-0.06284089885420774
2025-07-15,2912,0.07743154,-0.06218600082372894
2025-07-16,2912,0.06578249,-0.05881230034785745
2025-07-17,2912,0.06409999,-0.05827844249382785
2025-07-18,2912,0.058261268,-0.041128189080906985
2025-07-21,2912,0.058906168,-0.04445113103307874
2025-07-22,2912,0.055365138,-0.034700632370150974
2025-07-23,2912,0.05693026,-0.03998230222858323
2025-07-24,2912,0.07079289,-0.03874065084432221
2025-07-25,2912,0.058425397,-0.042944233643105956
2025-07-28,2912,0.058534093,-0.03944773175542404
2025-07-29,2912,0.05903461,-0.042010696956258475
2025-07-30,2912,0.0642616,-0.059171597633136064
2025-07-31,2912,0.07775447,-0.078125
2025-08-01,2912,0.07424901,-0.08754863813229574
2025-08-04,2912,0.073817626,-0.07528957528957525
2025-08-05,2912,0.07312634,-0.09423076923076923
2025-08-06,2912,0.07213836,-0.0852713178294574
2025-08-07,2912,0.07111196,-0.08863198458574184
2025-08-08,2912,0.065794736,-0.07930367504835589
2025-08-11,2912,0.0663799,-0.06627680311890838
2025-08-12,2912,0.068013385,-0.07421875
2025-08-13,2912,0.064603634,-0.08720930232558144
2025-08-14,2912,0.07295908,-0.07602339181286555
2025-08-15,2912,0.065936185,-0.0725490196078431
2025-08-18,2912,0.06736292,-0.078125
2025-08-19,2912,0.059538484,-0.0859375
2025-08-20,2912,0.059226707,-0.08984375
2025-08-21,2912,0.0586685,-0.1029126213592233
2025-08-22,2912,0.072943,-0.08039215686274515
2025-08-25,2912,0.0641061,-0.07269155206286837
2025-08-26,2912,0.073621474,-0.051587301587301626
2025-08-27,2912,0.073778205,-0.04771371769383703
2025-08-28,2912,0.06999643,-0.041916167664670656
2025-08-29,2912,0.07539279,-0.07269155206286837
2025-09-01,2912,0.06698147,-0.06361829025844934
2025-09-02,2912,0.058834545,-0.059523809523809534
2025-09-03,2912,0.0571941,-0.055445544554455495
2025-09-04,2912,0.049402162,-0.07722772277227719
2025-09-05,2912,0.044165052,-0.09108910891089106
2025-06-11,3008,0.04104285,0.026678074083977377
2025-06-12,3008,0.037003152,0.022445661347688883
2025-06-13,3008,0.036901794,0.024731938978756807
2025-06-16,3008,0.033889167,-0.005441868188534982
2025-06-17,3008,0.035032474,-0.022301228164910203
2025-06-18,3008,0.03811497,-0.011674067653417608
2025-06-19,3008,0.035665743,-0.011922260049526678
2025-06-20,3008,0.032854505,-0.007708709162998595
2025-06-23,3008,0.03713528,0.016094864295229216
2025-06-24,3008,0.034671925,-0.003203660991774271
2025-06-25,3008,0.038340688,0.009566772841959281
2025-06-26,3008,0.05058711,0.024731938978756807
2025-06-27,3008,0.04313905,0.0009884646178310863
2025-06-30,3008,0.04293949,-0.0010469071419251241
2025-07-01,3008,0.050034884,0.0009199105388268958
2025-07-02,3008,0.042347774,0.013862840532390841
2025-07-03,3008,0.045893762,0.02918656119939067
2025-07-04,3008,0.06102474,0.058813932425058946
2025-07-07,3008,0.08253077,0.10431032482255298
2025-07-08,3008,0.07982795,0.17798138860326818
2025-07-09,3008,0.07107195,0.15061264478048098
2025-07-10,3008,0.070006296,0.1410561843638154
2025-07-11,3008,0.0799675,0.027202271729466432
2025-07-14,3008,0.08000289,0.009452443552158352
2025-07-15,3008,0.070302054,-0.006200609557236003
2025-07-16,3008,0.07069665,-0.012487276236399114
2025-07-17,3008,0.07159983,-0.044500185803466485
2025-07-18,3008,0.07909432,-0.08177841292223587
2025-07-21,3008,0.073790155,-0.07071432957242829
2025-07-22,3008,0.0742939,-0.04022992458289143
2025-07-23,3008,0.08123952,-0.026876310584406093
2025-07-24,3008,0.07056887,-0.0515259199939907
2025-07-25,3008,0.07035383,-0.04831075298027698
2025-07-28,3008,0.06673275,-0.04017665689861716
2025-07-29,3008,0.0709277,-0.03418161346366255
2025-07-30,3008,0.06147203,-0.04233842135104182
2025-07-31,3008,0.058698915,-0.039628218064930554
2025-08-01,3008,0.054357644,-0.04233842135104182
2025-08-04,3008,0.05360439,-0.06480987064522337
2025-08-05,3008,0.05581662,-0.0760869567399639
2025-08-06,3008,0.057784904,-0.0646494603976947
2025-08-07,3008,0.056506947,-0.05756047104776585
2025-08-08,3008,0.054633994,-0.06822116687568436
2025-08-11,3008,0.05425238,-0.061758420274680925
2025-08-12,3008,0.05380374,-0.05390702634792899
2025-08-13,3008,0.055916406,-0.08026755864129065
2025-08-14,3008,0.05412379,-0.110647181639971
2025-08-15,3008,0.05456458,-0.12658227833366476
2025-08-18,3008,0.055669814,-0.12815126047804593
2025-08-19,3008,0.05140817,-0.09302325605509221
2025-08-20,3008,0.057723016,-0.10064239816137632
2025-08-21,3008,0.05248274,-0.09513742069050046
2025-08-22,3008,0.048788883,-0.08262711851748328
2025-08-25,3008,0.04778254,-0.06540084375542832
2025-08-26,3008,0.04658024,-0.07547169793537378
2025-08-27,3008,0.04705376,-0.07933194127145082
2025-08-28,3008,0.044649936,-0.0897703545854146
2025-08-29,3008,0.043464027,-0.09563409576570359
2025-09-01,3008,0.05489817,-0.07096774211977919
2025-09-02,3008,0.04805512,-0.07692307715819957
2025-09-03,3008,0.04471045,-0.09322033880693326
2025-09-04,3008,0.050477024,-0.12317327736075045
2025-09-05,3008,0.048168596,-0.1392931393832333
2025-06-11,3017,0.016022103,0.34314008021148945
2025-06-12,3017,0.03184873,0.2772163015154214
2025-06-13,3017,0.026119405,0.29431801227772625
2025-06-16,3017,0.017446743,0.3786227578286261
2025-06-17,3017,0.02055584,0.39918860866025296
2025-06-18,3017,0.0072018597,0.44403018527185023
2025-06-19,3017,-0.014898432,0.4157871699204865
2025-06-20,3017,-0.017958192,0.38118814842772264
2025-06-23,3017,-0.028602136,0.45984844932718305
2025-06-24,3017,-0.016617654,0.42347122502740087
2025-06-25,3017,-0.01565188,0.3743350120946085
2025-06-26,3017,-0.030278517,0.38737071083802777
2025-06-27,3017,-0.030715732,0.36050999776657355
2025-06-30,3017,-0.0218551,0.303362616764167
2025-07-01,3017,-0.014023757,0.2572611994920382
2025-07-02,3017,-0.01621635,0.30379728593821875
2025-07-03,3017,-0.013996286,0.3205198827258273
2025-07-04,3017,-0.019712804,0.42808648007731853
2025-07-07,3017,-0.030286593,0.5422465077227769
2025-07-08,3017,-0.033244684,0.459195739956453
2025-07-09,3017,-0.016698075,0.4241884977982002
2025-07-10,3017,-0.06421264,0.39672849680102673
2025-07-11,3017,-0.025068788,0.41493119216447405
2025-07-14,3017,-0.021989984,0.4054334790830314
2025-07-15,3017,-0.02032326,0.44275849691418867
2025-07-16,3017,-0.020730613,0.42152628482574506
2025-07-17,3017,-0.022953687,0.3744793996427924
2025-07-18,3017,-0.0671185,0.29065446656134597
2025-07-21,3017,-0.032447107,0.33612884650238306
2025-07-22,3017,-0.025918579,0.39117291361852535
2025-07-23,3017,-0.020565799,0.3983833892017974
2025-07-24,3017,-0.018644622,0.40234877085880205
2025-07-25,3017,-0.027291624,0.544608794477071
2025-07-28,3017,-0.020770876,0.5368102149977039
2025-07-29,3017,-0.017846657,0.6199717376973244
2025-07-30,3017,-0.015494196,0.6484706547756676
2025-07-31,3017,-0.089887165,0.6338881865701578
2025-08-01,3017,-0.018161124,0.575140255290588
2025-08-04,3017,-0.018561682,0.5606438750055156
2025-08-05,3017,-0.097465634,0.543581163931192
2025-08-06,3017,-0.02417156,0.47046402669452103
2025-08-07,3017,-0.022648877,0.5254243474903122
2025-08-08,3017,0.005359279,0.4252041035953582
2025-08-11,3017,-0.026022179,0.4057095187004536
2025-08-12,3017,-0.020195274,0.3835585291396495
2025-08-13,3017,-0.027451983,0.2789488127325428
2025-08-14,3017,0.026206234,0.33248620491576797
2025-08-15,3017,-0.039163873,0.29157500149118
2025-08-18,3017,0.010381484,0.1805439312112911
2025-08-19,3017,0.035193756,0.24766355140186924
2025-08-20,3017,0.026893215,0.2338308457711442
2025-08-21,3017,-0.010577319,0.18571428571428572
2025-08-22,3017,-0.028789824,0.2766990291262137
2025-08-25,3017,-0.014180398,0.30660377358490565
2025-08-26,3017,-0.003097346,0.36097560975609766
2025-08-27,3017,-0.019673062,0.30952380952380953
2025-08-28,3017,-0.005147828,0.3201970443349753
2025-08-29,3017,-0.02402035,0.301980198019802
2025-09-01,3017,0.024685474,0.43995749202975554
2025-09-02,3017,-0.012983425,0.3962065331928346
2025-09-03,3017,-0.0032140817,0.4797008547008548
2025-09-04,3017,-0.0024244692,0.481283422459893
2025-09-05,3017,-0.0071362015,0.4936440677966101
2025-06-11,3034,0.05386126,-0.10275910834039848
2025-06-12,3034,0.04076743,-0.10077881921143594
2025-06-13,3034,0.042168804,-0.1215880028513191
2025-06-16,3034,0.04774478,-0.14981154618628056
2025-06-17,3034,0.044496194,-0.15043417163524986
2025-06-18,3034,0.053234667,-0.1527159794811329
2025-06-19,3034,0.037717275,-0.13017230721824358
2025-06-20,3034,0.053757943,-0.13783728235070747
2025-06-23,3034,0.05744406,-0.1185431957354135
2025-06-24,3034,0.056933165,-0.10356405004981195
2025-06-25,3034,0.06144759,-0.13896420601415804
2025-06-26,3034,0.056166887,-0.11955963401767422
2025-06-27,3034,0.06701598,-0.13556432322847245
2025-06-30,3034,0.068196885,-0.14701744211459467
2025-07-01,3034,0.06291441,-0.15084541019915332
2025-07-02,3034,0.05506537,-0.16493359876997393
2025-07-03,3034,0.062009566,-0.19740445539925622
2025-07-04,3034,0.053181402,-0.18610620834212155
2025-07-07,3034,0.055755556,-0.183626427734234
2025-07-08,3034,0.05066579,-0.16007905138339917
2025-07-09,3034,0.064099774,-0.16502946954813358
2025-07-10,3034,0.049832784,-0.14516129032258063
2025-07-11,3034,0.041705355,-0.16532258064516125
2025-07-14,3034,0.043761224,-0.1767676767676768
2025-07-15,3034,0.03906937,-0.1837349397590361
2025-07-16,3034,0.04055605,-0.17817817817817816
2025-07-17,3034,0.03743124,-0.18818818818818817
2025-07-18,3034,0.033404417,-0.16532258064516125
2025-07-21,3034,0.031983815,-0.15415821501014204
2025-07-22,3034,0.033505,-0.1427115188583078
2025-07-23,3034,0.03959509,-0.16398390342052316
2025-07-24,3034,0.038908646,-0.1670020120724346
2025-07-25,3034,0.035315104,-0.17813765182186236
2025-07-28,3034,0.031851523,-0.1741803278688525
2025-07-29,3034,0.028708467,-0.17301750772399593
2025-07-30,3034,0.03991781,-0.1769633507853403
2025-07-31,3034,0.029608259,-0.17052631578947364
2025-08-01,3034,0.02222416,-0.16455696202531644
2025-08-04,3034,0.024390021,-0.16631355932203384
2025-08-05,3034,0.025546202,-0.18220338983050843
2025-08-06,3034,0.039724417,-0.16921397379912662
2025-08-07,3034,0.04335837,-0.13820224719101126
2025-08-08,3034,0.0362691,-0.11477272727272725
2025-08-11,3034,0.031956486,-0.09606481481481477
2025-08-12,3034,0.029102193,-0.09468822170900693
2025-08-13,3034,0.03244625,-0.11161731207289294
2025-08-14,3034,0.019983796,-0.09540229885057472
2025-08-15,3034,0.018746914,-0.08837209302325577
2025-08-18,3034,0.023562519,-0.07656065959952885
2025-08-19,3034,0.021689216,-0.08177570093457942
2025-08-20,3034,0.018229062,-0.08685446009389675
2025-08-21,3034,0.016083995,-0.08460634547591073
2025-08-22,3034,0.009580525,-0.07092198581560283
2025-08-25,3034,0.012091363,-0.07476635514018692
2025-08-26,3034,0.0142580215,-0.08594657375145176
2025-08-27,3034,0.018269138,-0.10562571756601602
2025-08-28,3034,0.015229629,-0.0977011494252874
2025-08-29,3034,0.014238277,-0.0850574712643678
2025-09-01,3034,0.010064902,-0.08878504672897192
2025-09-02,3034,0.008924851,-0.10995370370370372
2025-09-03,3034,0.006774014,-0.10623556581986138
2025-09-04,3034,0.014348479,-0.12100456621004563
2025-09-05,3034,0.011529738,-0.1345496009122007
2025-06-11,3045,0.05092475,-0.03932942038533527
2025-06-12,3045,0.043949686,-0.030662114119772377
2025-06-13,3045,0.05098006,-0.03932942038533527
2025-06-16,3045,0.05309908,-0.05199101653158089
2025-06-17,3045,0.04696834,-0.038982615147991395
2025-06-18,3045,0.06329978,-0.05959672910520297
2025-06-19,3045,0.0567353,-0.056025094961006494
2025-06-20,3045,0.052822784,-0.06045690619669486
2025-06-23,3045,0.050537057,-0.04792231083985532
2025-06-24,3045,0.049982466,-0.023328212747559696
2025-06-25,3045,0.061125666,-0.0483076492255351
2025-06-26,3045,0.050682575,-0.03161129299046461
2025-06-27,3045,0.053998336,-0.043818530119771215
2025-06-30,3045,0.04281853,-0.04003205942056376
2025-07-01,3045,0.04334759,-0.026744214572959613
2025-07-02,3045,0.04468587,-0.008552509929590668
2025-07-03,3045,0.065841235,-0.025862072439371442
2025-07-04,3045,0.058029428,-0.03004291945612736
2025-07-07,3045,0.05398129,0.004608299275447925
2025-07-08,3045,0.05147457,0.013824888206219077
2025-07-09,3045,0.072775334,0.03755868158091147
2025-07-10,3045,0.058466315,0.032710282060441465
2025-07-11,3045,0.06036721,0.032710282060441465
2025-07-14,3045,0.07131852,0.023148140854907906
2025-07-15,3045,0.0696735,0.018691596716670755
2025-07-16,3045,0.07058093,0.032863851283689405
2025-07-17,3045,0.06688677,0.046948351976139335
2025-07-18,3045,0.055766337,0.05188679226703741
2025-07-21,3045,0.068240434,0.042253521678917494
2025-07-22,3045,0.063296326,0.05660377785813808
2025-07-23,3045,0.06564391,0.05140186902212651
2025-07-24,3045,0.055073142,0.0373831836783558
2025-07-25,3045,0.041727573,0.05687203200661628
2025-07-28,3045,0.04362514,0.047169816522950825
2025-07-29,3045,0.03437695,0.037735855187763345
2025-07-30,3045,0.048036292,0.018604649266029005
2025-07-31,3045,0.01656151,0.04739336000551364
2025-08-01,3045,0.0276709,0.04245283093185015
2025-08-04,3045,0.03330808,0.023364488579599163
2025-08-05,3045,0.022616303,0.032863851283689405
2025-08-06,3045,0.022712233,0.0373831836783558
2025-08-07,3045,0.0126403775,0.03755868158091147
2025-08-08,3045,0.024587667,0.02325581643734309
2025-08-11,3045,0.017202308,0.042253521678917494
2025-08-12,3045,0.03236527,0.01401869509875664
2025-08-13,3045,0.02670022,0.018779340790455734
2025-08-14,3045,0.04278349,0.018867932517388608
2025-08-15,3045,0.044972174,0.0
2025-08-18,3045,0.054458767,-0.01843317786154275
2025-08-19,3045,0.037097752,0.0
2025-08-20,3045,0.044537634,-0.009259267939557447
2025-08-21,3045,0.04653337,-0.004608289655323561
2025-08-22,3045,0.039014645,-0.004629633969778668
2025-08-25,3045,0.04287339,0.018691596716670755
2025-08-26,3045,0.030571783,0.018779340790455734
2025-08-27,3045,0.033798404,0.018867932517388608
2025-08-28,3045,0.03584323,0.009433961335187258
2025-08-29,3045,0.036483742,0.0
2025-09-01,3045,0.02980957,-0.004694840098005915
2025-09-02,3045,0.030006917,-0.01401868534377071
2025-09-03,3045,0.021174865,-0.014084510493233893
2025-09-04,3045,0.019435195,-0.014084510493233893
2025-09-05,3045,0.016423801,-0.01415093707927395
2025-06-11,3231,0.050393224,-0.004347825067926858
2025-06-12,3231,0.054749273,-0.0042918445006048245
2025-06-13,3231,0.05435296,0.012658224858195899
2025-06-16,3231,0.050014034,0.0
2025-06-17,3231,0.057048254,0.016949148521976376
2025-06-18,3231,0.058316924,0.030172415719134094
2025-06-19,3231,0.0514102,0.021645025569360987
2025-06-20,3231,0.05471997,0.004219408286065374
2025-06-23,3231,0.056067713,0.012658224858195899
2025-06-24,3231,0.053935178,0.008333331389583254
2025-06-25,3231,0.052104786,-0.03187251084871667
2025-06-26,3231,0.052556776,-0.01999999535573327
2025-06-27,3231,0.056670785,0.004132230449081398
2025-06-30,3231,0.044219166,0.024489790115451937
2025-07-01,3231,0.054019645,0.06666666839444435
2025-07-02,3231,0.04364586,0.17083333668090295
2025-07-03,3231,0.04628627,0.20661157385902595
2025-07-04,3231,0.05304964,0.2563025217038579
2025-07-07,3231,0.047845267,0.3008474565475676
2025-07-08,3231,0.049928084,0.3164556914408303
2025-07-09,3231,0.050959818,0.24896265799337702
2025-07-10,3231,0.050536126,0.25833333354930565
2025-07-11,3231,0.049827874,0.2175732228462388
2025-07-14,3231,0.056902513,0.17948718244064565
2025-07-15,3231,0.05513501,0.14999999956805543
2025-07-16,3231,0.053831913,0.1822033817524895
2025-07-17,3231,0.050570637,0.15677965896952495
2025-07-18,3231,0.052109122,0.19327730902102025
2025-07-21,3231,0.05110596,0.20253164147234237
2025-07-22,3231,0.05250463,0.2532751038724155
2025-07-23,3231,0.050250947,0.23275862022740812
2025-07-24,3231,0.05086133,0.2521367560747074
2025-07-25,3231,0.05041317,0.27038626582708614
2025-07-28,3231,0.05466046,0.27083333063368054
2025-07-29,3231,0.051651858,0.2863070562622314
2025-07-30,3231,0.052403606,0.24896265799337702
2025-07-31,3231,0.05449304,0.1666666610478773
2025-08-01,3231,0.055573232,0.12550606855851854
2025-08-04,3231,0.057804294,0.1506276144820058
2025-08-05,3231,0.050181724,0.14516128978321197
2025-08-06,3231,0.053061746,0.12244897596501447
2025-08-07,3231,0.051866673,0.1214574865141207
2025-08-08,3231,0.054049857,0.1606425744611646
2025-08-11,3231,0.049485706,0.09019607342540037
2025-08-12,3231,0.05208558,0.14285714285714302
2025-08-13,3231,0.016249733,0.19574468888534802
2025-08-14,3231,0.0011886079,0.18454935801813743
2025-08-15,3231,0.011016207,0.17596566901692778
2025-08-18,3231,0.015598686,0.18103448537802214
2025-08-19,3231,0.027465956,0.23809523638562524
2025-08-20,3231,0.032552943,0.22466959583910673
2025-08-21,3231,0.033041194,0.24663676975782067
2025-08-22,3231,0.04329738,0.2455357130047564
2025-08-25,3231,0.045636922,0.2555066020550243
2025-08-26,3231,0.04948467,0.28761062689756445
2025-08-27,3231,0.05062326,0.2565217421091368
2025-08-28,3231,0.053194053,0.22608695761915576
2025-08-29,3231,0.056247763,0.2654867289923515
2025-09-01,3231,0.051868916,0.3242009122477292
2025-09-02,3231,0.057359457,0.3272727255592287
2025-09-03,3231,0.05906207,0.3727272697286501
2025-09-04,3231,0.058101982,0.31858408029524643
2025-09-05,3231,0.060691163,0.29437229748068194
2025-06-11,3661,0.06946068,0.41281248500352863
2025-06-12,3661,0.05892384,0.4215191070727622
2025-06-13,3661,0.058214866,0.5093200224076562
2025-06-16,3661,0.05857513,0.503573880190368
2025-06-17,3661,0.06704074,0.35902217139895254
2025-06-18,3661,0.064530924,0.3404763080242672
2025-06-19,3661,0.07265317,0.29429017089054055
2025-06-20,3661,0.054946117,0.3554875863529363
2025-06-23,3661,0.06518662,0.3268512427030861
2025-06-24,3661,0.0549649,0.36652389372002303
2025-06-25,3661,0.06534311,0.3178351535834423
2025-06-26,3661,0.06117169,0.2968058692177491
2025-06-27,3661,0.06984789,0.1473577550243934
2025-06-30,3661,0.06793888,0.09909435844630465
2025-07-01,3661,0.06674173,0.037928886009853446
2025-07-02,3661,0.058373235,0.09642337783534716
2025-07-03,3661,0.054341808,0.07934871809675936
2025-07-04,3661,0.05362322,0.039466319246497905
2025-07-07,3661,0.057495214,0.03761885106931695
2025-07-08,3661,0.056226216,0.08632769764786241
2025-07-09,3661,0.059761807,0.033403406543506264
2025-07-10,3661,0.06281933,0.025451115251211354
2025-07-11,3661,0.051182732,-0.008251592188649792
2025-07-14,3661,0.041844815,-0.06225910208253371
2025-07-15,3661,0.046370074,-0.07745715107912199
2025-07-16,3661,0.043183856,-0.13219153172073006
2025-07-17,3661,0.046888933,-0.17070135042973278
2025-07-18,3661,0.046978556,-0.16910247422713198
2025-07-21,3661,0.03609319,-0.10408572635865598
2025-07-22,3661,0.042336367,-0.12626715266773736
2025-07-23,3661,0.033916235,-0.168724759239408
2025-07-24,3661,0.036546223,-0.22167841117123122
2025-07-25,3661,0.041796945,-0.2036477950732659
2025-07-28,3661,0.036353692,-0.1544926903720779
2025-07-29,3661,0.03944681,-0.1123051234276079
2025-07-30,3661,0.034582302,-0.059233934526661924
2025-07-31,3661,0.02946377,-0.10361660456860267
2025-08-01,3661,0.03650625,-0.10721374507491677
2025-08-04,3661,0.03170953,-0.10215316383640438
2025-08-05,3661,0.026850449,-0.012128337543018342
2025-08-06,3661,0.033036314,-0.030045514737394252
2025-08-07,3661,0.031753913,-0.003999471890760553
2025-08-08,3661,0.035746284,-0.04448189171753836
2025-08-11,3661,0.03756035,-0.09127675535842539
2025-08-12,3661,0.035062388,-0.12683314980072102
2025-08-13,3661,0.039856985,-0.1400451867985123
2025-08-14,3661,0.036274545,-0.142598965799975
2025-08-15,3661,0.038506866,-0.2379632146024897
2025-08-18,3661,0.045377143,-0.20774781175721857
2025-08-19,3661,0.033204153,-0.2307503413844304
2025-08-20,3661,0.029222602,-0.17537625896202869
2025-08-21,3661,0.020252423,-0.20794325515386303
2025-08-22,3661,0.02439672,-0.19302258373186176
2025-08-25,3661,0.022847036,-0.19403040556835738
2025-08-26,3661,0.027106019,-0.16685990993874833
2025-08-27,3661,0.029246712,-0.18233194322646706
2025-08-28,3661,0.036545835,-0.1697638531493152
2025-08-29,3661,0.029112542,-0.14866403908925097
2025-09-01,3661,0.0377331,-0.17752132256633968
2025-09-02,3661,0.028441438,-0.17555266579973994
2025-09-03,3661,0.03280045,-0.207286432160804
2025-09-04,3661,0.038191848,-0.18961038961038956
2025-09-05,3661,0.030627893,-0.17884130982367763
2025-06-11,3711,0.027392985,0.22325249576111728
2025-06-12,3711,0.024215179,0.19526292981914994
2025-06-13,3711,0.02377289,0.222221121015155
2025-06-16,3711,0.027075218,0.19168429507067186
2025-06-17,3711,0.03465987,0.17103462741627418
2025-06-18,3711,0.035829373,0.1675285325606617
2025-06-19,3711,0.031857982,0.20484679086010615
2025-06-20,3711,0.028079273,0.21376284051050765
2025-06-23,3711,0.03511592,0.20018049726714948
2025-06-24,3711,0.041146196,0.18011059507858018
2025-06-25,3711,0.048748985,0.17007216525753632
2025-06-26,3711,0.049873255,0.18751900430500168
2025-06-27,3711,0.04754713,0.19001426132737742
2025-06-30,3711,0.04136975,0.21018399714798486
2025-07-01,3711,0.04045105,0.18045648753934218
2025-07-02,3711,0.040736645,0.1590106020927302
2025-07-03,3711,0.03786111,0.13194444459044186
2025-07-04,3711,0.036244147,0.11904761626898774
2025-07-07,3711,0.028503472,0.1493055573805222
2025-07-08,3711,0.024478616,0.21328671540871147
2025-07-09,3711,0.034001224,0.19112628012208566
2025-07-10,3711,0.040539518,0.19333333270542785
2025-07-11,3711,0.03745825,0.15333333028350737
2025-07-14,3711,0.033065334,0.141414140109952
2025-07-15,3711,0.03662938,0.18272425696925731
2025-07-16,3711,0.036190726,0.2682119219239376
2025-07-17,3711,0.034725234,0.2937293706290445
2025-07-18,3711,0.04186482,0.2987013001480241
2025-07-21,3711,0.036394894,0.2786885239392849
2025-07-22,3711,0.03485988,0.2781456923546737
2025-07-23,3711,0.038812354,0.27687296371968273
2025-07-24,3711,0.04055147,0.30225080394198844
2025-07-25,3711,0.03356494,0.3224755712103542
2025-07-28,3711,0.0354113,0.430420708042462
2025-07-29,3711,0.028237985,0.46579804438199623
2025-07-30,3711,0.028543094,0.6282894766543057
2025-07-31,3711,0.024454007,0.6131147500195193
2025-08-01,3711,0.040398292,0.5672131090697556
2025-08-04,3711,0.026879558,0.5932203410703134
2025-08-05,3711,0.026344376,0.5972696262425532
2025-08-06,3711,0.018003331,0.5758620749651222
2025-08-07,3711,0.024809847,0.5439189175367964
2025-08-08,3711,0.027983973,0.5302013390091609
2025-08-11,3711,0.036965318,0.5033112579240793
2025-08-12,3711,0.025148878,0.5641891855956711
2025-08-13,3711,0.024280416,0.49831650019270013
2025-08-14,3711,0.017620767,0.4864864811422802
2025-08-15,3711,0.0128650535,0.4527027010441558
2025-08-18,3711,0.019349651,0.39202658426593806
2025-08-19,3711,0.01324358,0.49831650019270013
2025-08-20,3711,0.01694415,0.4413793129846537
2025-08-21,3711,0.011840383,0.4618055595704822
2025-08-22,3711,0.00020090677,0.47735191005459665
2025-08-25,3711,0.013026619,0.46464647006914594
2025-08-26,3711,0.0043922346,0.5469798640672712
2025-08-27,3711,0.010057902,0.5249169493134673
2025-08-28,3711,0.0043611024,0.5220338976789058
2025-08-29,3711,0.02167868,0.5132450350378188
2025-09-01,3711,0.038433544,0.46794871177017994
2025-09-02,3711,0.04357478,0.45222929494152186
2025-09-03,3711,0.049679615,0.4713375731083518
2025-09-04,3711,0.039714023,0.5422077976117372
2025-09-05,3711,0.03777027,0.5384615309975327
2025-06-11,4904,0.076322205,0.0031347498655356354
2025-06-12,4904,0.07368504,-0.005013526017429437
2025-06-13,4904,0.075682834,-0.00833290814024057
2025-06-16,4904,0.08565939,-0.02717692132694416
2025-06-17,4904,0.07879676,-0.022186123266881852
2025-06-18,4904,0.08755386,-0.030040827833742068
2025-06-19,4904,0.07900874,-0.026874481483473267
2025-06-20,4904,0.081712455,-0.029220674256755008
2025-06-23,4904,0.08129224,-0.027176934369817052
2025-06-24,4904,0.078296274,0.014595815121910771
2025-06-25,4904,0.09757522,0.0013206941014327622
2025-06-26,4904,0.10013978,0.013980365371826897
2025-06-27,4904,0.091107085,0.0096288137239533
2025-06-30,4904,0.09439657,0.003921767493507922
2025-07-01,4904,0.09286216,0.015494847121426236
2025-07-02,4904,0.08189632,0.03644816699220055
2025-07-03,4904,0.088622846,0.02273112372900199
2025-07-04,4904,0.08302729,0.0205239615615207
2025-07-07,4904,0.07926068,0.05295833011659701
2025-07-08,4904,0.08493209,0.07677680394406661
2025-07-09,4904,0.092061415,0.1301115257421157
2025-07-10,4904,0.09308657,0.1043689257989715
2025-07-11,4904,0.08438486,0.10278112994273814
2025-07-14,4904,0.08728625,0.09832133495345396
2025-07-15,4904,0.07836094,0.1127272690198875
2025-07-16,4904,0.08705369,0.12242424164614918
2025-07-17,4904,0.084583,0.12530413634525117
2025-07-18,4904,0.08378418,0.1262135926000605
2025-07-21,4904,0.077085696,0.13244228657929047
2025-07-22,4904,0.07616813,0.15582823028585047
2025-07-23,4904,0.083670095,0.146666660625002
2025-07-24,4904,0.068908006,0.13096695408454817
2025-07-25,4904,0.073212236,0.12942613077298426
2025-07-28,4904,0.06802717,0.134969328201892
2025-07-29,4904,0.066706285,0.12867647171108487
2025-07-30,4904,0.07141424,0.12393681620295838
2025-07-31,4904,0.05561532,0.15177479396912674
2025-08-01,4904,0.05930154,0.150550803387681
2025-08-04,4904,0.06611945,0.13939394374210723
2025-08-05,4904,0.060646117,0.1347087408004839
2025-08-06,4904,0.059217997,0.1478365328211304
2025-08-07,4904,0.059491187,0.12709832196995308
2025-08-08,4904,0.06700162,0.1076923162000003
2025-08-11,4904,0.07223033,0.11995250637978438
2025-08-12,4904,0.06350036,0.08274231762637485
2025-08-13,4904,0.06450351,0.08156028416673045
2025-08-14,4904,0.061008036,0.08412322401706174
2025-08-15,4904,0.059233367,0.08490566187915438
2025-08-18,4904,0.061706156,0.0799059929207937
2025-08-19,4904,0.060655057,0.08421052759422731
2025-08-20,4904,0.06379429,0.0690058446150732
2025-08-21,4904,0.060923524,0.08041958054653175
2025-08-22,4904,0.059663884,0.043376319902112215
2025-08-25,4904,0.065634355,0.05826396403358758
2025-08-26,4904,0.06413253,0.049586779797820446
2025-08-27,4904,0.04473234,0.05131263964182309
2025-08-28,4904,0.041438192,0.05868262737315666
2025-08-29,4904,0.04334338,0.045130642912029284
2025-09-01,4904,0.036322586,0.03084223962838517
2025-09-02,4904,0.036725253,0.022432120216574924
2025-09-03,4904,0.039343044,0.02369668975322825
2025-09-04,4904,0.032252982,0.008264465342948668
2025-09-05,4904,0.039182767,0.016587682827259753
2025-06-11,4938,0.020257363,-0.12034548728523731
2025-06-12,4938,0.018426621,-0.12364751934046181
2025-06-13,4938,0.028046796,-0.09936306134394945
2025-06-16,4938,0.025350498,-0.12101911675938704
2025-06-17,4938,0.046582684,-0.0940721567747631
2025-06-18,4938,0.042079523,-0.09922679310398008
2025-06-19,4938,0.042887658,-0.0789473789145807
2025-06-20,4938,0.04391799,-0.08047493390962401
2025-06-23,4938,0.03954657,-0.05369128693539327
2025-06-24,4938,0.047219656,-0.08256881261683702
2025-06-25,4938,0.042024575,-0.06481481007919421
2025-06-26,4938,0.039366014,-0.05452127755666725
2025-06-27,4938,0.03924302,-0.04887715053393826
2025-06-30,4938,0.048997365,-0.06901042238936439
2025-07-01,4938,0.04400754,-0.08452535439110898
2025-07-02,4938,0.039977707,-0.08171205439867413
2025-07-03,4938,0.04383277,-0.10318471191738554
2025-07-04,4938,0.028345766,-0.08097686898444734
2025-07-07,4938,0.037230283,-0.09263959867134586
2025-07-08,4938,0.025656613,-0.07197943461994871
2025-07-09,4938,0.029487522,-0.08015267632281342
2025-07-10,4938,0.02481524,-0.08618504911060054
2025-07-11,4938,0.032399908,-0.10250000120829361
2025-07-14,4938,0.028426612,-0.11720697627231602
2025-07-15,4938,0.034069143,-0.12054120909584987
2025-07-16,4938,0.035990596,-0.11124845085888369
2025-07-17,4938,0.03786859,-0.08588956724826324
2025-07-18,4938,0.03245189,-0.07682774696787631
2025-07-21,4938,0.035062112,-0.07739558231627297
2025-07-22,4938,0.026322307,-0.04483188153415529
2025-07-23,4938,0.033317402,-0.07551766340402721
2025-07-24,4938,0.021258494,-0.057881763889465976
2025-07-25,4938,0.015506102,-0.061728392672586674
2025-07-28,4938,0.009903466,-0.047087973530333005
2025-07-29,4938,0.003950162,-0.04993758898898493
2025-07-30,4938,0.0017739926,-0.077114430253298
2025-07-31,4938,-0.0050729867,-0.06874999730583187
2025-08-01,4938,-0.005099332,-0.0898876419153175
2025-08-04,4938,-0.0046000723,-0.09417596000999284
2025-08-05,4938,0.011040786,-0.10085053837159186
2025-08-06,4938,0.0068472717,-0.10148515027557292
2025-08-07,4938,0.0064968523,-0.1024691395773133
2025-08-08,4938,0.0045653004,-0.10135970483835277
2025-08-11,4938,0.0028238837,-0.09975062032198101
2025-08-12,4938,0.00039896555,-0.07079645982624982
2025-08-13,4938,-0.0005272981,-0.05769230537349712
2025-08-14,4938,0.04049272,0.004166675254138497
2025-08-15,4938,0.030599048,-0.004231320375535308
2025-08-18,4938,0.026153715,-0.009915004960322271
2025-08-19,4938,0.0136382,0.0199430162532801
2025-08-20,4938,0.015376227,0.02608696481861017
2025-08-21,4938,0.0067868996,0.01726619254557682
2025-08-22,4938,-0.001328228,0.008633096272788299
2025-08-25,4938,-0.0033922102,0.0056818149768849135
2025-08-26,4938,-0.0006876569,0.017069691701490086
2025-08-27,4938,-0.005121192,0.022695037752752167
2025-08-28,4938,-0.0037672874,0.018413606015200035
2025-08-29,4938,-0.0060503017,0.022792024954973567
2025-09-01,4938,-0.0016592201,0.05362319283957473
2025-09-02,4938,-0.0101361405,0.04196815766298245
2025-09-03,4938,-0.014802301,0.030390740074285105
2025-09-04,4938,-0.0139995795,0.010014296762395514
2025-09-05,4938,-0.018137908,-0.0028490087016938004
2025-06-11,5871,0.032153286,0.01918062951419386
2025-06-12,5871,0.033201687,0.019394005811643522
2025-06-13,5871,0.033412814,0.014573411541044079
2025-06-16,5871,0.03639549,0.01043229793038103
2025-06-17,5871,0.040844224,0.009928283008048489
2025-06-18,5871,0.038919695,0.01410153801030578
2025-06-19,5871,0.03727015,0.026830847921401002
2025-06-20,5871,0.03351561,0.03148296779601223
2025-06-23,5871,0.039969638,0.03624349298869678
2025-06-24,5871,0.041849323,0.04117592901274714
2025-06-25,5871,0.039899796,0.036819544372526325
2025-06-26,5871,0.045334503,0.011657067184214442
2025-06-27,5871,0.045592032,-0.0003388681802779514
2025-06-30,5871,0.04203988,-0.008810572687224738
2025-07-01,5871,0.047871217,-0.02575398170111831
2025-07-02,5871,0.04468696,-0.07371105065042682
2025-07-03,5871,0.041301727,-0.09732359413363878
2025-07-04,5871,0.039426975,-0.1261762646407828
2025-07-07,5871,0.03859812,-0.09929628769544074
2025-07-08,5871,0.03680852,-0.1034662122894433
2025-07-09,5871,0.034314774,-0.09512636310143807
2025-07-10,5871,0.033545136,-0.11452698097527281
2025-07-11,5871,0.033147305,-0.10975393168315806
2025-07-14,5871,0.027451621,-0.10833655588037217
2025-07-15,5871,0.0296973,-0.11381083442343531
2025-07-16,5871,0.028802989,-0.1261762646407828
2025-07-17,5871,0.02976554,-0.12952424640409343
2025-07-18,5871,0.030905733,-0.13107787852713693
2025-07-21,5871,0.029059472,-0.14762877607900093
2025-07-22,5871,0.026580589,-0.13265568444746145
2025-07-23,5871,0.028105859,-0.14184229952101668
2025-07-24,5871,0.02655482,-0.12952424640409343
2025-07-25,5871,0.02375068,-0.12694015413917092
2025-07-28,5871,0.021342093,-0.12848575985345878
2025-07-29,5871,0.02234021,-0.11470687902405974
2025-07-30,5871,0.034794122,-0.1271186440677966
2025-07-31,5871,0.036294527,-0.12068965517241381
2025-08-01,5871,0.03564849,-0.11739130434782608
2025-08-04,5871,0.032364324,-0.125
2025-08-05,5871,0.031907395,-0.09999999999999998
2025-08-06,5871,0.034586594,-0.08771929824561409
2025-08-07,5871,0.03105647,-0.10043668122270744
2025-08-08,5871,0.029274648,-0.09210526315789469
2025-08-11,5871,0.030153163,-0.09210526315789469
2025-08-12,5871,0.029959941,-0.10869565217391308
2025-08-13,5871,0.02962214,-0.14345991561181437
2025-08-14,5871,0.030458828,-0.1659751037344398
2025-08-15,5871,0.022807224,-0.15254237288135597
2025-08-18,5871,0.02438485,-0.1561181434599156
2025-08-19,5871,0.02276626,-0.14345991561181437
2025-08-20,5871,0.024047965,-0.10434782608695647
2025-08-21,5871,0.021148311,-0.09871244635193133
2025-08-22,5871,0.016580833,-0.09130434782608698
2025-08-25,5871,0.02163303,-0.11914893617021272
2025-08-26,5871,0.01618039,-0.10344827586206895
2025-08-27,5871,0.016691355,-0.11206896551724133
2025-08-28,5871,0.02104024,-0.12121212121212122
2025-08-29,5871,0.024804818,-0.128755364806867
2025-09-01,5871,0.021970952,-0.12608695652173918
2025-09-02,5871,0.02028596,-0.1255411255411255
2025-09-03,5871,0.021111099,-0.13362068965517238
2025-09-04,5871,0.022780871,-0.1367521367521367
2025-09-05,5871,0.02215793,-0.13733905579399142
2025-06-11,5876,0.09345164,-0.08037703322996104
2025-06-12,5876,0.090630785,-0.07311450312005385
2025-06-13,5876,0.09102067,-0.08341384498257842
2025-06-16,5876,0.0886878,-0.08040707786075829
2025-06-17,5876,0.09162821,-0.08138536118732298
2025-06-18,5876,0.09839181,-0.08216744464857051
2025-06-19,5876,0.09643176,-0.07027016540988862
2025-06-20,5876,0.093307465,-0.08527780862363055
2025-06-23,5876,0.09469555,-0.08359889043747404
2025-06-24,5876,0.0962419,-0.07572339756719881
2025-06-25,5876,0.09922833,-0.06833544351658305
2025-06-26,5876,0.09689769,-0.08010385539863396
2025-06-27,5876,0.096919455,-0.06267998538578501
2025-06-30,5876,0.09788461,-0.05493273542600907
2025-07-01,5876,0.09209296,-0.09642470205850484
2025-07-02,5876,0.085031085,-0.09957173447537482
2025-07-03,5876,0.08684086,-0.11501597444089473
2025-07-04,5876,0.08667574,-0.09837837837837826
2025-07-07,5876,0.083956935,-0.10871905274488702
2025-07-08,5876,0.080438,-0.10463861920172601
2025-07-09,5876,0.07493181,-0.09575625680087063
2025-07-10,5876,0.074800074,-0.09259259259259256
2025-07-11,5876,0.072837956,-0.10348583877995643
2025-07-14,5876,0.06879698,-0.09606986899563319
2025-07-15,5876,0.06167929,-0.08416389811738645
2025-07-16,5876,0.061520323,-0.09312638580931265
2025-07-17,5876,0.051565558,-0.08183856502242148
2025-07-18,5876,0.049440913,-0.09465478841870822
2025-07-21,5876,0.03513719,-0.08144796380090502
2025-07-22,5876,0.037357032,-0.07562076749435653
2025-07-23,5876,0.03181298,-0.06974128233970756
2025-07-24,5876,0.015716167,-0.0693970420932879
2025-07-25,5876,0.011955788,-0.09039548022598876
2025-07-28,5876,0.0041775536,-0.08045977011494254
2025-07-29,5876,8.379668e-05,-0.08505747126436791
2025-07-30,5876,-0.0014500916,-0.09382151029748287
2025-07-31,5876,-0.008842012,-0.08139534883720934
2025-08-01,5876,-0.0043443646,-0.08505747126436791
2025-08-04,5876,0.0049656983,-0.10270880361173806
2025-08-05,5876,0.0012559984,-0.09920182440136838
2025-08-06,5876,0.0056079235,-0.1084745762711864
2025-08-07,5876,0.00043756329,-0.11123723041997724
2025-08-08,5876,-0.0018939432,-0.11111111111111105
2025-08-11,5876,-0.004730383,-0.11199095022624439
2025-08-12,5876,0.0014887396,-0.11711711711711703
2025-08-13,5876,0.0065327194,-0.12080536912751694
2025-08-14,5876,0.0071262512,-0.11659192825112119
2025-08-15,5876,0.003093915,-0.10758776896942246
2025-08-18,5876,0.015819458,-0.1223581757508343
2025-08-19,5876,0.010157252,-0.0905963302752294
2025-08-20,5876,0.022668092,-0.07940161104718069
2025-08-21,5876,0.016847072,-0.052386495925494714
2025-08-22,5876,0.022872733,-0.06949352179034163
2025-08-25,5876,0.018084252,-0.06973995271867606
2025-08-26,5876,0.027853386,-0.05174488567990365
2025-08-27,5876,0.023376415,-0.05896510228640184
2025-08-28,5876,0.03344424,-0.052247873633049835
2025-08-29,5876,0.035547428,-0.04146341463414638
2025-09-01,5876,0.033440605,-0.041362530413625365
2025-09-02,5876,0.032304786,-0.043636363636363584
2025-09-03,5876,0.028614992,-0.04600484261501203
2025-09-04,5876,0.02690308,-0.03874092009685215
2025-09-05,5876,0.024211766,-0.0423728813559322
2025-06-11,5880,0.03703502,0.04143044130192752
2025-06-12,5880,0.033882767,0.05009098551233859
2025-06-13,5880,0.041477695,0.04799187326416954
2025-06-16,5880,0.043130077,0.04586610362561627
2025-06-17,5880,0.046576455,0.0417092723628778
2025-06-18,5880,0.053401165,0.03740573429221494
2025-06-19,5880,0.04893472,0.05010867976620359
2025-06-20,5880,0.046625078,0.04576071340713295
2025-06-23,5880,0.039560184,0.06093453488171563
2025-06-24,5880,0.043851256,0.04581362316070492
2025-06-25,5880,0.049162395,0.03531841793120383
2025-06-26,5880,0.051454797,0.03323944035669979
2025-06-27,5880,0.048813507,0.031223979857972317
2025-06-30,5880,0.051894262,0.037362592234367886
2025-07-01,5880,0.05121723,0.033136574891835524
2025-07-02,5880,0.033672243,0.04812148990916243
2025-07-03,5880,0.03215739,0.04816400416775424
2025-07-04,5880,0.027967678,0.03753407896317529
2025-07-07,5880,0.03507173,0.027115512067911407
2025-07-08,5880,0.043284275,0.006544838544569664
2025-07-09,5880,0.037406936,0.010435509048166258
2025-07-10,5880,0.041391723,0.006441687124355111
2025-07-11,5880,0.04652778,-0.01362406429731855
2025-07-14,5880,0.044719465,-0.01525827493479115
2025-07-15,5880,0.041974664,-0.011419120442048847
2025-07-16,5880,0.045332737,-0.007162969007871056
2025-07-17,5880,0.041527875,-0.0070349619906141525
2025-07-18,5880,0.039515473,-0.01128262473812891
2025-07-21,5880,0.033929892,-0.0014519843100495589
2025-07-22,5880,0.02891087,0.004669905406272212
2025-07-23,5880,0.03255759,-0.003043313277613313
2025-07-24,5880,0.027389178,-0.01128262473812891
2025-07-25,5880,0.024149654,-0.00754995494193933
2025-07-28,5880,0.02580897,-0.005857313638887307
2025-07-29,5880,0.019598579,0.00039515608665419144
2025-07-30,5880,0.025161518,-0.019674493131467963
2025-07-31,5880,0.02233495,-0.0037731570637068446
2025-08-01,5880,0.02933046,-0.01554680678675835
2025-08-04,5880,0.03507427,-0.025049284065278732
2025-08-05,5880,0.037338607,-0.0326953444317859
2025-08-06,5880,0.042068712,-0.04169926128071655
2025-08-07,5880,0.037247173,-0.03401528627451078
2025-08-08,5880,0.047003463,-0.024566733880792557
2025-08-11,5880,0.049821302,-0.01891751855625534
2025-08-12,5880,0.054421984,-0.018767849857201147
2025-08-13,5880,0.06539227,-0.020325203252032464
2025-08-14,5880,0.057158686,-0.030181086519114664
2025-08-15,5880,0.053206883,-0.028455284552845628
2025-08-18,5880,0.047643833,-0.0325203252032521
2025-08-19,5880,0.043320797,-0.020366598778004064
2025-08-20,5880,0.046661355,-0.014373716632443578
2025-08-21,5880,0.039984405,-0.006134969325153339
2025-08-22,5880,0.04191781,-0.012422360248447117
2025-08-25,5880,0.03936495,-0.004158004158004269
2025-08-26,5880,0.05024109,0.0021008403361344463
2025-08-27,5880,0.03828796,0.0021008403361344463
2025-08-28,5880,0.03536693,0.0
2025-08-29,5880,0.034691148,0.006329113924050667
2025-09-01,5880,0.030371526,0.0
2025-09-02,5880,0.03201399,-0.004166666666666763
2025-09-03,5880,0.025077367,-0.002083333333333326
2025-09-04,5880,0.021151567,0.0
2025-09-05,5880,0.02576431,-0.004132231404958553
2025-06-11,6446,0.07015679,-0.057750304607716796
2025-06-12,6446,0.06809718,-0.023534924090352072
2025-06-13,6446,0.07061739,0.002161524991943331
2025-06-16,6446,0.06767213,0.050935632506996065
2025-06-17,6446,0.068905935,0.0635975074562849
2025-06-18,6446,0.070171006,0.0347869811650896
2025-06-19,6446,0.06664265,0.039190499477513185
2025-06-20,6446,0.06603007,0.032086611391982656
2025-06-23,6446,0.07008532,0.023669435979170927
2025-06-24,6446,0.0776528,0.03327423561545162
2025-06-25,6446,0.07139483,0.010103988119206653
2025-06-26,6446,0.07336295,0.041618909085289646
2025-06-27,6446,0.07054193,0.055206411837801284
2025-06-30,6446,0.07170415,0.0532808528092672
2025-07-01,6446,0.072835535,0.03718208454429428
2025-07-02,6446,0.07653164,0.0030636916789656965
2025-07-03,6446,0.07424869,0.12015008059526
2025-07-04,6446,0.067876495,0.13474741364557064
2025-07-07,6446,0.06703836,0.17520471520981173
2025-07-08,6446,0.06366304,0.17580652820319753
2025-07-09,6446,0.06193956,0.14835363942614266
2025-07-10,6446,0.070731394,0.11213469647079943
2025-07-11,6446,0.061716095,0.08516128023908731
2025-07-14,6446,0.059936635,0.09303314415530628
2025-07-15,6446,0.05856651,0.08681094447277893
2025-07-16,6446,0.058511116,0.08485592021348953
2025-07-17,6446,0.069902875,0.0471925231252448
2025-07-18,6446,0.062026285,0.04110419569463719
2025-07-21,6446,0.066695355,0.0570381142341152
2025-07-22,6446,0.06458212,0.08470063159069596
2025-07-23,6446,0.06551851,0.04366371662846369
2025-07-24,6446,0.061764464,0.06773388070963837
2025-07-25,6446,0.0652995,0.07764990061524357
2025-07-28,6446,0.06252806,0.08160550738999595
2025-07-29,6446,0.06039861,0.09215622724869954
2025-07-30,6446,0.058360867,0.11101921456379693
2025-07-31,6446,0.05593597,0.11661911084691945
2025-08-01,6446,0.06341758,0.10541484906288612
2025-08-04,6446,0.057891846,0.10544180789821778
2025-08-05,6446,0.05859098,0.11431963591707484
2025-08-06,6446,0.059873037,0.09897333684598575
2025-08-07,6446,0.060589932,0.09032813397267869
2025-08-08,6446,0.059505425,0.07942485074432537
2025-08-11,6446,0.053594254,0.1119598934598105
2025-08-12,6446,0.054718316,0.0855155461797692
2025-08-13,6446,0.058064066,0.07073922895029883
2025-08-14,6446,0.061572447,0.020170668585185014
2025-08-15,6446,0.052202374,-0.0014578093541990356
2025-08-18,6446,0.04808297,0.004521484303496859
2025-08-19,6446,0.048620746,0.06386986955920682
2025-08-20,6446,0.054698706,0.04072531184620076
2025-08-21,6446,0.046643786,0.09071832274383684
2025-08-22,6446,0.044968627,0.10294859956736624
2025-08-25,6446,0.047888525,0.12649935704193238
2025-08-26,6446,0.051802233,0.1470195928534248
2025-08-27,6446,0.04099279,0.14524752487228
2025-08-28,6446,0.040390544,0.1384741556572464
2025-08-29,6446,0.039755896,0.15779100633122245
2025-09-01,6446,0.036491953,0.16471783810287133
2025-09-02,6446,0.056606352,0.12276614206454117
2025-09-03,6446,0.055611894,0.10542632020994502
2025-09-04,6446,0.056498006,0.09049199646040607
2025-09-05,6446,0.055016868,0.11408787915352914
2025-06-11,6505,0.23302409,0.06669893210543942
2025-06-12,6505,0.23956853,0.06998478932897889
2025-06-13,6505,0.21534166,0.026105841971772126
2025-06-16,6505,0.14973125,0.005431260925661041
2025-06-17,6505,0.15518083,0.04780944925247321
2025-06-18,6505,0.15957189,0.030218731451107095
2025-06-19,6505,0.18120016,0.0665784567236023
2025-06-20,6505,0.19161434,0.06903188938232963
2025-06-23,6505,0.17434542,0.027549778886450493
2025-06-24,6505,0.19607219,0.08205843052869644
2025-06-25,6505,0.18020485,0.08587257248884028
2025-06-26,6505,0.18678929,0.06512891040190238
2025-06-27,6505,0.19275847,0.0597826059769182
2025-06-30,6505,0.19316904,0.11527778409090916
2025-07-01,6505,0.18370467,0.07066666299393964
2025-07-02,6505,0.18038468,0.05454547289900202
2025-07-03,6505,0.1938085,0.05167959830866797
2025-07-04,6505,0.2088495,0.051519163409633695
2025-07-07,6505,0.20886596,0.02127661715759932
2025-07-08,6505,0.2150989,0.10176391729913625
2025-07-09,6505,0.22855452,0.14911080929541853
2025-07-10,6505,0.24649411,0.1534246414899607
2025-07-11,6505,0.26517683,0.1364902483951016
2025-07-14,6505,0.28214824,0.12087911501273463
2025-07-15,6505,0.28738394,0.13204953815211673
2025-07-16,6505,0.27163032,0.18019258897206814
2025-07-17,6505,0.2130144,0.1452879674717038
2025-07-18,6505,0.22374523,0.12724935583957286
2025-07-21,6505,0.22633336,0.11538461639322217
2025-07-22,6505,0.22794276,0.14414412825426348
2025-07-23,6505,0.21738657,0.16834170376494173
2025-07-24,6505,0.23130876,0.14214462949970352
2025-07-25,6505,0.22955614,0.15756034818574172
2025-07-28,6505,0.21355194,0.12004950000027836
2025-07-29,6505,0.21804433,0.15756034818574172
2025-07-30,6505,0.2089949,0.033526016727467356
2025-07-31,6505,0.17871907,0.002283086843998472
2025-08-01,6505,0.17688484,0.05076740890102127
2025-08-04,6505,0.19041641,0.14340103130365756
2025-08-05,6505,0.18058695,0.22692309638918795
2025-08-06,6505,0.18619025,0.26582279497021166
2025-08-07,6505,0.19019502,0.3023839631844869
2025-08-08,6505,0.19692466,0.33757960140370824
2025-08-11,6505,0.19195537,0.3894472174572039
2025-08-12,6505,0.19022733,0.32689988121806146
2025-08-13,6505,0.19201687,0.2850241600790515
2025-08-14,6505,0.19373082,0.32608695652173925
2025-08-15,6505,0.19574237,0.289630510945766
2025-08-18,6505,0.19970174,0.2907116945643389
2025-08-19,6505,0.20069817,0.37745098911640196
2025-08-20,6505,0.20613542,0.3400758514540736
2025-08-21,6505,0.18709794,0.2937062913723276
2025-08-22,6505,0.18179142,0.19907940892435816
2025-08-25,6505,0.19256535,0.16338353830028307
2025-08-26,6505,0.18476939,0.2220916592467863
2025-08-27,6505,0.19311532,0.24970131964809372
2025-08-28,6505,0.1989286,0.28588959605007913
2025-08-29,6505,0.19757581,0.34246574016491693
2025-09-01,6505,0.19207035,0.33751571047696705
2025-09-02,6505,0.18821765,0.353612170356137
2025-09-03,6505,0.18972957,0.310432570173208
2025-09-04,6505,0.18389581,0.30050506198347104
2025-09-05,6505,0.18208241,0.2978453793453628
2025-06-11,6669,0.06824688,0.27461251797760977
2025-06-12,6669,0.06462768,0.22286375253804747
2025-06-13,6669,0.06543775,0.3290158625303623
2025-06-16,6669,0.058950543,0.3500695789425017
2025-06-17,6669,0.06477886,0.30856219701420584
2025-06-18,6669,0.05840885,0.2954046343443313
2025-06-19,6669,0.059800647,0.3026237653269972
2025-06-20,6669,0.055042744,0.28380380656791027
2025-06-23,6669,0.059173875,0.29240710818270066
2025-06-24,6669,0.058709256,0.28429423465263537
2025-06-25,6669,0.073054574,0.15313653157057083
2025-06-26,6669,0.06257202,0.1984732826016402
2025-06-27,6669,0.073043436,0.21739130448928834
2025-06-30,6669,0.057011843,0.22332015823699525
2025-07-01,6669,0.08538096,0.24489795929509794
2025-07-02,6669,0.06745652,0.3313253012073085
2025-07-03,6669,0.05653519,0.3360323886605945
2025-07-04,6669,0.049309954,0.3503054989603296
2025-07-07,6669,0.04750663,0.4114052952175158
2025-07-08,6669,0.048936166,0.45041322299115194
2025-07-09,6669,0.06915485,0.3417968749897946
2025-07-10,6669,0.06371049,0.2986512524497338
2025-07-11,6669,0.061058544,0.3166986564496541
2025-07-14,6669,0.068059854,0.4239350911644313
2025-07-15,6669,0.06345808,0.5059523807409307
2025-07-16,6669,0.057545446,0.5409181638276133
2025-07-17,6669,0.06056249,0.5417515272328461
2025-07-18,6669,0.07337468,0.4980694982704401
2025-07-21,6669,0.065146856,0.6099009901684076
2025-07-22,6669,0.060614757,0.6457489878803928
2025-07-23,6669,0.0724493,0.6789366053014825
2025-07-24,6669,0.07028634,0.6155378486684577
2025-07-25,6669,0.057757817,0.6242544732130901
2025-07-28,6669,0.07145665,0.5807692308712136
2025-07-29,6669,0.071739055,0.6349809886303461
2025-07-30,6669,0.0665083,0.6471698113434659
2025-07-31,6669,0.07869874,0.5605786619629225
2025-08-01,6669,0.07097539,0.5722120659201355
2025-08-04,6669,0.075779505,0.5746691872529246
2025-08-05,6669,0.076402545,0.568058076335533
2025-08-06,6669,0.0726397,0.4684684686889422
2025-08-07,6669,0.075181924,0.528469751041494
2025-08-08,6669,0.08044266,0.633217993471354
2025-08-11,6669,0.08162377,0.43622047219954196
2025-08-12,6669,0.07610972,0.3639143729453047
2025-08-13,6669,0.07794934,0.2644017725083381
2025-08-14,6669,0.07180995,0.28129602352612393
2025-08-15,6669,0.07038957,0.23467862483200608
2025-08-18,6669,0.070856035,0.21167883216283911
2025-08-19,6669,0.07055397,0.2950075642404706
2025-08-20,6669,0.06263444,0.3718592967872818
2025-08-21,6669,0.078374155,0.3300330031916161
2025-08-22,6669,0.06520409,0.40404040431336585
2025-08-25,6669,0.070582375,0.4590163931605642
2025-08-26,6669,0.065701984,0.4566284776266938
2025-08-27,6669,0.07133919,0.530988274847177
2025-08-28,6669,0.06394136,0.4890756304363708
2025-08-29,6669,0.0611078,0.5109612143273674
2025-09-01,6669,0.07556191,0.6225749559562981
2025-09-02,6669,0.0802122,0.5753899481045961
2025-09-03,6669,0.06756188,0.6017094017779541
2025-09-04,6669,0.06873315,0.5775127769251132
2025-09-05,6669,0.07302307,0.4942148757007767
2025-06-04,6919,0.06878653,1.808069792802617
2025-06-05,6919,0.06573743,1.639751552795031
2025-06-06,6919,0.06266967,1.3418367346938775
2025-06-09,6919,0.063740924,1.0909090909090908
2025-06-10,6919,0.08527981,1.136222910216718
2025-06-11,6919,0.07156901,1.1355236139630387
2025-06-12,6919,0.06998061,0.9819819819819819
2025-06-13,6919,0.06684673,0.9859578736208625
2025-06-16,6919,0.06906099,0.9502487562189055
2025-06-17,6919,0.07750487,0.6545454545454545
2025-06-18,6919,0.06910849,0.6666666666666667
2025-06-19,6919,0.06685984,0.6512605042016806
2025-06-20,6919,0.08289517,0.5766129032258065
2025-06-23,6919,0.07164599,0.5222672064777327
2025-06-24,6919,0.07446593,0.45849802371541504
2025-06-25,6919,0.06738944,0.5142857142857142
2025-06-26,6919,0.07069118,0.5079365079365079
2025-06-27,6919,0.0707905,0.3895131086142323
2025-06-30,6919,0.0674248,0.32713754646840143
2025-07-01,6919,0.071675256,0.23809523809523814
2025-07-02,6919,0.06608063,0.21189591078066905
2025-07-03,6919,0.06381989,0.15037593984962405
2025-07-04,6919,0.06191975,0.23773584905660372
2025-07-07,6919,0.050037324,0.278225806451613
2025-07-08,6919,0.040479787,0.37339055793991416
2025-07-09,6919,0.045948066,0.4385964912280702
2025-07-10,6919,0.053985327,0.3728813559322033
2025-07-11,6919,0.053810507,0.308641975308642
2025-07-21,6919,0.084471874,0.22846441947565532
2025-07-22,6919,0.057072774,0.3055555555555556
2025-07-23,6919,0.06744225,0.23954372623574138
2025-07-24,6919,0.08202705,0.22676579925650553
2025-07-25,6919,0.08293872,0.14893617021276606
2025-07-28,6919,0.08117795,0.1062271062271063
2025-07-29,6919,0.08395473,0.13178294573643412
2025-07-30,6919,0.08794144,0.21862348178137658
2025-07-31,6919,0.060875483,0.1902834008097165
2025-08-01,6919,0.07501538,0.22314049586776852
2025-08-04,6919,0.08058403,0.19183673469387763
2025-08-05,6919,0.08542825,0.20661157024793386
2025-08-06,6919,0.078725435,0.12757201646090532
2025-08-07,6919,0.08781037,-0.0038461538461538325
2025-08-08,6919,0.08927825,-0.04562737642585546
2025-08-11,6919,0.08206346,-0.05343511450381677
2025-08-12,6919,0.087454945,-0.052238805970149294
2025-08-13,6919,0.08888764,-0.0780669144981413
2025-08-14,6919,0.09131582,-0.07380073800738007
2025-08-15,6919,0.09017348,-0.15517241379310343
2025-08-18,6919,0.09272787,-0.15673981191222575
2025-08-19,6919,0.07515838,-0.27428571428571424
2025-08-20,6919,0.064255536,-0.295774647887324
2025-08-21,6919,0.07511544,-0.2930591259640103
2025-08-22,6919,0.08179679,-0.20526315789473681
2025-08-25,6919,0.09954895,-0.19948849104859334
2025-08-26,6919,0.08148338,-0.20100502512562812
2025-08-27,6919,0.07918909,-0.20304568527918787
2025-08-28,6919,0.11117327,-0.1758530183727034
2025-08-29,6919,0.10661991,-0.21534653465346532
2025-09-01,6919,0.12760442,-0.20902612826603328
2025-09-02,6919,0.11274604,-0.20950323974082075
2025-09-03,6919,0.111255854,-0.34184675834970535
2025-09-04,6919,0.120614916,-0.3135245901639344
2025-09-05,6919,0.11211366,-0.3294117647058824
