date,stock_id,predicted,actual
2025-03-06,1101,0.04820062,-0.2183908063739235
2025-03-07,1101,0.050027817,-0.2130434721614093
2025-03-10,1101,0.04762115,-0.21438849063370302
2025-03-11,1101,0.050365735,-0.22270114920325945
2025-03-12,1101,0.051404476,-0.22028985597608752
2025-03-13,1101,0.06388728,-0.19760479581825607
2025-03-14,1101,0.046164934,-0.20974888137674985
2025-03-17,1101,0.0480147,-0.21364984964327405
2025-03-18,1101,0.0480915,-0.22470236561422485
2025-03-19,1101,0.04741079,-0.2421991121264675
2025-03-20,1101,0.045945693,-0.2551928786223894
2025-03-21,1101,0.04756877,-0.23134328166533624
2025-03-24,1101,0.052728314,-0.22473605433352828
2025-03-25,1101,0.047312062,-0.21341464314381642
2025-03-26,1101,0.039494894,-0.2072617342107338
2025-03-27,1101,0.03667714,-0.23308270652370677
2025-03-28,1101,0.038990945,-0.20395736494653782
2025-03-31,1101,0.04922954,-0.18084317159934882
2025-04-01,1101,0.03264421,-0.18648294837144597
2025-04-02,1101,0.028062731,-0.1977149527755756
2025-04-07,1101,0.06473183,-0.13295059573085688
2025-04-08,1101,0.05742856,-0.14609809619221759
2025-04-09,1101,0.05595672,-0.12076312490560737
2025-04-10,1101,0.04227474,-0.18847888402018886
2025-04-11,1101,0.073052496,-0.18032139446534512
2025-04-14,1101,0.07126251,-0.18627364367441823
2025-04-15,1101,0.066822104,-0.1880123824300084
2025-04-16,1101,0.06614618,-0.189338543653488
2025-04-17,1101,0.06049185,-0.1621683641236522
2025-04-18,1101,0.051711395,-0.15777528474176883
2025-04-21,1101,0.042764187,-0.1504388570424664
2025-04-22,1101,0.039047536,-0.13656175794682623
2025-04-23,1101,0.028094405,-0.12908873642027374
2025-04-24,1101,0.030032877,-0.13975296377866964
2025-04-25,1101,0.030339422,-0.14268393645068156
2025-04-28,1101,0.030247193,-0.13382736509196647
2025-04-29,1101,0.0300118,-0.15056776202270294
2025-04-30,1101,0.03137075,-0.12856417574925105
2025-05-02,1101,0.031769708,-0.15638723323646309
2025-05-05,1101,0.03162069,-0.1794039501002307
2025-05-06,1101,0.03449412,-0.17806092263571283
2025-05-07,1101,0.036427177,-0.1759427388361492
2025-05-08,1101,0.037590325,-0.17125398067939168
2025-05-09,1101,0.037518784,-0.17833486263786036
2025-05-12,1101,0.03563095,-0.1885195054882266
2025-05-13,1101,0.0368787,-0.17755205232911597
2025-05-14,1101,0.04207926,-0.15208910800178788
2025-05-15,1101,0.038730767,-0.14504668228638684
2025-05-16,1101,0.039019145,-0.17786306648433736
2025-05-19,1101,0.042121965,-0.17307564112091434
2025-05-20,1101,0.036992863,-0.17577782456477808
2025-05-21,1101,0.04004034,-0.20044748067252582
2025-05-22,1101,0.04562364,-0.1907190162640372
2025-05-23,1101,0.04824249,-0.1891608455949808
2025-05-26,1101,0.0545617,-0.19536049949361434
2025-05-27,1101,0.06382559,-0.17456757868395467
2025-05-28,1101,0.07921082,-0.17462234749552252
2025-05-29,1101,0.09619868,-0.1851954716434634
2025-06-02,1101,0.123308524,-0.14416750221485153
2025-06-03,1101,0.12187499,-0.1306278134485691
2025-06-04,1101,0.1206574,-0.13930860105469667
2025-06-05,1101,0.119348675,-0.16440989424721997
2025-06-06,1101,0.1326701,-0.15649115796345447
2025-03-06,1216,0.025364853,-0.046987942122176385
2025-03-07,1216,0.03643871,-0.025862068304543184
2025-03-10,1216,0.017894026,-0.049457181625190194
2025-03-11,1216,0.026673876,-0.04116223195254365
2025-03-12,1216,0.024964342,-0.04091456517279224
2025-03-13,1216,0.03125442,-0.035236932056946446
2025-03-14,1216,0.029271942,-0.042475727161981114
2025-03-17,1216,0.036928374,-0.0429447843387637
2025-03-18,1216,0.026863627,-0.05602922280613942
2025-03-19,1216,0.03681916,-0.03589109565710713
2025-03-20,1216,0.025602836,-0.02583025778452308
2025-03-21,1216,0.022049509,-0.026796583721306
2025-03-24,1216,0.02311657,-0.03170731463492993
2025-03-25,1216,0.021242479,-0.026666660797181385
2025-03-26,1216,0.02454311,-0.026731464394093796
2025-03-27,1216,0.021465778,-0.0240963780110236
2025-03-28,1216,0.02765406,-0.007290393649283078
2025-03-31,1216,0.041557133,0.01863353436803461
2025-04-01,1216,0.016868562,-0.012180264178889288
2025-04-02,1216,0.021984095,0.007325999900594127
2025-04-07,1216,0.09565518,0.11006710947619736
2025-04-08,1216,0.02499653,0.0702426607992277
2025-04-09,1216,0.08595452,0.11333332493996928
2025-04-10,1216,0.03311498,0.07142858371841743
2025-04-11,1216,0.04019529,0.08846152884238001
2025-04-14,1216,0.05750107,0.1150326818307772
2025-04-15,1216,0.06974062,0.11904762329596097
2025-04-16,1216,0.047796,0.11328124329730094
2025-04-17,1216,0.07024951,0.13624339613802872
2025-04-18,1216,0.06825298,0.14953272206248136
2025-04-21,1216,0.053775705,0.15930387808586066
2025-04-22,1216,0.044157162,0.15384615384615397
2025-04-23,1216,0.023681011,0.11354837470986578
2025-04-24,1216,0.036966544,0.11633987910381816
2025-04-25,1216,0.042549234,0.11417322223473803
2025-04-28,1216,0.03914579,0.08593749398340389
2025-04-29,1216,0.04239688,0.07692308524834957
2025-04-30,1216,0.03932691,0.07682291087877169
2025-05-02,1216,0.0334503,0.05225582124660755
2025-05-05,1216,0.022543944,0.01966222109348781
2025-05-06,1216,0.023034422,0.028640554686189867
2025-05-07,1216,0.043279,0.02606895329947445
2025-05-08,1216,0.05644109,0.01706834844597016
2025-05-09,1216,0.06383754,0.01080560133004127
2025-05-12,1216,0.042395163,0.010504830897960726
2025-05-13,1216,0.041024096,0.02577486116671235
2025-05-14,1216,0.03742931,0.028388302186165726
2025-05-15,1216,0.03317548,0.012842186318010818
2025-05-16,1216,0.036753196,0.019391179698263983
2025-05-19,1216,0.028260738,-0.014865984831411438
2025-05-20,1216,0.03387754,-0.00946648298763142
2025-05-21,1216,0.03551838,-0.009757272804402861
2025-05-22,1216,0.053930636,-0.004948593269627266
2025-05-23,1216,0.064757854,0.01036898311634471
2025-05-26,1216,0.06057273,0.008998614182716302
2025-05-27,1216,0.061154634,-0.0008851284499579171
2025-05-28,1216,0.0700873,-0.026174415148815466
2025-05-29,1216,0.08514917,-0.0001623595542601386
2025-06-02,1216,0.08409948,0.020566047698393763
2025-06-03,1216,0.07319239,0.012779643474610358
2025-06-04,1216,0.08614719,0.019205908233939528
2025-06-05,1216,0.082531616,0.018112150052753906
2025-06-06,1216,0.093245625,0.021899436096476377
2025-03-06,1301,0.07447511,-0.08549223120888272
2025-03-07,1301,0.0845204,-0.07503234591291308
2025-03-10,1301,0.08439364,-0.07938539443295067
2025-03-11,1301,0.086775884,-0.06794871855453266
2025-03-12,1301,0.10291722,-0.03795811700744911
2025-03-13,1301,0.11406022,0.006711385046590745
2025-03-14,1301,0.0563961,-0.09887359811626095
2025-03-17,1301,0.056938145,-0.12222221520008925
2025-03-18,1301,0.06391466,-0.15582822489732662
2025-03-19,1301,0.07706862,-0.14819425223782046
2025-03-20,1301,0.05926209,-0.14828430059429887
2025-03-21,1301,0.1043589,-0.09859154966504735
2025-03-24,1301,0.11159606,-0.09314359360198465
2025-03-25,1301,0.124344185,-0.07189543270916554
2025-03-26,1301,0.12347826,-0.08560309093235607
2025-03-27,1301,0.119814664,-0.10526313575943269
2025-03-28,1301,0.14185232,-0.05066665880367527
2025-03-31,1301,0.16507618,-0.016393455921787203
2025-04-01,1301,0.11655487,-0.040951131750789904
2025-04-02,1301,0.112380594,-0.049738237996995505
2025-04-07,1301,0.1706338,0.023255813261339187
2025-04-08,1301,0.14694163,-0.012838790336007988
2025-04-09,1301,0.21427079,0.08056874705508221
2025-04-10,1301,0.08838299,-0.008620682046470152
2025-04-11,1301,0.08563723,-0.022988505070797305
2025-04-14,1301,0.06604163,0.009901000709061858
2025-04-15,1301,0.037121575,-0.002444495481729536
2025-04-16,1301,0.03412095,0.0028726354101253904
2025-04-17,1301,0.05089297,0.07848513520010347
2025-04-18,1301,0.05175928,0.11004615134773599
2025-04-21,1301,0.07578139,0.14024728025248168
2025-04-22,1301,0.06412858,0.14006544042037583
2025-04-23,1301,0.026795138,0.14364717377663516
2025-04-24,1301,0.06378939,0.17057967519157202
2025-04-25,1301,0.07244028,0.1673761947738046
2025-04-28,1301,0.08517699,0.1999672617334578
2025-04-29,1301,0.05819276,0.13896197752523443
2025-04-30,1301,0.07452682,0.27223011438917744
2025-05-02,1301,0.04615863,0.24298344595332066
2025-05-05,1301,0.019789977,0.14343835812866446
2025-05-06,1301,0.02208542,0.06043209401152572
2025-05-07,1301,0.022587562,0.0349308010121101
2025-05-08,1301,0.023569036,0.09243911108614489
2025-05-09,1301,0.026566315,0.06582154045203747
2025-05-12,1301,0.026539974,0.03769429697678106
2025-05-13,1301,0.0348178,0.08322681029745849
2025-05-14,1301,0.028179057,0.09116316344889963
2025-05-15,1301,0.031053118,0.0860555600501034
2025-05-16,1301,0.03280396,0.07724968198412352
2025-05-19,1301,0.03544531,0.09401982251257968
2025-05-20,1301,0.039609365,0.11040281459747536
2025-05-21,1301,0.04046388,0.07888243660260597
2025-05-22,1301,0.06469445,0.07336647480243763
2025-05-23,1301,0.04510952,0.13138910984962116
2025-05-26,1301,0.04633175,0.13377095948462525
2025-05-27,1301,0.059822474,0.14276569471261413
2025-05-28,1301,0.04979927,0.1592940929893929
2025-05-29,1301,0.08721594,0.16911187729300736
2025-06-02,1301,0.13682806,0.19443970050717074
2025-06-03,1301,0.1147604,0.18450577998685613
2025-06-04,1301,0.096974075,0.16942456450309362
2025-06-05,1301,0.06728698,0.12508697305818672
2025-06-06,1301,0.040273543,0.08459551670517285
2025-03-06,1303,0.057467334,-0.12388059100918303
2025-03-07,1303,0.05674947,-0.11061285404184107
2025-03-10,1303,0.047908172,-0.11390533080296972
2025-03-11,1303,0.05521195,-0.12462907558841263
2025-03-12,1303,0.04933019,-0.13529410732146185
2025-03-13,1303,0.107099816,-0.06055902645690936
2025-03-14,1303,0.04472702,-0.14456036096614644
2025-03-17,1303,0.039886706,-0.1741654368957094
2025-03-18,1303,0.04265879,-0.1974063350583054
2025-03-19,1303,0.049828194,-0.20821115351767727
2025-03-20,1303,0.03967717,-0.21562952290537174
2025-03-21,1303,0.09936218,-0.1638846787712983
2025-03-24,1303,0.10373829,-0.14307691445524984
2025-03-25,1303,0.12191968,-0.10920435379962823
2025-03-26,1303,0.11830731,-0.1273292129908007
2025-03-27,1303,0.12861845,-0.14953270938160612
2025-03-28,1303,0.16596413,-0.10967743134733632
2025-03-31,1303,0.20608905,-0.055000002743997634
2025-04-01,1303,0.13890022,-0.06902086687972286
2025-04-02,1303,0.13031049,-0.0764331049468675
2025-04-07,1303,0.20131414,0.0053003635712058905
2025-04-08,1303,0.16380958,-0.02772965378941139
2025-04-09,1303,0.2252899,0.022346373211194148
2025-04-10,1303,0.0781955,-0.0745762747336941
2025-04-11,1303,0.05774421,-0.11461795450976131
2025-04-14,1303,0.029474504,-0.11201297019998468
2025-04-15,1303,0.021433845,-0.13186812902789757
2025-04-16,1303,0.019443844,-0.10914928861145723
2025-04-17,1303,0.02456103,-0.048780482091616895
2025-04-18,1303,0.024132729,-0.040783045156509545
2025-04-21,1303,0.044262115,-0.008319483507506886
2025-04-22,1303,0.024965324,-0.03143566971216605
2025-04-23,1303,0.02274692,0.03716290482143236
2025-04-24,1303,0.023233019,0.09322508330315848
2025-04-25,1303,0.02618819,0.1335345365108691
2025-04-28,1303,0.02712573,0.2443360948358031
2025-04-29,1303,0.026303606,0.18618324476238635
2025-04-30,1303,0.029261254,0.29512834494067874
2025-05-02,1303,0.028480457,0.3593209593047022
2025-05-05,1303,0.02119999,0.2897907689856931
2025-05-06,1303,0.023391211,0.21244246988786109
2025-05-07,1303,0.024519738,0.18506992793381882
2025-05-08,1303,0.026977163,0.23415997149522827
2025-05-09,1303,0.02750538,0.20965479287834454
2025-05-12,1303,0.027880082,0.19068634533457307
2025-05-13,1303,0.027168069,0.30378888330482434
2025-05-14,1303,0.025876183,0.32694448870160575
2025-05-15,1303,0.02931625,0.3871142153039162
2025-05-16,1303,0.029666813,0.3465919517167044
2025-05-19,1303,0.030938921,0.38967334853932845
2025-05-20,1303,0.032645434,0.5059632217062866
2025-05-21,1303,0.031884614,0.36378883520681593
2025-05-22,1303,0.03260268,0.35929123879966274
2025-05-23,1303,0.034310948,0.40870005217276595
2025-05-26,1303,0.036308855,0.39829434338336145
2025-05-27,1303,0.039761815,0.47207903046869837
2025-05-28,1303,0.041117527,0.5360824620416658
2025-05-29,1303,0.0759951,0.6031018164294992
2025-06-02,1303,0.117176086,0.601249624041132
2025-06-03,1303,0.09810723,0.5999701683289995
2025-06-04,1303,0.07434899,0.5488376356177835
2025-06-05,1303,0.045958243,0.41874283318187766
2025-06-06,1303,0.042141534,0.37356180251287197
2025-03-06,2002,0.046325292,-0.20206185567010315
2025-03-07,2002,0.047765292,-0.20000000000000007
2025-03-10,2002,0.04981111,-0.21052631578947367
2025-03-11,2002,0.052196383,-0.19958847736625507
2025-03-12,2002,0.052938577,-0.20496894409937894
2025-03-13,2002,0.057123274,-0.189873417721519
2025-03-14,2002,0.04660885,-0.21399176954732513
2025-03-17,2002,0.04854308,-0.20746887966804983
2025-03-18,2002,0.04736001,-0.21532091097308492
2025-03-19,2002,0.047144797,-0.22614107883817425
2025-03-20,2002,0.045068655,-0.242299794661191
2025-03-21,2002,0.052259535,-0.20588235294117652
2025-03-24,2002,0.04661999,-0.2088607594936709
2025-03-25,2002,0.048631966,-0.17748917748917759
2025-03-26,2002,0.038434662,-0.17672413793103448
2025-03-27,2002,0.030899152,-0.19829424307036259
2025-03-28,2002,0.0322676,-0.17391304347826086
2025-03-31,2002,0.03337722,-0.1607142857142858
2025-04-01,2002,0.012201656,-0.15468409586056653
2025-04-02,2002,0.0130783655,-0.15754923413566746
2025-04-07,2002,0.015054129,-0.07766990291262144
2025-04-08,2002,0.01741276,-0.0806845965770171
2025-04-09,2002,0.117213994,-0.0052631578947368585
2025-04-10,2002,-0.031944226,-0.09330143540669855
2025-04-11,2002,-0.02626599,-0.0806845965770171
2025-04-14,2002,-0.03814028,-0.10874704491725762
2025-04-15,2002,-0.04265179,-0.11475409836065575
2025-04-16,2002,-0.0367903,-0.10047846889952161
2025-04-17,2002,-0.032385048,-0.060975609756097615
2025-04-18,2002,-0.03655668,-0.06862745098039225
2025-04-21,2002,-0.034131188,-0.04000000000000015
2025-04-22,2002,-0.046229053,-0.04702970297029707
2025-04-23,2002,-0.05302887,-0.03147699757869238
2025-04-24,2002,-0.054909136,-0.025382221285354833
2025-04-25,2002,-0.053869102,-0.015780075682254924
2025-04-28,2002,-0.057892043,-0.035429327174665626
2025-04-29,2002,-0.057966072,-0.054619133376253015
2025-04-30,2002,-0.05626815,-0.025075981294260807
2025-05-02,2002,-0.057251398,-0.04462274878490269
2025-05-05,2002,-0.0526567,-0.07456483514634493
2025-05-06,2002,-0.042749885,-0.11090063676228556
2025-05-07,2002,-0.04335993,-0.09174228600209722
2025-05-08,2002,-0.032153714,-0.08131224019857053
2025-05-09,2002,-0.030747432,-0.08346878423566317
2025-05-12,2002,-0.025240641,-0.0879964377093233
2025-05-13,2002,-0.02297848,-0.08062470007459532
2025-05-14,2002,-0.019337561,-0.07780707251037466
2025-05-15,2002,-0.0133208,-0.061987583866186524
2025-05-16,2002,-0.004893873,-0.03890381775485996
2025-05-19,2002,-0.0029487088,-0.012136267368933473
2025-05-20,2002,-0.007029522,-0.0419285414888384
2025-05-21,2002,-0.0011636019,-0.02428067870456352
2025-05-22,2002,0.0074986257,0.0018607761562106084
2025-05-23,2002,0.0117490105,0.01928119388631644
2025-05-26,2002,0.014994394,0.014260043187846794
2025-05-27,2002,0.01729628,0.037112353838332224
2025-05-28,2002,0.014666185,0.019312420524692397
2025-05-29,2002,0.025646998,0.045092121266723684
2025-06-02,2002,0.050623484,0.06708608710388075
2025-06-03,2002,0.02191255,0.06167345618286135
2025-06-04,2002,0.017368158,0.056494661921708156
2025-06-05,2002,0.008578666,0.03512072914428277
2025-06-06,2002,0.0057724565,0.02457817414448371
2025-03-06,2207,0.023479648,-0.026490067183952304
2025-03-07,2207,0.022229403,-0.01990049779746561
2025-03-10,2207,0.023596708,-0.021630616537249403
2025-03-11,2207,0.031205513,-0.02500000035985661
2025-03-12,2207,0.025013192,-0.021812079658585892
2025-03-13,2207,0.019001594,-0.026666665850991422
2025-03-14,2207,0.01847108,-0.04462809805276513
2025-03-17,2207,0.017880678,-0.06045751601704519
2025-03-18,2207,0.019484706,-0.08169934697017112
2025-03-19,2207,0.02015305,-0.11525974122421112
2025-03-20,2207,0.020959128,-0.1366559477159276
2025-03-21,2207,0.027577087,-0.09756097522442475
2025-03-24,2207,0.023279697,-0.08346972122971918
2025-03-25,2207,0.019833345,-0.0795454544458778
2025-03-26,2207,0.02010121,-0.0758064521324674
2025-03-27,2207,0.02140272,-0.08885298871679559
2025-03-28,2207,0.02870829,-0.03947368301899934
2025-03-31,2207,0.030838836,-0.02818029597332139
2025-04-01,2207,0.019231506,-0.03379496413593319
2025-04-02,2207,0.020996926,-0.04249515270821924
2025-04-07,2207,0.04472825,0.05984684980148103
2025-04-08,2207,0.023024712,0.0245037333885032
2025-04-09,2207,0.041711044,0.08366681243275287
2025-04-10,2207,-0.016458567,-0.010480961977712866
2025-04-11,2207,-0.004961256,-0.022161625914837835
2025-04-14,2207,-5.9209764e-05,-0.03368498199254577
2025-04-15,2207,0.007550925,-0.03937064191957684
2025-04-16,2207,0.014954213,-0.02648966407048947
2025-04-17,2207,0.012594055,-0.034858938707712506
2025-04-18,2207,0.017471716,-0.020986625465514885
2025-04-21,2207,0.016673516,-0.03775342017254568
2025-04-22,2207,0.020183697,-0.05299547353803025
2025-04-23,2207,0.018752743,-0.03741105608010942
2025-04-24,2207,0.03693061,-0.04313835584967374
2025-04-25,2207,0.04498231,-0.047443563215764706
2025-04-28,2207,0.05057544,-0.04885993381106546
2025-04-29,2207,0.054157864,-0.05435804484047546
2025-04-30,2207,0.05912139,-0.05654281116014759
2025-05-02,2207,0.071208164,-0.07810569612781804
2025-05-05,2207,0.053487014,-0.0970780134897482
2025-05-06,2207,0.028726835,-0.12384069847188106
2025-05-07,2207,0.041611597,-0.11130995828003087
2025-05-08,2207,0.05180719,-0.09945778566915087
2025-05-09,2207,0.05503415,-0.10057329493238576
2025-05-12,2207,0.06406239,-0.11906164764567984
2025-05-13,2207,0.07640055,-0.11360692043598197
2025-05-14,2207,0.08237842,-0.1101757154493258
2025-05-15,2207,0.080602884,-0.0690807417803575
2025-05-16,2207,0.065797955,-0.07812693738527987
2025-05-19,2207,0.051263414,-0.06050856226169976
2025-05-20,2207,0.039728235,-0.04927394821236564
2025-05-21,2207,0.007221494,-0.0979912776335975
2025-05-22,2207,0.018669307,-0.09700047548072932
2025-05-23,2207,0.023886822,-0.0588221956222974
2025-05-26,2207,0.020853844,-0.06709265099684247
2025-05-27,2207,0.0256083,-0.041612156529361455
2025-05-28,2207,0.02026257,-0.06608743114620852
2025-05-29,2207,0.00984123,-0.10249227401352168
2025-06-02,2207,0.023829527,-0.05605274371651214
2025-06-03,2207,0.023946349,-0.049101654464190125
2025-06-04,2207,0.02910817,-0.0292553190276863
2025-06-05,2207,0.023079854,-0.022552950442961794
2025-06-06,2207,0.017183667,-0.022651613023857098
2025-03-06,2301,0.11033575,0.005313227842634216
2025-03-07,2301,0.10907067,0.029180547388476086
2025-03-10,2301,0.09948113,0.019562037135329335
2025-03-11,2301,0.1052997,0.048761087768405265
2025-03-12,2301,0.06734662,0.038731644224495154
2025-03-13,2301,0.10008617,0.05350033792050879
2025-03-14,2301,0.09686356,0.043790656970527975
2025-03-17,2301,0.07242176,0.038731644224495154
2025-03-18,2301,0.08697049,0.02437129335055821
2025-03-19,2301,0.10544167,0.03893581147860514
2025-03-20,2301,0.08519216,0.034146337971658225
2025-03-21,2301,0.08023034,0.048076915051352476
2025-03-24,2301,0.10376942,0.07881773760119981
2025-03-25,2301,0.08755052,0.10999999421302853
2025-03-26,2301,0.0607778,0.09852217200149971
2025-03-27,2301,0.08048682,0.08866995480134965
2025-03-28,2301,0.0804279,0.13775510257881507
2025-03-31,2301,0.17205688,0.23212321010758274
2025-04-01,2301,0.056525074,0.21951219779475917
2025-04-02,2301,0.08724329,0.19725738450668096
2025-04-07,2301,0.23129937,0.33489460800044424
2025-04-08,2301,0.27495068,0.4889466815587382
2025-04-09,2301,0.23026025,0.6270949537438464
2025-04-10,2301,0.03584732,0.49301143614928034
2025-04-11,2301,-0.076162666,0.3785046724458958
2025-04-14,2301,0.096285366,0.3245412970019157
2025-04-15,2301,0.13886146,0.3058035679788653
2025-04-16,2301,0.15393311,0.31756756764619753
2025-04-17,2301,0.15496215,0.30533485089240764
2025-04-18,2301,0.16791494,0.30337078899562786
2025-04-21,2301,0.16544189,0.30630630588694574
2025-04-22,2301,0.16007264,0.29504504412769417
2025-04-23,2301,0.16230169,0.3014460520374309
2025-04-24,2301,0.16367567,0.2958843107792677
2025-04-25,2301,0.17901239,0.28135222699740536
2025-04-28,2301,0.18501143,0.33155080757652056
2025-04-29,2301,0.17541608,0.32729210584728685
2025-04-30,2301,0.18009612,0.312500002691114
2025-05-02,2301,0.15832222,0.18407960536638157
2025-05-05,2301,0.1465815,0.20895522326671845
2025-05-06,2301,0.13889652,0.21499999338631826
2025-05-07,2301,0.06941399,0.3444108790568743
2025-05-08,2301,0.10348,0.3447927120270331
2025-05-09,2301,0.11791979,0.36815921073276314
2025-05-12,2301,0.14719126,0.3564356376888058
2025-05-13,2301,0.15449797,0.38423645044352805
2025-05-14,2301,0.1562347,0.3349514547034689
2025-05-15,2301,0.16176903,0.33009708056017106
2025-05-16,2301,0.12493822,0.2990196047640312
2025-05-19,2301,0.14410609,0.32673266617614516
2025-05-20,2301,0.16649093,0.32673266617614516
2025-05-21,2301,0.13576938,0.23858199222427623
2025-05-22,2301,0.105346695,0.21818182166463296
2025-05-23,2301,0.124923885,0.2563756367395216
2025-05-26,2301,0.13667764,0.24018510693354123
2025-05-27,2301,0.13530052,0.25018660030613527
2025-05-28,2301,0.13272133,0.23197999232865096
2025-05-29,2301,0.15065408,0.31019555036053936
2025-06-02,2301,0.16892205,0.30663065484237784
2025-06-03,2301,0.16860572,0.2812591847981156
2025-06-04,2301,0.12554327,0.20668954606696954
2025-06-05,2301,0.14014035,0.1971126443661
2025-06-06,2301,0.1571869,0.1971126443661
2025-03-06,2303,0.03646931,0.03749998246625963
2025-03-07,2303,0.036789898,0.050962648932040056
2025-03-10,2303,0.037015557,0.04883462971143815
2025-03-11,2303,0.04118283,0.05462653428696007
2025-03-12,2303,0.04159306,0.0591517913789692
2025-03-13,2303,0.043765288,0.09839815657898887
2025-03-14,2303,0.03929455,0.05790646991515791
2025-03-17,2303,0.041606188,0.09523809406890682
2025-03-18,2303,0.040301204,0.07303370253394426
2025-03-19,2303,0.04164027,0.0756207769842947
2025-03-20,2303,0.03934383,0.04097454137743828
2025-03-21,2303,0.0418158,0.07283252296473464
2025-03-24,2303,0.04254948,0.03963004132860215
2025-03-25,2303,0.041957553,0.026575319335376824
2025-03-26,2303,0.041349083,0.05857873713830841
2025-03-27,2303,0.040698044,0.050295259618819754
2025-03-28,2303,0.04119108,0.05021525918989478
2025-03-31,2303,0.042180724,0.059784230580468556
2025-04-01,2303,0.0438053,0.02864281868234797
2025-04-02,2303,0.0456805,0.02926360856014454
2025-04-07,2303,0.048838574,0.1350874243554856
2025-04-08,2303,0.05211104,0.1156103454768278
2025-04-09,2303,0.060044423,0.1712747461234656
2025-04-10,2303,0.0067312606,0.06091108499860254
2025-04-11,2303,0.015086327,0.044034082155125054
2025-04-14,2303,0.018935751,0.03691755496211191
2025-04-15,2303,0.01957478,0.03716482706197932
2025-04-16,2303,0.023476364,0.029028090415155194
2025-04-17,2303,0.024685971,0.05127592752291377
2025-04-18,2303,0.021215782,0.044126705735257454
2025-04-21,2303,0.019972255,0.060894410986831016
2025-04-22,2303,0.015912674,0.03331295513343169
2025-04-23,2303,0.0151386,0.036227549819711324
2025-04-24,2303,0.0230974,0.06700555354134186
2025-04-25,2303,0.013804533,0.03713417920090789
2025-04-28,2303,0.014936324,0.03135949034136143
2025-04-29,2303,0.017302554,0.013634110470507999
2025-04-30,2303,0.01818503,0.0021397228146133873
2025-05-02,2303,0.017564833,-0.031058838866022564
2025-05-05,2303,0.020627921,-0.029969215726898812
2025-05-06,2303,0.022814434,-0.033930177037794884
2025-05-07,2303,0.02215737,-0.03666711232455655
2025-05-08,2303,0.024039075,-0.043547595922474036
2025-05-09,2303,0.020864997,-0.055808398287777505
2025-05-12,2303,0.017563082,-0.0718109313627836
2025-05-13,2303,0.019922476,-0.07609178261037863
2025-05-14,2303,0.019501591,-0.07927520927649412
2025-05-15,2303,0.01985698,-0.0867258651643169
2025-05-16,2303,0.021713348,-0.09134415934468931
2025-05-19,2303,0.025006922,-0.08147498451730306
2025-05-20,2303,0.025241533,-0.10119273165661435
2025-05-21,2303,0.02122075,-0.11806484160259412
2025-05-22,2303,0.029304272,-0.09798268217825512
2025-05-23,2303,0.034650773,-0.08277877295381053
2025-05-26,2303,0.03772183,-0.08236012729050202
2025-05-27,2303,0.042494867,-0.06157369624344322
2025-05-28,2303,0.03895823,-0.05423376215469733
2025-05-29,2303,0.056977212,-0.06752017947138533
2025-06-02,2303,0.05023396,-0.0794283834228997
2025-06-03,2303,0.049861,-0.08752629650256649
2025-06-04,2303,0.052730437,-0.05591901849453951
2025-06-05,2303,0.051480584,-0.0388475903340586
2025-06-06,2303,0.06288263,-0.03243991269092539
2025-03-06,2308,0.01340466,0.03650586536912459
2025-03-07,2308,0.033681642,0.0720000021608107
2025-03-10,2308,0.028037706,0.07057257056346766
2025-03-11,2308,0.04079851,0.07827260409647874
2025-03-12,2308,-0.059185077,0.02709677362460927
2025-03-13,2308,0.007186819,0.03088802910864552
2025-03-14,2308,0.032374363,0.062157682675071824
2025-03-17,2308,-0.02158508,0.034580009510934095
2025-03-18,2308,0.0056188814,0.027966961461546314
2025-03-19,2308,0.04168282,0.042549628564301445
2025-03-20,2308,0.028969325,0.03460134653327085
2025-03-21,2308,0.028872594,0.0717627347521601
2025-03-24,2308,0.045397148,0.09957569312624459
2025-03-25,2308,0.04541145,0.09048829258030877
2025-03-26,2308,0.021824414,0.08156031558571675
2025-03-27,2308,0.049966414,0.07231348626848288
2025-03-28,2308,0.056738336,0.1570085591679855
2025-03-31,2308,0.06471105,0.21427890775502556
2025-04-01,2308,0.002444964,0.25920534752531266
2025-04-02,2308,0.028325595,0.2588081350062721
2025-04-07,2308,0.1846689,0.3753906371768079
2025-04-08,2308,0.1750607,0.5066615299557566
2025-04-09,2308,0.2726957,0.6364451725639704
2025-04-10,2308,0.06363131,0.5918419045638994
2025-04-11,2308,-0.10202514,0.467439169082807
2025-04-14,2308,-0.007827837,0.45883100363033624
2025-04-15,2308,0.0072755404,0.521294408817718
2025-04-16,2308,0.050122183,0.5878144673181225
2025-04-17,2308,0.043485712,0.6097519699201321
2025-04-18,2308,0.020298239,0.6214542680311841
2025-04-21,2308,0.064047486,0.6800043985906603
2025-04-22,2308,0.057432566,0.6842767572121846
2025-04-23,2308,-0.08040607,0.6062225119432694
2025-04-24,2308,0.00044574589,0.6147465240560741
2025-04-25,2308,0.00042873994,0.5921239063615795
2025-04-28,2308,-0.009662721,0.5603110012511825
2025-04-29,2308,0.014279585,0.5715860686333609
2025-04-30,2308,0.05211247,0.6174758865371832
2025-05-02,2308,-0.06401926,0.6301875821574094
2025-05-05,2308,0.0050981306,0.6716759052263968
2025-05-06,2308,0.039569747,0.6811947614238754
2025-05-07,2308,0.04676118,0.769581000799552
2025-05-08,2308,0.02999489,0.6990511147976541
2025-05-09,2308,0.052856628,0.6954080036114618
2025-05-12,2308,0.07298316,0.7522476699751128
2025-05-13,2308,0.067119196,0.7645364887814008
2025-05-14,2308,0.07102555,0.756506948694095
2025-05-15,2308,0.076688275,0.8542715888830932
2025-05-16,2308,0.086012125,0.8380557341886368
2025-05-19,2308,0.08452703,0.9234250789549339
2025-05-20,2308,0.084210694,0.915838255066828
2025-05-21,2308,0.033345204,0.7774334904609406
2025-05-22,2308,0.061983358,0.6828523038974359
2025-05-23,2308,0.07671149,0.7658027286567126
2025-05-26,2308,0.08234911,0.8240538303891414
2025-05-27,2308,0.08488914,0.8721779937563889
2025-05-28,2308,0.07999611,0.8842851713652997
2025-05-29,2308,0.062105905,0.9593800360437661
2025-06-02,2308,0.07889931,0.9635712987824794
2025-06-03,2308,0.013181839,0.9068459298554394
2025-06-04,2308,0.007334091,0.8000999534818478
2025-06-05,2308,0.009785052,0.7517223965856861
2025-06-06,2308,0.061031435,0.7477186076093705
2025-03-06,2317,0.041347004,-0.10951009021319569
2025-03-07,2317,0.046998095,-0.09593023329762751
2025-03-10,2317,0.04690839,-0.09302325841117975
2025-03-11,2317,0.055773433,-0.06528190168448222
2025-03-12,2317,0.039847117,-0.08211143460070103
2025-03-13,2317,0.045312498,-0.07738094769241588
2025-03-14,2317,0.03684348,-0.08823529411764708
2025-03-17,2317,0.044249646,-0.07142857052111284
2025-03-18,2317,0.041621465,-0.08059701454500456
2025-03-19,2317,0.05448795,-0.0518292677768728
2025-03-20,2317,0.037629124,-0.06024096408778601
2025-03-21,2317,0.042989697,-0.027272729213038915
2025-03-24,2317,0.04653643,-0.0061349654290480116
2025-03-25,2317,0.03498577,-0.012121217295376407
2025-03-26,2317,0.038284156,-0.006024092551532689
2025-03-27,2317,0.049130358,0.0031152628090089785
2025-03-28,2317,0.060763847,0.07467532557528367
2025-03-31,2317,0.06869468,0.1498872054649878
2025-04-01,2317,0.03195807,0.11813267921530568
2025-04-02,2317,0.048793614,0.08695252751654525
2025-04-07,2317,0.11094509,0.20467301795200332
2025-04-08,2317,0.2537201,0.3181966169386141
2025-04-09,2317,0.31125224,0.4830863435479722
2025-04-10,2317,0.09507978,0.3551852043555457
2025-04-11,2317,-0.030252341,0.24435221950070152
2025-04-14,2317,-0.02077755,0.2009318001272884
2025-04-15,2317,0.019898195,0.2108949861648306
2025-04-16,2317,0.04004265,0.2382477259028637
2025-04-17,2317,0.05355667,0.2636146315689518
2025-04-18,2317,0.08010697,0.2657612138705283
2025-04-21,2317,0.1055398,0.2526921997964384
2025-04-22,2317,0.07179883,0.27184493585657177
2025-04-23,2317,0.075299874,0.23761729739580173
2025-04-24,2317,0.10162465,0.32102086225478565
2025-04-25,2317,0.117419764,0.3009892671194274
2025-04-28,2317,0.1297906,0.2799437566972025
2025-04-29,2317,0.15244666,0.2428570244128445
2025-04-30,2317,0.16377212,0.2560321787697768
2025-05-02,2317,0.13797852,0.2506076003672171
2025-05-05,2317,0.12127544,0.3199419997960766
2025-05-06,2317,0.13448314,0.27765245214096246
2025-05-07,2317,0.14619409,0.31862543731671833
2025-05-08,2317,0.15654756,0.32024086526315654
2025-05-09,2317,0.16980793,0.37118278598814114
2025-05-12,2317,0.13987146,0.31741091746615635
2025-05-13,2317,0.087474436,0.29867711541841
2025-05-14,2317,0.08286442,0.25248261222608503
2025-05-15,2317,0.06057742,0.2897124937877409
2025-05-16,2317,0.093821704,0.30851557795348694
2025-05-19,2317,0.09078318,0.39297302697956216
2025-05-20,2317,0.10746017,0.41316104095945194
2025-05-21,2317,0.12187263,0.39067202557454905
2025-05-22,2317,0.121974885,0.3580508411476375
2025-05-23,2317,0.13991258,0.38624368667637077
2025-05-26,2317,0.15237992,0.37159748702478246
2025-05-27,2317,0.1607599,0.414710556121761
2025-05-28,2317,0.16497743,0.4249373789791653
2025-05-29,2317,0.14101996,0.38175746697947677
2025-06-02,2317,0.12600854,0.3998788714975252
2025-06-03,2317,0.14594238,0.39201802991355383
2025-06-04,2317,0.15242517,0.3186483502566537
2025-06-05,2317,0.15797067,0.32288837440018203
2025-06-06,2317,0.15871435,0.3580508411476375
2025-03-06,2327,0.006319251,-0.07366482575848032
2025-03-07,2327,0.006300088,-0.07102803415399195
2025-03-10,2327,0.007500928,-0.05809523944420891
2025-03-11,2327,0.006391268,-0.06704980722649034
2025-03-12,2327,-0.00626247,-0.08437109922923203
2025-03-13,2327,0.00042049214,-0.04023928736454385
2025-03-14,2327,-0.0055177137,-0.05088826062665863
2025-03-17,2327,-0.008982196,-0.06324041231038557
2025-03-18,2327,-0.013558451,-0.10973511126651914
2025-03-19,2327,-0.007812589,-0.10206523138624235
2025-03-20,2327,-0.013191309,-0.11902477510968246
2025-03-21,2327,-0.010622572,-0.07358654295419842
2025-03-24,2327,-0.0071007535,-0.048894324603986794
2025-03-25,2327,-0.009288605,-0.043076785586173116
2025-03-26,2327,-0.012918245,-0.034893533664281384
2025-03-27,2327,-0.011348654,-0.04391138434779529
2025-03-28,2327,-0.0005184822,0.0009090091158916458
2025-03-31,2327,0.011999648,0.07643114977194854
2025-04-01,2327,-0.005558446,0.06630881988566939
2025-04-02,2327,-0.013469607,-0.02696107655242208
2025-04-07,2327,-0.007433936,0.07271648393961705
2025-04-08,2327,0.013242554,0.17455200982589858
2025-04-09,2327,0.022136662,0.32343189117984994
2025-04-10,2327,-0.0057613477,0.20722509546659307
2025-04-11,2327,-0.017513927,0.15948979443064704
2025-04-14,2327,-0.02561802,0.12703709900917004
2025-04-15,2327,-0.028534297,0.12616258987826168
2025-04-16,2327,-0.024734978,0.16333096308492134
2025-04-17,2327,-0.031138975,0.16376704847729728
2025-04-18,2327,-0.029807959,0.17346636594994358
2025-04-21,2327,-0.026814412,0.2103394169688697
2025-04-22,2327,-0.027622264,0.2078610282505704
2025-04-23,2327,-0.039198477,0.21835181313666174
2025-04-24,2327,-0.033910792,0.24764658439112974
2025-04-25,2327,-0.039787117,0.2120571827979152
2025-04-28,2327,-0.038761575,0.21131818024792737
2025-04-29,2327,-0.036996726,0.20891052225502627
2025-04-30,2327,-0.03183202,0.1882315673241679
2025-05-02,2327,-0.033186723,0.19115964497425364
2025-05-05,2327,-0.027526554,0.2518563696357974
2025-05-06,2327,-0.028664801,0.23023639718079214
2025-05-07,2327,-0.023491692,0.2745657930469527
2025-05-08,2327,-0.025227677,0.21588181893901348
2025-05-09,2327,-0.023711186,0.2235532200720216
2025-05-12,2327,-0.027010437,0.17183602574879098
2025-05-13,2327,-0.022812981,0.17629966547782128
2025-05-14,2327,-0.02244619,0.15349386668986909
2025-05-15,2327,-0.017811257,0.16438302002622107
2025-05-16,2327,-0.017455947,0.19778472293438099
2025-05-19,2327,-0.010177605,0.20359564502217076
2025-05-20,2327,-0.009847175,0.19618339947350316
2025-05-21,2327,-0.0147159435,0.16864815882165574
2025-05-22,2327,-0.012699012,0.19241232639080952
2025-05-23,2327,-0.00939095,0.17074082794234857
2025-05-26,2327,-0.01080991,0.16761848810272473
2025-05-27,2327,-0.011249371,0.17562910381048957
2025-05-28,2327,-0.014320068,0.16538554862046184
2025-05-29,2327,-0.015130263,0.1492374322320078
2025-06-02,2327,-0.010772195,0.19740001070396263
2025-06-03,2327,-0.014252361,0.18629550468981315
2025-06-04,2327,-0.017685737,0.1770517531174769
2025-06-05,2327,-0.012781821,0.1512805130666497
2025-06-06,2327,-0.010404408,0.2805529752880964
2025-03-06,2330,-0.001368396,0.004660796970564984
2025-03-07,2330,0.0064320303,0.044647296651084245
2025-03-10,2330,0.013641305,0.07210796482658588
2025-03-11,2330,0.05248715,0.08581403664130316
2025-03-12,2330,0.009079788,0.05181333177916181
2025-03-13,2330,0.029823504,0.07165487327368414
2025-03-14,2330,0.031459335,0.09940086488262145
2025-03-17,2330,0.0217169,0.09733470870585159
2025-03-18,2330,0.02765308,0.07043439322569833
2025-03-19,2330,0.03907536,0.11289565267109958
2025-03-20,2330,0.003567677,0.03992705294014787
2025-03-21,2330,0.030644713,0.0848307052877606
2025-03-24,2330,0.045659207,0.10549414752257236
2025-03-25,2330,-0.0140200965,0.09046618974463638
2025-03-26,2330,0.03397666,0.10671708499468813
2025-03-27,2330,0.038816743,0.11116688727854585
2025-03-28,2330,0.025480427,0.14454197437069083
2025-03-31,2330,0.12749301,0.19736698874963343
2025-04-01,2330,-0.0073681027,0.1595605692380515
2025-04-02,2330,0.027712114,0.15669210188354588
2025-04-07,2330,0.15203899,0.27898908403646216
2025-04-08,2330,0.2562517,0.32914552004938
2025-04-09,2330,0.18732461,0.3944269779278775
2025-04-10,2330,0.09479138,0.28003199204963325
2025-04-11,2330,-0.030147325,0.2425957369201457
2025-04-14,2330,0.009215809,0.2712675064849075
2025-04-15,2330,0.001108978,0.27104907810254386
2025-04-16,2330,0.025237245,0.3272455064398334
2025-04-17,2330,0.020349104,0.3397814741789307
2025-04-18,2330,0.015223499,0.36458939952659253
2025-04-21,2330,0.025764193,0.38308954893118763
2025-04-22,2330,0.034947228,0.3906800349357642
2025-04-23,2330,-0.0612985,0.31713465973302135
2025-04-24,2330,0.030445602,0.33085481148514817
2025-04-25,2330,-0.09362413,0.29488576347414486
2025-04-28,2330,0.017813869,0.2818935980533117
2025-04-29,2330,0.033555143,0.26365423997470905
2025-04-30,2330,0.021789875,0.27742399729355416
2025-05-02,2330,-0.13225876,0.22623390192862214
2025-05-05,2330,0.0044492446,0.22050889122066564
2025-05-06,2330,0.055633914,0.23893057035994247
2025-05-07,2330,0.011269234,0.24448251486949735
2025-05-08,2330,0.06427433,0.23069029644861883
2025-05-09,2330,-0.11715105,0.24869027672256383
2025-05-12,2330,0.02015598,0.2330050740030425
2025-05-13,2330,-0.028956722,0.22291751475675436
2025-05-14,2330,-0.13651451,0.18619326511673218
2025-05-15,2330,0.02477235,0.21358704776540516
2025-05-16,2330,0.052579764,0.18235055667526745
2025-05-19,2330,0.045346003,0.2042754794978192
2025-05-20,2330,0.051293623,0.21166367336926672
2025-05-21,2330,0.023006774,0.20204877629624507
2025-05-22,2330,0.056115825,0.1607088836665298
2025-05-23,2330,0.044493243,0.1736583064655315
2025-05-26,2330,0.07667221,0.16784438981809213
2025-05-27,2330,0.0454632,0.21757993683582044
2025-05-28,2330,0.04029598,0.2202542455248815
2025-05-29,2330,0.024732083,0.23583195867955942
2025-06-02,2330,0.044033542,0.23141882293288152
2025-06-03,2330,0.03122205,0.22623390192862214
2025-06-04,2330,-0.1824108,0.18176103300652313
2025-06-05,2330,0.013003837,0.16725671936065578
2025-06-06,2330,0.06301263,0.17077608610894335
2025-03-06,2345,0.035400618,0.06043165546277063
2025-03-07,2345,0.053957682,0.1873111780951635
2025-03-10,2345,0.046524744,0.24036980049036538
2025-03-11,2345,0.062289212,0.25394321685909516
2025-03-12,2345,0.061789952,0.24726134601664684
2025-03-13,2345,0.03151297,0.21076923137587977
2025-03-14,2345,0.046380144,0.17214397463337283
2025-03-17,2345,-0.0067499094,0.11791730387063493
2025-03-18,2345,0.042730603,0.07196401690480325
2025-03-19,2345,0.101934195,0.10714285725522177
2025-03-20,2345,0.09087544,0.11214953179592202
2025-03-21,2345,-0.09431559,0.09049773736296518
2025-03-24,2345,0.10703854,0.15552099499132632
2025-03-25,2345,0.02562749,0.12746585743195182
2025-03-26,2345,0.109102964,0.11755725265458472
2025-03-27,2345,0.10288794,0.15141955774969063
2025-03-28,2345,0.0990192,0.250819672378904
2025-03-31,2345,0.10904375,0.3333333339196063
2025-04-01,2345,0.04328417,0.3259762312590151
2025-04-02,2345,0.08918798,0.30390492331606134
2025-04-07,2345,0.20975024,0.38983050902430194
2025-04-08,2345,0.2350533,0.589958159767318
2025-04-09,2345,0.21451443,0.8298850574016643
2025-04-10,2345,0.0100064315,0.6990595612148074
2025-04-11,2345,-0.060827624,0.5658153236097696
2025-04-14,2345,-0.008978937,0.4495238102001151
2025-04-15,2345,0.03223163,0.4212454224755964
2025-04-16,2345,0.084741086,0.47600767758050866
2025-04-17,2345,0.08149418,0.46080305763637064
2025-04-18,2345,0.09927545,0.519999999768439
2025-04-21,2345,0.11960259,0.5671936761821303
2025-04-22,2345,0.119344175,0.5888429737275749
2025-04-23,2345,-0.12946667,0.5325443800579364
2025-04-24,2345,0.06911355,0.4980620158995863
2025-04-25,2345,-0.16370338,0.4365942038860162
2025-04-28,2345,0.05240496,0.5333333338200983
2025-04-29,2345,-0.14986627,0.42474916321101874
2025-04-30,2345,0.0711502,0.4377544767862567
2025-05-02,2345,-0.10167369,0.4551804566184654
2025-05-05,2345,0.07212493,0.4633372957770441
2025-05-06,2345,-0.06614657,0.40529076028740585
2025-05-07,2345,0.069851585,0.4442797142710109
2025-05-08,2345,0.10276723,0.40861848728779604
2025-05-09,2345,-0.10011639,0.48311212622167066
2025-05-12,2345,0.07787941,0.4865516184336982
2025-05-13,2345,0.08114277,0.5173880486643483
2025-05-14,2345,-0.09102397,0.4391939558899498
2025-05-15,2345,0.11513728,0.46224896728911546
2025-05-16,2345,0.12238759,0.464437785942178
2025-05-19,2345,0.11729057,0.48728717148698575
2025-05-20,2345,0.1120089,0.5541563076992222
2025-05-21,2345,-0.106137335,0.39901477905842686
2025-05-22,2345,0.081189826,0.30350492827193465
2025-05-23,2345,0.11791688,0.32565521091389993
2025-05-26,2345,0.106717326,0.3098966805058181
2025-05-27,2345,0.12067616,0.3517096242772051
2025-05-28,2345,0.056486696,0.3503140663277544
2025-05-29,2345,0.06892286,0.3367212258568584
2025-06-02,2345,0.12372613,0.37499364537045055
2025-06-03,2345,0.11102866,0.42027052803679643
2025-06-04,2345,0.0766512,0.30470287268276075
2025-06-05,2345,0.10485503,0.3309627821965029
2025-06-06,2345,0.122731596,0.35918018947849006
2025-03-06,2357,0.08088912,-0.04154302668654053
2025-03-07,2357,0.10634121,0.0
2025-03-10,2357,0.096861236,0.03211009171959134
2025-03-11,2357,0.08278979,0.04281345562612193
2025-03-12,2357,0.1950739,0.1400000000745425
2025-03-13,2357,0.06785238,0.1233552626648613
2025-03-14,2357,0.06217961,0.15131578977615878
2025-03-17,2357,0.02394842,0.12980769150651073
2025-03-18,2357,-0.05331153,0.07469512198759576
2025-03-19,2357,0.055271104,0.058914727676980805
2025-03-20,2357,0.040762354,0.04307692308750899
2025-03-21,2357,0.055464383,0.14615384717274238
2025-03-24,2357,0.06290114,0.10935023743708205
2025-03-25,2357,0.054439493,0.0677079612570115
2025-03-26,2357,0.02100893,0.04290336822648899
2025-03-27,2357,0.047963202,0.05762011932822286
2025-03-28,2357,0.051857624,0.06414826093947812
2025-03-31,2357,0.1435749,0.14252183217700454
2025-04-01,2357,0.094029695,0.09563070497006643
2025-04-02,2357,0.09835446,0.08759421615803786
2025-04-07,2357,0.23478544,0.22300609504784386
2025-04-08,2357,0.28242326,0.3577863577863578
2025-04-09,2357,0.3635352,0.527718194384861
2025-04-10,2357,0.051829167,0.3912881944954685
2025-04-11,2357,0.0143949315,0.3179194815708164
2025-04-14,2357,0.04459489,0.22364061370265942
2025-04-15,2357,0.074127614,0.19480048330394517
2025-04-16,2357,0.13906838,0.20690310563728276
2025-04-17,2357,0.14239785,0.23880786973538237
2025-04-18,2357,0.13393413,0.23687223243892075
2025-04-21,2357,0.14094338,0.26680352707160937
2025-04-22,2357,0.14338991,0.2789156339853871
2025-04-23,2357,-0.000874009,0.23493659514245935
2025-04-24,2357,0.06562938,0.25005520299518946
2025-04-25,2357,-0.054241102,0.16487045326603966
2025-04-28,2357,0.07705599,0.1934747777264465
2025-04-29,2357,0.08735339,0.16763521264036996
2025-04-30,2357,0.10494781,0.18333851125061384
2025-05-02,2357,0.08711718,0.17931490748990164
2025-05-05,2357,0.094483554,0.21556338913875095
2025-05-06,2357,0.070608184,0.1907137123324476
2025-05-07,2357,0.0701132,0.19614564091174413
2025-05-08,2357,0.083528504,0.20322342576921004
2025-05-09,2357,0.08949564,0.1907256093302605
2025-05-12,2357,0.100105956,0.18526486654293106
2025-05-13,2357,0.109964095,0.14440098022795356
2025-05-14,2357,0.09087067,0.1034346246183162
2025-05-15,2357,0.11908078,0.07113482964150686
2025-05-16,2357,0.12944154,0.06265571645575885
2025-05-19,2357,0.13494945,0.06966870306922646
2025-05-20,2357,0.13992074,0.052714105979440484
2025-05-21,2357,0.12153487,0.05941929244230293
2025-05-22,2357,0.13947034,0.03940966230197529
2025-05-23,2357,0.13987377,0.05781022206901376
2025-05-26,2357,0.13990082,0.040993147051912926
2025-05-27,2357,0.12958257,0.09426861100346628
2025-05-28,2357,0.11123446,0.08331271413803609
2025-05-29,2357,0.09638128,0.06786786732202765
2025-06-02,2357,0.10589017,0.07132856356510331
2025-06-03,2357,0.08384677,0.041166558147264
2025-06-04,2357,0.07517293,0.019750157425880266
2025-06-05,2357,0.094819844,0.013396574648518511
2025-06-06,2357,0.10545748,0.01846032053368063
2025-03-06,2379,0.06057289,-0.012567324122906398
2025-03-07,2379,0.075335756,0.0
2025-03-10,2379,0.08314164,0.01627486437956205
2025-03-11,2379,0.05638686,-0.008928571629380766
2025-03-12,2379,0.08345711,-0.007220216394476342
2025-03-13,2379,0.11703327,0.022304834033667564
2025-03-14,2379,0.08608052,0.03531598559425686
2025-03-17,2379,0.07349026,0.03364485982041798
2025-03-18,2379,0.029356819,0.0164533820981263
2025-03-19,2379,0.05148745,0.01663585951223645
2025-03-20,2379,0.016251389,-0.01624548736120135
2025-03-21,2379,0.028414428,-0.016071428558041334
2025-03-24,2379,0.04897667,0.0053956847162326405
2025-03-25,2379,0.043771703,-0.003558717824420965
2025-03-26,2379,0.046841715,0.005347594833474689
2025-03-27,2379,0.08625908,0.04036697225444863
2025-03-28,2379,0.062393438,0.023722627534516372
2025-03-31,2379,0.12199867,0.10516252429963369
2025-04-01,2379,0.07111645,0.09523809552369045
2025-04-02,2379,0.043032512,0.09811320869051676
2025-04-07,2379,0.18965733,0.1928721183783484
2025-04-08,2379,0.17982782,0.2475027741129867
2025-04-09,2379,0.14601937,0.3045454541768067
2025-04-10,2379,-0.11558591,0.19214876196144748
2025-04-11,2379,-0.08005357,0.13111546182799683
2025-04-14,2379,0.0679446,0.15999999949621002
2025-04-15,2379,0.066406064,0.13690476259891726
2025-04-16,2379,0.084752604,0.1643286578204406
2025-04-17,2379,0.054648887,0.14960629901737943
2025-04-18,2379,0.07241638,0.15841584104913964
2025-04-21,2379,0.07371473,0.13806706238933675
2025-04-22,2379,0.108677804,0.17338709692777798
2025-04-23,2379,-0.032840293,0.11434108557484657
2025-04-24,2379,0.08232938,0.1304347817970386
2025-04-25,2379,-0.047296096,0.08952381047198577
2025-04-28,2379,0.06271865,0.09923664024281775
2025-04-29,2379,0.083372235,0.10982658884724938
2025-04-30,2379,0.07191132,0.10114503763279115
2025-05-02,2379,0.08875928,0.13861386039841173
2025-05-05,2379,0.09133352,0.10220440954263155
2025-05-06,2379,0.07669747,0.09109109132456061
2025-05-07,2379,0.055038102,0.11133200893128992
2025-05-08,2379,0.038664464,0.055009823628332066
2025-05-09,2379,0.036461182,0.04483430821952861
2025-05-12,2379,0.06360234,0.05686274391571766
2025-05-13,2379,0.028636124,0.02500000181655082
2025-05-14,2379,0.04916481,0.021153847069884657
2025-05-15,2379,0.06374174,0.03481624759005841
2025-05-16,2379,0.064840525,0.048262547351157314
2025-05-19,2379,0.0861078,0.05263157894736836
2025-05-20,2379,0.062316686,0.04046242704429637
2025-05-21,2379,0.051171552,0.013333334452866774
2025-05-22,2379,0.060010716,-0.01136363701870946
2025-05-23,2379,0.09175655,0.013513512609945488
2025-05-26,2379,0.02654935,-0.01320754629548715
2025-05-27,2379,0.08253008,0.024952015142421624
2025-05-28,2379,-0.04507756,0.009276438068240411
2025-05-29,2379,0.021002397,0.0073937151232115195
2025-06-02,2379,0.080086336,0.03809523900914291
2025-06-03,2379,-0.004660286,-0.016574585646038087
2025-06-04,2379,0.058393944,0.0018484292658134116
2025-06-05,2379,0.05682537,0.0018315003352247228
2025-06-06,2379,0.078309864,-0.0018416191239737367
2025-03-06,2382,0.028113294,0.05950095696016389
2025-03-07,2382,0.061527032,0.0988372087120819
2025-03-10,2382,0.05364416,0.08429118487876863
2025-03-11,2382,0.04058623,0.12573673778941097
2025-03-12,2382,0.04662556,0.10789980816192624
2025-03-13,2382,0.033976987,0.11067961293826856
2025-03-14,2382,0.029095452,0.10331384027537882
2025-03-17,2382,0.052984837,0.10980391816891877
2025-03-18,2382,0.060820524,0.07514450839046916
2025-03-19,2382,0.03926504,0.10256410214020883
2025-03-20,2382,0.06808068,0.09727626782740262
2025-03-21,2382,0.07649349,0.13085937542364845
2025-03-24,2382,0.0457107,0.17434870002035674
2025-03-25,2382,0.038702816,0.1623246500054807
2025-03-26,2382,0.06308214,0.13293650815098546
2025-03-27,2382,0.04328459,0.16908704382857076
2025-03-28,2382,0.0381069,0.2215996025149649
2025-03-31,2382,0.0636362,0.316049938830979
2025-04-01,2382,0.01482508,0.2536658027580996
2025-04-02,2382,0.048970226,0.2500531553628158
2025-04-07,2382,0.103927955,0.38197466398408597
2025-04-08,2382,0.08757867,0.48812609417616915
2025-04-09,2382,0.089886785,0.6199830401862503
2025-04-10,2382,0.060811333,0.45930537726876675
2025-04-11,2382,-0.07969956,0.32725685649831604
2025-04-14,2382,-0.09755032,0.2384073697066551
2025-04-15,2382,-0.02185313,0.24300257330482467
2025-04-16,2382,-0.001823023,0.25770925000337397
2025-04-17,2382,-0.010394249,0.23447148187528244
2025-04-18,2382,0.019153986,0.243157079355939
2025-04-21,2382,0.032740656,0.23511942455519552
2025-04-22,2382,0.0041367337,0.23052767881691882
2025-04-23,2382,-0.01278678,0.17922701334900593
2025-04-24,2382,-0.0053876303,0.22536099123413655
2025-04-25,2382,0.0049298145,0.19706031411798897
2025-04-28,2382,-0.020585697,0.1631679465740541
2025-04-29,2382,0.023088325,0.15571739573899657
2025-04-30,2382,0.0380429,0.18608274231818678
2025-05-02,2382,-0.020512965,0.1750173627077154
2025-05-05,2382,0.0027369633,0.2113441383983714
2025-05-06,2382,0.004154954,0.15907678849075202
2025-05-07,2382,0.032868337,0.18795058749230087
2025-05-08,2382,0.04901262,0.20184215866581878
2025-05-09,2382,0.030076858,0.1804567501682559
2025-05-12,2382,0.03031135,0.177403155429108
2025-05-13,2382,0.011310108,0.1596750451362523
2025-05-14,2382,0.017073955,0.07233605002030097
2025-05-15,2382,0.008107685,0.02505331098392416
2025-05-16,2382,0.009713892,0.03056213346919523
2025-05-19,2382,0.0148017295,0.06543077851724144
2025-05-20,2382,0.014755238,0.05753481189359011
2025-05-21,2382,0.020377923,0.032298974768036226
2025-05-22,2382,-0.004663255,0.0163731446955222
2025-05-23,2382,0.044495072,0.02786349833047974
2025-05-26,2382,0.061083313,0.020083277231055074
2025-05-27,2382,0.06274778,0.055583913651093164
2025-05-28,2382,0.022794921,0.03212714631765112
2025-05-29,2382,0.007067781,0.03805903366860752
2025-06-02,2382,0.043120544,0.02837604595943999
2025-06-03,2382,0.049618926,8.340124090122636e-05
2025-06-04,2382,0.01202606,-0.042096986198391084
2025-06-05,2382,0.019849189,-0.05650594107043305
2025-06-06,2382,-0.003966745,-0.037704426028954185
2025-03-06,2383,-0.02877542,0.35986732999986604
2025-03-07,2383,0.004182335,0.5344827603975704
2025-03-10,2383,-0.0064444058,0.528896671708897
2025-03-11,2383,-0.008266095,0.5239786850342609
2025-03-12,2383,-0.06014945,0.5008726022282284
2025-03-13,2383,-0.022483375,0.5155172424845904
2025-03-14,2383,0.037075225,0.4948275881674886
2025-03-17,2383,0.039131273,0.44197952091271886
2025-03-18,2383,-0.08851415,0.394389438899754
2025-03-19,2383,0.056305446,0.4324786317355718
2025-03-20,2383,0.060274336,0.43053173316371174
2025-03-21,2383,-0.01052488,0.44537815118896096
2025-03-24,2383,-0.03423715,0.42052980293520936
2025-03-25,2383,0.01584972,0.3993453344381648
2025-03-26,2383,0.08235226,0.4266886333343609
2025-03-27,2383,0.08278127,0.48235294065563594
2025-03-28,2383,0.07824984,0.5384615389944105
2025-03-31,2383,0.14495489,0.6568807333275808
2025-04-01,2383,0.08018379,0.7027522931823169
2025-04-02,2383,0.06436972,0.7514231510469107
2025-04-07,2383,0.1287628,0.8988408851017571
2025-04-08,2383,0.071562454,1.1084070822891112
2025-04-09,2383,0.16703261,1.3513513511495208
2025-04-10,2383,0.12515606,1.1385474830663376
2025-04-11,2383,-0.012078188,0.9126016272132709
2025-04-14,2383,-0.039833862,0.7984496141686539
2025-04-15,2383,0.050584644,0.7830882357597075
2025-04-16,2383,0.055757515,0.9013539663360237
2025-04-17,2383,0.012163673,0.8893203862180312
2025-04-18,2383,0.012245439,0.9636015318568922
2025-04-21,2383,0.038770895,0.9670542652515381
2025-04-22,2383,0.047308322,0.9839679338536431
2025-04-23,2383,-0.106306314,0.8927203065654634
2025-04-24,2383,0.063938126,0.9203883473601604
2025-04-25,2383,-0.19885132,0.7561837468164105
2025-04-28,2383,0.01642697,0.8402154413389176
2025-04-29,2383,-0.014061306,0.7964601779749962
2025-04-30,2383,0.03939497,0.8075539545043915
2025-05-02,2383,-0.21116716,0.8085106373806039
2025-05-05,2383,-0.21285206,0.7977528093542026
2025-05-06,2383,-0.12237038,0.7788461534402555
2025-05-07,2383,0.011271253,0.8382352919753262
2025-05-08,2383,-0.14150378,0.6767371603797654
2025-05-09,2383,-0.09263039,0.686303387835338
2025-05-12,2383,-0.022943448,0.70370370236955
2025-05-13,2383,-0.019411262,0.7136498515517606
2025-05-14,2383,-0.10494161,0.7103347890683507
2025-05-15,2383,0.041937534,0.7518248184898617
2025-05-16,2383,0.050463345,0.7690058470134067
2025-05-19,2383,0.07664484,0.9190404786670403
2025-05-20,2383,0.038650665,0.9304733715217999
2025-05-21,2383,-0.20371938,0.7083333329815542
2025-05-22,2383,0.020845138,0.6106442567769943
2025-05-23,2383,0.015740722,0.7394366208739256
2025-05-26,2383,0.05369206,0.704384722733447
2025-05-27,2383,0.060990598,0.7705382433496282
2025-05-28,2383,-0.029908855,0.7337031900606437
2025-05-29,2383,-0.19713046,0.7089452612139715
2025-06-02,2383,-0.1706688,0.6707175307164861
2025-06-03,2383,-0.2160134,0.5765436154991037
2025-06-04,2383,-0.06454663,0.5002015277213285
2025-06-05,2383,0.012188025,0.476668665896272
2025-06-06,2383,0.03896938,0.4978279476227385
2025-03-06,2395,-0.02165613,-0.15770171203397942
2025-03-07,2395,0.019386828,-0.1240506346071284
2025-03-10,2395,-0.006001875,-0.10899873302094876
2025-03-11,2395,-0.0027238317,-0.1189873421270734
2025-03-12,2395,-0.0061063953,-0.11651728376270176
2025-03-13,2395,-0.016349602,-0.1340996171492813
2025-03-14,2395,0.0016717501,-0.11780104621386067
2025-03-17,2395,-0.012670409,-0.1134289433656559
2025-03-18,2395,-0.024373103,-0.14743589846408744
2025-03-19,2395,-0.012621526,-0.1485788123178413
2025-03-20,2395,-0.031319994,-0.16878172514845002
2025-03-21,2395,-0.023786489,-0.14705882445508622
2025-03-24,2395,-0.024106015,-0.1434058887179801
2025-03-25,2395,-0.02156685,-0.1459390872985321
2025-03-26,2395,-0.025156926,-0.14805520785938875
2025-03-27,2395,-0.015500348,-0.14141414028935317
2025-03-28,2395,-0.0033739097,-0.12371133887105012
2025-03-31,2395,0.014118597,-0.09866666822723902
2025-04-01,2395,-0.025375623,-0.10677083247096675
2025-04-02,2395,-0.028819915,-0.11794871771948212
2025-04-07,2395,0.081973866,-0.0327635341702448
2025-04-08,2395,0.10204062,0.02560240871748598
2025-04-09,2395,0.18774442,0.11947626840694459
2025-04-10,2395,0.08528407,0.02827380940118207
2025-04-11,2395,0.059427183,0.046546545016015184
2025-04-14,2395,0.018753521,0.010339732317729444
2025-04-15,2395,-0.018245596,-0.02597402693492712
2025-04-16,2395,-0.0012864508,-0.010263930831393542
2025-04-17,2395,0.057861682,0.04764870914486541
2025-04-18,2395,0.00043689087,0.03635298201184445
2025-04-21,2395,0.03192305,0.074401122897791
2025-04-22,2395,0.047549475,0.07028832354762904
2025-04-23,2395,-0.028799515,0.04869419383127993
2025-04-24,2395,0.002177596,0.05837139631937194
2025-04-25,2395,-0.031188745,0.05012946356335157
2025-04-28,2395,-0.03929707,0.02248568417041774
2025-04-29,2395,-0.035006788,-0.010176326654130041
2025-04-30,2395,0.003264133,0.03157900694727367
2025-05-02,2395,-0.0016169511,0.013410606027969951
2025-05-05,2395,0.003485322,-0.03954564477041789
2025-05-06,2395,-0.0053468086,-0.03990076128914122
2025-05-07,2395,0.027526896,-0.012153588842096386
2025-05-08,2395,0.026897151,-0.02540738689821287
2025-05-09,2395,0.031063162,-0.012043350708968337
2025-05-12,2395,0.019196052,-0.04975900663718835
2025-05-13,2395,0.022441503,-0.057255718029996405
2025-05-14,2395,0.02715673,-0.057255718029996405
2025-05-15,2395,0.03396713,-0.05946790656321932
2025-05-16,2395,0.024540957,-0.065035329228041
2025-05-19,2395,0.036508966,-0.05201519583868064
2025-05-20,2395,0.0406448,-0.06368030899715005
2025-05-21,2395,0.0067792498,-0.07426884058545302
2025-05-22,2395,0.040953744,-0.07451869210121764
2025-05-23,2395,0.041020487,-0.05684585828859312
2025-05-26,2395,0.025207393,-0.07441176686040285
2025-05-27,2395,0.052195147,-0.04626161550952501
2025-05-28,2395,0.052852016,-0.044258336544219734
2025-05-29,2395,0.040003397,0.06147520771877901
2025-06-02,2395,0.06105314,0.06922725591960721
2025-06-03,2395,0.0498186,0.028482771989728484
2025-06-04,2395,0.048457008,0.021040783319218548
2025-06-05,2395,0.049335796,-0.008298321636145967
2025-06-06,2395,0.051057868,0.01643120395949893
2025-03-06,2412,0.019614778,0.03515625362154151
2025-03-07,2412,0.02140711,0.039062499341537826
2025-03-10,2412,0.02134848,0.039062499341537826
2025-03-11,2412,0.028447125,0.05098038684776984
2025-03-12,2412,0.021296453,0.05468749907815318
2025-03-13,2412,0.018952876,0.05836575333207694
2025-03-14,2412,0.025133481,0.06225680803182576
2025-03-17,2412,0.024176754,0.07031249881476831
2025-03-18,2412,0.019623397,0.05813953809277095
2025-03-19,2412,0.02051692,0.06225680803182576
2025-03-20,2412,0.017468698,0.05813953809277095
2025-03-21,2412,0.017051343,0.04230769575482318
2025-03-24,2412,0.01919259,0.06201550283870039
2025-03-25,2412,0.016209163,0.06201550283870039
2025-03-26,2412,0.015328925,0.05813953809277095
2025-03-27,2412,0.011564497,0.03846153782318096
2025-03-28,2412,0.013862692,0.03846153782318096
2025-03-31,2412,0.028002322,0.046692606023869265
2025-04-01,2412,0.011285368,0.04659935002330928
2025-04-02,2412,0.0146324,0.042604696078935245
2025-04-07,2412,0.029026035,0.08886536587951288
2025-04-08,2412,0.012837265,0.054966105507298524
2025-04-09,2412,0.019392615,0.05509591552675741
2025-04-10,2412,0.009383678,0.06314413720123602
2025-04-11,2412,0.00040051714,0.05477517428049361
2025-04-14,2412,0.0026628822,0.06304792057044173
2025-04-15,2412,-0.00431272,0.04263566238309591
2025-04-16,2412,-0.0003525056,0.05477517428049361
2025-04-17,2412,0.0031976216,0.05889539418056233
2025-04-18,2412,0.0052839853,0.046724182946953796
2025-04-21,2412,0.011309873,0.054966105507298524
2025-04-22,2412,0.0025984943,0.05889539418056233
2025-04-23,2412,0.008775722,0.05897494009669568
2025-04-24,2412,0.012440931,0.05905512135426716
2025-04-25,2412,0.014726616,0.05913592742386675
2025-04-28,2412,0.0011401735,0.05078125335815664
2025-04-29,2412,0.0038559437,0.0386100421295934
2025-04-30,2412,0.010270458,0.038610037805917985
2025-05-02,2412,0.015942525,0.042651321895557315
2025-05-05,2412,0.01446737,0.038610037805917985
2025-05-06,2412,0.017523453,0.04659935002330928
2025-05-07,2412,0.018800687,0.046538362946085376
2025-05-08,2412,0.030840475,0.06267050161621612
2025-05-09,2412,0.02473193,0.05050252334940142
2025-05-12,2412,0.03137751,0.06239500455935021
2025-05-13,2412,0.0384236,0.07456192763392777
2025-05-14,2412,0.03342273,0.08272088812479805
2025-05-15,2412,0.021997362,0.06635916496266647
2025-05-16,2412,0.030864608,0.06635916496266647
2025-05-19,2412,0.039243307,0.07032332536598251
2025-05-20,2412,0.03818324,0.0820500007568179
2025-05-21,2412,0.036232278,0.08172215202400879
2025-05-22,2412,0.03445159,0.06594188493654451
2025-05-23,2412,0.04478589,0.07375098287583826
2025-05-26,2412,0.043503042,0.06203733596689753
2025-05-27,2412,0.055682782,0.07020273815445832
2025-05-28,2412,0.051305115,0.050412428801070996
2025-05-29,2412,0.07262804,0.07470073352136541
2025-06-02,2412,0.044874687,0.05045730048385888
2025-06-03,2412,0.054072805,0.0585833118564314
2025-06-04,2412,0.05539249,0.07470073352136541
2025-06-05,2412,0.041111078,0.07855658157830181
2025-06-06,2412,0.033942945,0.07056727368955373
2025-03-06,2454,0.06398406,-0.14046822715105534
2025-03-07,2454,0.044645764,-0.08873720140172836
2025-03-10,2454,0.050721955,-0.057347669923123346
2025-03-11,2454,0.039006736,-0.07220216601319551
2025-03-12,2454,0.020734347,-0.11347517739437785
2025-03-13,2454,0.038825616,-0.09712230240181552
2025-03-14,2454,0.043583907,-0.08928571403230112
2025-03-17,2454,0.036729004,-0.09824561383425878
2025-03-18,2454,-0.036119435,-0.14237288172601426
2025-03-19,2454,0.038269855,-0.14675767915896287
2025-03-20,2454,0.043688297,-0.15488215484896273
2025-03-21,2454,0.06362266,-0.14189189161978288
2025-03-24,2454,0.07140679,-0.12499999991168398
2025-03-25,2454,0.021253768,-0.15409836019936696
2025-03-26,2454,0.065809295,-0.15181518147714956
2025-03-27,2454,0.0870794,-0.15824915846016607
2025-03-28,2454,0.07186052,-0.12969283221395778
2025-03-31,2454,0.060204938,-0.06834532416314698
2025-04-01,2454,-0.06599176,-0.11301369892692148
2025-04-02,2454,0.051262323,-0.08334933803829558
2025-04-07,2454,0.18177602,0.007874016085003488
2025-04-08,2454,0.051427387,0.02777777729367492
2025-04-09,2454,0.06624143,0.16596896918616943
2025-04-10,2454,-0.11865695,0.09812235012593185
2025-04-11,2454,-0.12626451,0.04545325335642292
2025-04-14,2454,-0.007403251,0.008759842145719565
2025-04-15,2454,2.9087067e-05,0.027047386190623524
2025-04-16,2454,0.015097737,0.05330102966738259
2025-04-17,2454,0.023929048,0.05773298850128361
2025-04-18,2454,0.023844648,0.05330102966738259
2025-04-21,2454,0.05571911,0.08033545059909053
2025-04-22,2454,0.0454722,0.12165354353825975
2025-04-23,2454,-0.05213115,0.06434277866493399
2025-04-24,2454,0.032401867,0.09635308760267058
2025-04-25,2454,0.010514606,0.05663015007947925
2025-04-28,2454,0.0347979,0.05745115241415433
2025-04-29,2454,0.03165356,0.012242083291210681
2025-04-30,2454,0.061287362,0.04234470751244901
2025-05-02,2454,0.053033408,0.07459115671360417
2025-05-05,2454,0.033416968,0.06299212625764428
2025-05-06,2454,0.03777847,0.05951648666891107
2025-05-07,2454,0.03784558,0.07166898195290838
2025-05-08,2454,0.031845592,0.04339864445516084
2025-05-09,2454,0.012612905,0.04277224817061853
2025-05-12,2454,0.035351235,0.046824945305542265
2025-05-13,2454,0.006627988,0.019685039658709158
2025-05-14,2454,0.028674368,0.019685039545647376
2025-05-15,2454,0.0347548,0.019685039337024257
2025-05-16,2454,0.06312503,0.038360589655215716
2025-05-19,2454,0.05360404,0.06638817104640271
2025-05-20,2454,0.049610186,0.09335049802380735
2025-05-21,2454,0.02927434,0.05773298850128361
2025-05-22,2454,0.070456214,0.04277224817061853
2025-05-23,2454,0.064685896,0.0584563332863135
2025-05-26,2454,0.05239132,0.08739849902453001
2025-05-27,2454,0.0447341,0.12324680109142472
2025-05-28,2454,0.048829947,0.11528051219707236
2025-05-29,2454,0.068554305,0.1329833768970754
2025-06-02,2454,0.05374996,0.12084426877174614
2025-06-03,2454,0.034399483,0.09566157130919972
2025-06-04,2454,0.04581729,0.08766404207052081
2025-06-05,2454,0.055057317,0.11387281423464324
2025-06-06,2454,0.010691736,0.11129736734143436
2025-03-06,2603,0.1122932,0.05882352941176472
2025-03-07,2603,0.02986031,0.04185022007149497
2025-03-10,2603,0.09494989,0.07572382859106441
2025-03-11,2603,0.037582796,0.0507726285899035
2025-03-12,2603,0.03288722,0.04595186066985679
2025-03-13,2603,0.022184659,0.04989154159117337
2025-03-14,2603,0.11697653,0.11363636286653445
2025-03-17,2603,-0.2575868,0.06941431381584162
2025-03-18,2603,0.039013524,0.05505257122855589
2025-03-19,2603,0.08319189,0.046008100846578026
2025-03-20,2603,0.10632631,0.028902736712178356
2025-03-21,2603,0.10579559,0.05820067873631829
2025-03-24,2603,0.123503506,0.03819785653388852
2025-03-25,2603,0.11591865,0.028902736712178356
2025-03-26,2603,0.12133123,0.029170052937002477
2025-03-27,2603,0.11262676,0.012017498989052244
2025-03-28,2603,0.10547455,0.025601623472777613
2025-03-31,2603,0.10228953,0.05000318101764689
2025-04-01,2603,0.07548669,0.032359556128992883
2025-04-02,2603,0.120467156,0.017399850035337616
2025-04-07,2603,0.22856247,0.10117564980602078
2025-04-08,2603,0.082032725,0.18218150101417385
2025-04-09,2603,0.08131662,0.33374323150341567
2025-04-10,2603,-0.098085925,0.19475790237056612
2025-04-11,2603,-0.39813972,0.09608856933962096
2025-04-14,2603,-0.4648077,0.1052458876836706
2025-04-15,2603,-0.044199903,0.07382195141583292
2025-04-16,2603,0.034222882,0.08697512194164547
2025-04-17,2603,0.047415253,0.12404623419913752
2025-04-18,2603,0.022647243,0.11023533424161269
2025-04-21,2603,0.029346865,0.12900327045495774
2025-04-22,2603,0.03247257,0.12883177728737505
2025-04-23,2603,0.030598413,0.10702753351301064
2025-04-24,2603,0.08097294,0.13220310298656246
2025-04-25,2603,0.07619392,0.13778762992075588
2025-04-28,2603,0.08476177,0.12377478879898418
2025-04-29,2603,0.07634981,0.10190857198813008
2025-04-30,2603,0.093169644,0.11282274638396905
2025-05-02,2603,0.050822023,0.08604806681239485
2025-05-05,2603,0.08332324,0.11282274638396905
2025-05-06,2603,0.08067068,0.08297746281441953
2025-05-07,2603,0.10146503,0.09595318229493444
2025-05-08,2603,0.10173629,0.09065872146055565
2025-05-09,2603,0.0776645,0.06179408265594577
2025-05-12,2603,0.04356475,0.0459501533127904
2025-05-13,2603,-0.3579064,-0.03391618749097591
2025-05-14,2603,-0.35030618,-0.059504769808628954
2025-05-15,2603,-0.25522166,-0.07568951391742174
2025-05-16,2603,-0.43991232,-0.12006923930304536
2025-05-19,2603,-0.19281808,-0.10385032030629437
2025-05-20,2603,-0.014734533,-0.11652754109141528
2025-05-21,2603,0.048978716,-0.1265553576138868
2025-05-22,2603,0.002553314,-0.14717379704816957
2025-05-23,2603,0.024931762,-0.1270991539208316
2025-05-26,2603,0.10074535,-0.13268349846838456
2025-05-27,2603,0.0910085,-0.13951276488844255
2025-05-28,2603,0.08879785,-0.1280026652627082
2025-05-29,2603,0.059317697,-0.11430919462713396
2025-06-02,2603,0.0775847,-0.12327367594902383
2025-06-03,2603,0.06849082,-0.15377532687627893
2025-06-04,2603,0.043362882,-0.15728061760777723
2025-06-05,2603,0.08038911,-0.1143190937244205
2025-06-06,2603,0.022221215,-0.10681332187073911
2025-03-06,2609,0.05467818,-0.02989129632160037
2025-03-07,2609,0.046930484,-0.034759349105138115
2025-03-10,2609,0.045911,-0.022972966837757847
2025-03-11,2609,0.046441603,-0.023066479567788623
2025-03-12,2609,0.045522913,0.01646090088737351
2025-03-13,2609,0.04697562,-0.010752685315844168
2025-03-14,2609,0.0434765,0.026954186385735657
2025-03-17,2609,0.033314556,-0.009222674170240253
2025-03-18,2609,0.03248588,-0.042635662407627284
2025-03-19,2609,0.0381206,-0.05317769195534483
2025-03-20,2609,0.044993225,-0.07820512212891062
2025-03-21,2609,0.049019698,-0.04817708534368992
2025-03-24,2609,0.061813854,-0.05958549113566203
2025-03-25,2609,0.06899756,-0.07445442367829103
2025-03-26,2609,0.06865418,-0.06201550212951967
2025-03-27,2609,0.05808045,-0.07180157731797432
2025-03-28,2609,0.05926676,-0.033244672114339235
2025-03-31,2609,0.058698174,-0.017473113638246773
2025-04-01,2609,0.03378659,-0.04025974441645097
2025-04-02,2609,0.052182373,-0.05167958761117697
2025-04-07,2609,0.16717732,0.045911051772686395
2025-04-08,2609,0.09152828,0.1480891678772871
2025-04-09,2609,0.13109215,0.27385159914170876
2025-04-10,2609,0.006312862,0.12507093719481865
2025-04-11,2609,-0.04101419,0.019827364383587787
2025-04-14,2609,-0.0633613,-0.05070921347857449
2025-04-15,2609,-0.0040722117,-0.04857128505042496
2025-04-16,2609,-0.01295789,-0.01937226508316925
2025-04-17,2609,-0.006638285,-0.003370679483099104
2025-04-18,2609,-0.0072922967,-0.02631579371671844
2025-04-21,2609,-0.0025463812,-0.006847462762995304
2025-04-22,2609,-0.008237381,-0.017190460601976598
2025-04-23,2609,-0.018119905,-0.02458569383346132
2025-04-24,2609,0.009232745,-0.006687560630904921
2025-04-25,2609,0.0052447915,0.008966356161952405
2025-04-28,2609,0.012154084,-0.005250754236392541
2025-04-29,2609,0.012988873,-0.006655677867728249
2025-04-30,2609,0.015737649,0.011054445377032929
2025-05-02,2609,-0.016928215,-0.04289388373180347
2025-05-05,2609,0.011528883,-0.03134015205056906
2025-05-06,2609,0.029219601,-0.0500617434645908
2025-05-07,2609,0.051903818,-0.04581389095747734
2025-05-08,2609,0.04674075,-0.04062973489525179
2025-05-09,2609,0.04254083,-0.059554415140627315
2025-05-12,2609,0.058131225,-0.060937340706543
2025-05-13,2609,0.034753595,-0.13573867258865369
2025-05-14,2609,0.03739609,-0.1341095343514236
2025-05-15,2609,0.039008122,-0.13519870446178628
2025-05-16,2609,0.03988318,-0.18152734508047108
2025-05-19,2609,0.04737936,-0.18000884565586528
2025-05-20,2609,0.027532212,-0.18464618745057093
2025-05-21,2609,0.024930406,-0.1920675411544055
2025-05-22,2609,0.043557137,-0.2242533534333252
2025-05-23,2609,0.07271297,-0.19192827137530044
2025-05-26,2609,0.038834825,-0.19856018945438791
2025-05-27,2609,0.03217372,-0.19423090830079126
2025-05-28,2609,0.026377805,-0.19003880054951516
2025-05-29,2609,0.037161656,-0.1783491659614468
2025-06-02,2609,0.024894215,-0.17033342435960264
2025-06-03,2609,0.016381893,-0.19501354748756972
2025-06-04,2609,0.026537359,-0.1867405454122214
2025-06-05,2609,0.05296631,-0.1452754045225415
2025-06-06,2609,0.027652036,-0.1283797702229158
2025-03-06,2615,0.123792455,0.15874855532172583
2025-03-07,2615,0.09306352,0.14903299774781775
2025-03-10,2615,0.08071162,0.23837209236838897
2025-03-11,2615,0.119622186,0.19603266793544005
2025-03-12,2615,0.057611007,0.24691358090310023
2025-03-13,2615,0.06936352,0.26716603875635747
2025-03-14,2615,0.09273434,0.2288135637391151
2025-03-17,2615,0.07935686,0.19489558773634208
2025-03-18,2615,0.09568299,0.1366742679745363
2025-03-19,2615,0.111150965,0.1329545545025559
2025-03-20,2615,0.12798712,0.10568182066967347
2025-03-21,2615,0.084472105,0.13971952456791747
2025-03-24,2615,0.14215033,0.16851027616045333
2025-03-25,2615,0.13860928,0.1518860539819149
2025-03-26,2615,0.13670197,0.1456522877011459
2025-03-27,2615,0.13304389,0.11229994830080181
2025-03-28,2615,0.13648719,0.15088789828779747
2025-03-31,2615,0.14670688,0.22036875735791184
2025-04-01,2615,0.05372083,0.17283546597384003
2025-04-02,2615,0.11377469,0.11796578355889098
2025-04-07,2615,0.24647534,0.239816844311447
2025-04-08,2615,0.22084463,0.36166512996135936
2025-04-09,2615,0.14533743,0.5517258290239531
2025-04-10,2615,-0.05897216,0.3769101002148887
2025-04-11,2615,0.033071347,0.2492678578463703
2025-04-14,2615,0.089733414,0.14973163292584468
2025-04-15,2615,-0.1120801,0.0855605643054218
2025-04-16,2615,0.021366995,0.1618408454593414
2025-04-17,2615,0.042087384,0.20736480913084554
2025-04-18,2615,-0.13216907,0.14578251476149062
2025-04-21,2615,0.043296184,0.15355318832572884
2025-04-22,2615,0.06254317,0.15472079282399887
2025-04-23,2615,0.078495756,0.15935030751870194
2025-04-24,2615,0.09293929,0.16412436850986944
2025-04-25,2615,0.090144604,0.1559356490116357
2025-04-28,2615,0.11262393,0.15327071570808415
2025-04-29,2615,0.120042264,0.14457820660955023
2025-04-30,2615,0.11689566,0.1379014007505155
2025-05-02,2615,0.10679158,0.10721663259041869
2025-05-05,2615,0.1006227,0.11520466179056665
2025-05-06,2615,0.09133953,0.07241505303552942
2025-05-07,2615,0.11340541,0.07108643262585512
2025-05-08,2615,0.12590377,0.07782390003934214
2025-05-09,2615,0.096266896,0.052885109717207834
2025-05-12,2615,0.1048623,0.05029460348481818
2025-05-13,2615,0.02544558,-0.006659634149534299
2025-05-14,2615,-0.06313223,-0.046306730017112385
2025-05-15,2615,-0.16307005,-0.0746342570134928
2025-05-16,2615,-0.11798358,-0.16267312279529744
2025-05-19,2615,-0.18272696,-0.1803371545483976
2025-05-20,2615,-0.067719266,-0.18126332906851828
2025-05-21,2615,-0.118114665,-0.22878001373989498
2025-05-22,2615,-0.07455146,-0.29069081458600243
2025-05-23,2615,-0.15245345,-0.29725089534755356
2025-05-26,2615,-0.021274019,-0.25437555275312196
2025-05-27,2615,-0.13777892,-0.2633316453810063
2025-05-28,2615,-0.11800951,-0.2291608649561555
2025-05-29,2615,-0.17665394,-0.19896351130092316
2025-06-02,2615,-0.11054927,-0.20692672721022298
2025-06-03,2615,-0.026411299,-0.23312899648625096
2025-06-04,2615,0.0038492307,-0.22888298112008443
2025-06-05,2615,0.040903583,-0.19608209435802237
2025-06-06,2615,0.012854997,-0.17525917071944275
2025-03-06,2880,0.050015684,-0.04520795066661276
2025-03-07,2880,0.05208887,-0.032667858448815146
2025-03-10,2880,0.050550308,-0.03636365380159312
2025-03-11,2880,0.05320338,-0.023897026453802428
2025-03-12,2880,0.03491094,-0.030797102903468487
2025-03-13,2880,0.03790159,-0.03454545384793617
2025-03-14,2880,0.035385802,-0.046678609907935376
2025-03-17,2880,0.039949242,-0.04496402215629036
2025-03-18,2880,0.041084155,-0.05366727134254923
2025-03-19,2880,0.04471751,-0.06749556030147785
2025-03-20,2880,0.046432234,-0.07446808072847433
2025-03-21,2880,0.057893086,-0.05861455171740482
2025-03-24,2880,0.054052513,-0.03914592297204722
2025-03-25,2880,0.053229146,-0.03716814013877856
2025-03-26,2880,0.054747466,-0.026548639517693706
2025-03-27,2880,0.054885373,-0.04056437061611318
2025-03-28,2880,0.0558811,-0.0177935842853143
2025-03-31,2880,0.060083136,-0.0017985791020166397
2025-04-01,2880,0.052631408,-0.001795312209615485
2025-04-02,2880,0.046071075,-0.0035650604443366873
2025-04-07,2880,0.11848213,0.1267326853468853
2025-04-08,2880,0.061711237,0.09864604168407154
2025-04-09,2880,0.06908819,0.11776446727504375
2025-04-10,2880,-0.039293204,0.06191368031432165
2025-04-11,2880,0.019250408,0.06191368031432165
2025-04-14,2880,0.030115634,0.08097925757897673
2025-04-15,2880,0.03199869,0.06554309417328641
2025-04-16,2880,0.036715217,0.07129455776253657
2025-04-17,2880,0.035690285,0.08411212115128919
2025-04-18,2880,0.036151756,0.0825515869481308
2025-04-21,2880,0.033338245,0.07050092677225006
2025-04-22,2880,0.0378514,0.07434944077542305
2025-04-23,2880,0.038839534,0.08224298306125388
2025-04-24,2880,0.042798646,0.09487668913535452
2025-04-25,2880,0.03300739,0.08712120334168505
2025-04-28,2880,0.024288712,0.07750474399384943
2025-04-29,2880,0.021717107,0.06343284022748552
2025-04-30,2880,0.023884721,0.06296296759394848
2025-05-02,2880,0.030768905,0.0689012839286447
2025-05-05,2880,0.03250523,0.06642066693603477
2025-05-06,2880,0.027027555,0.06082290248877609
2025-05-07,2880,0.035051174,0.06871609417054403
2025-05-08,2880,0.039903,0.07374098419247299
2025-05-09,2880,0.044855583,0.051785703856859655
2025-05-12,2880,0.051645774,0.058928556962740686
2025-05-13,2880,0.061091814,0.052064622299540675
2025-05-14,2880,0.0618751,0.05197131559336099
2025-05-15,2880,0.068043545,0.05690071615592518
2025-05-16,2880,0.07301423,0.060668418490070986
2025-05-19,2880,0.08399764,0.05120827583886989
2025-05-20,2880,0.08501383,0.07213532107348808
2025-05-21,2880,0.078902036,0.06446675859719808
2025-05-22,2880,0.06792641,0.0898403188419803
2025-05-23,2880,0.058701605,0.08784429644008274
2025-05-26,2880,0.058192257,0.08403299920339058
2025-05-27,2880,0.05790247,0.09993144867731574
2025-05-28,2880,0.056102917,0.08244985227500945
2025-05-29,2880,0.073836096,0.11717299473965959
2025-06-02,2880,0.0615031,0.12371263660535958
2025-06-03,2880,0.045092802,0.12345036330532455
2025-06-04,2880,0.035694525,0.12638714179897348
2025-06-05,2880,0.04045105,0.1610966325475085
2025-06-06,2880,0.038041923,0.16688996091797792
2025-03-06,2881,0.03821544,-0.04324324812565772
2025-03-07,2881,0.051996764,-0.035203526675162355
2025-03-10,2881,0.047421575,-0.006615220059072557
2025-03-11,2881,0.05797501,-0.02452618834602771
2025-03-12,2881,0.04965378,-0.03351955376798743
2025-03-13,2881,0.05016437,-0.03370786573109674
2025-03-14,2881,0.055967823,-0.02721088005767569
2025-03-17,2881,0.020496547,-0.028888890429240477
2025-03-18,2881,0.031753533,-0.040929206225267745
2025-03-19,2881,0.045233652,-0.046067417333625627
2025-03-20,2881,0.031050997,-0.05784204961316419
2025-03-21,2881,0.04469967,-0.03258427354456728
2025-03-24,2881,0.041585278,-0.037078654807586764
2025-03-25,2881,0.0325343,-0.04013377290922748
2025-03-26,2881,0.03530733,-0.0422691872423292
2025-03-27,2881,0.04077004,-0.028921024806582096
2025-03-28,2881,0.0498118,-0.008416365278205107
2025-03-31,2881,0.06064259,0.021598165374752565
2025-04-01,2881,0.011611778,-0.001745519749580926
2025-04-02,2881,0.028298475,-0.028024048452164996
2025-04-07,2881,0.15128298,0.09247486180240849
2025-04-08,2881,0.06281775,0.09570383331865151
2025-04-09,2881,0.17405652,0.17072498206429998
2025-04-10,2881,-0.070476755,0.09094097086776354
2025-04-11,2881,0.023284871,0.07993745281849085
2025-04-14,2881,0.028818056,0.07326293689415175
2025-04-15,2881,0.030752007,0.06391550106263844
2025-04-16,2881,0.042588744,0.10760406225194807
2025-04-17,2881,0.055302236,0.11059965658720028
2025-04-18,2881,0.058989156,0.10670772087621527
2025-04-21,2881,0.06260107,0.10572859198648232
2025-04-22,2881,0.067455985,0.12188684994087629
2025-04-23,2881,-5.9965998e-05,0.11082447159112174
2025-04-24,2881,0.02481183,0.122326259975442
2025-04-25,2881,0.009356026,0.1041298634878991
2025-04-28,2881,0.023496117,0.09895461954631268
2025-04-29,2881,-0.00036894903,0.05892220307506513
2025-04-30,2881,-0.005147338,0.029975938168984806
2025-05-02,2881,0.015616916,0.019020429854920584
2025-05-05,2881,0.04612483,0.08533713918029218
2025-05-06,2881,0.031607367,0.11770399663407138
2025-05-07,2881,0.03228722,0.1320335407828246
2025-05-08,2881,0.029260218,0.13596779788876368
2025-05-09,2881,0.039140556,0.15167382232084226
2025-05-12,2881,0.028113743,0.14673525509477559
2025-05-13,2881,0.029508933,0.14697719389352515
2025-05-14,2881,0.029721372,0.1392098133970483
2025-05-15,2881,0.03691941,0.14127461432169675
2025-05-16,2881,0.03805872,0.13973443526262241
2025-05-19,2881,0.06442824,0.16972745383481946
2025-05-20,2881,0.06418967,0.15928729735890146
2025-05-21,2881,0.05214118,0.13629973116548944
2025-05-22,2881,0.07148427,0.11534822949700696
2025-05-23,2881,0.08706358,0.13887930025115258
2025-05-26,2881,0.09857753,0.14212847627848446
2025-05-27,2881,0.10252664,0.1729164478774332
2025-05-28,2881,0.096889794,0.15166359369644544
2025-05-29,2881,0.09447485,0.13172877629838986
2025-06-02,2881,0.037482172,0.09486582404365462
2025-06-03,2881,0.031813502,0.054946154218137755
2025-06-04,2881,0.025898106,0.019795663737803393
2025-06-05,2881,0.037419245,0.04755342667196838
2025-06-06,2881,0.03719508,0.0296237330104836
2025-03-06,2882,0.030487217,-0.014556035805557865
2025-03-07,2882,0.040829312,-0.019316480366554756
2025-03-10,2882,0.0312358,0.016344739119239726
2025-03-11,2882,0.049074333,0.039453707469834676
2025-03-12,2882,0.027283233,0.037593971998380216
2025-03-13,2882,0.026046745,0.021244298923569938
2025-03-14,2882,0.023746343,-0.004545462893412067
2025-03-17,2882,0.028866336,0.01969695623494805
2025-03-18,2882,0.022850662,-0.0045112864924652385
2025-03-19,2882,0.030724851,0.004594172432641042
2025-03-20,2882,0.016282812,0.0
2025-03-21,2882,0.027644364,0.021505382476604495
2025-03-24,2882,0.019591086,0.0230769321231028
2025-03-25,2882,0.017334629,0.02615384408614796
2025-03-26,2882,0.013946865,0.038226286418052924
2025-03-27,2882,0.018313047,0.013982288646186225
2025-03-28,2882,0.029141853,0.04446331221058086
2025-03-31,2882,0.044833727,0.0784668818923886
2025-04-01,2882,0.021935523,0.07317546490259463
2025-04-02,2882,0.014318358,0.05263621604189428
2025-04-07,2882,0.033104144,0.1740305683348886
2025-04-08,2882,0.060149617,0.2005143354775618
2025-04-09,2882,0.086512625,0.3014273186662093
2025-04-10,2882,-0.008989029,0.2152133978824935
2025-04-11,2882,-0.0061737783,0.21580701508443134
2025-04-14,2882,-0.004069492,0.2226565678486676
2025-04-15,2882,-0.0140106715,0.18802407983868763
2025-04-16,2882,0.0016348474,0.22173517820484512
2025-04-17,2882,0.007220179,0.23431072135942266
2025-04-18,2882,0.0005726777,0.23138384767257358
2025-04-21,2882,-0.018078376,0.21415654245901816
2025-04-22,2882,0.0035915226,0.23910974414970254
2025-04-23,2882,-0.021703694,0.23335092015218217
2025-04-24,2882,-0.019475628,0.23368547881835466
2025-04-25,2882,-0.021029022,0.22000319971037086
2025-04-28,2882,-0.02300195,0.19531373469100655
2025-04-29,2882,-0.018440757,0.16035048084700065
2025-04-30,2882,-0.010132339,0.10841694343812147
2025-05-02,2882,0.00015450642,0.09386341507953211
2025-05-05,2882,0.01300627,0.1796359469292883
2025-05-06,2882,0.034134135,0.17883254163759954
2025-05-07,2882,0.05006076,0.1781680404305408
2025-05-08,2882,0.054350667,0.19760160114559033
2025-05-09,2882,0.06448838,0.2014216930807775
2025-05-12,2882,0.07678032,0.18778579921002048
2025-05-13,2882,0.09715851,0.1636066784345247
2025-05-14,2882,0.11698261,0.14041703858379373
2025-05-15,2882,0.1423546,0.12687846751068133
2025-05-16,2882,0.1293904,0.08112491017841172
2025-05-19,2882,0.051132847,0.12754222609038002
2025-05-20,2882,0.0802315,0.10406503750338203
2025-05-21,2882,0.08423576,0.06597055567549437
2025-05-22,2882,0.088902995,0.014166892599779546
2025-05-23,2882,0.10438657,0.035090331427762855
2025-05-26,2882,0.09923653,0.06773636285730689
2025-05-27,2882,0.085596755,0.0950300603700398
2025-05-28,2882,0.07341203,0.09224921002408171
2025-05-29,2882,0.09043373,0.10371527761101995
2025-06-02,2882,0.08506309,0.08751439446312492
2025-06-03,2882,0.082331,0.014747903563376852
2025-06-04,2882,0.07010748,0.02012632602426012
2025-06-05,2882,0.08133468,0.012875757486296768
2025-06-06,2882,0.077138916,0.009820319700627023
2025-03-06,2883,0.08502363,-0.040871968351569254
2025-03-07,2883,0.087327085,-0.06811992721212035
2025-03-10,2883,0.078779355,-0.1286863384962884
2025-03-11,2883,0.0892089,-0.10569109628817464
2025-03-12,2883,0.09356349,-0.12129384109633035
2025-03-13,2883,0.08908195,-0.09836066759719742
2025-03-14,2883,0.09154674,-0.09668506418325895
2025-03-17,2883,0.09073122,-0.08563533907934973
2025-03-18,2883,0.09109849,-0.1141304484686998
2025-03-19,2883,0.095977135,-0.12771737664067884
2025-03-20,2883,0.09901053,-0.13821142440828627
2025-03-21,2883,0.0997228,-0.14285718533805336
2025-03-24,2883,0.10098387,-0.1320755132171918
2025-03-25,2883,0.09675895,-0.10626706961689203
2025-03-26,2883,0.09360205,-0.12500001498952829
2025-03-27,2883,0.08815409,-0.13516281185268397
2025-03-28,2883,0.0813851,-0.08700991992668838
2025-03-31,2883,0.083370626,-0.0796921996802501
2025-04-01,2883,0.05594523,-0.08341399445995568
2025-04-02,2883,0.052656252,-0.12120157077662719
2025-04-07,2883,0.085620806,-0.0030960097051384583
2025-04-08,2883,0.084684566,0.041754377043713875
2025-04-09,2883,0.092899606,0.11189396918563377
2025-04-10,2883,-0.011274908,0.025087292129355676
2025-04-11,2883,0.02114785,0.0592104580324706
2025-04-14,2883,0.020871155,0.03220220942398133
2025-04-15,2883,0.03512546,-0.009431248520515134
2025-04-16,2883,0.055965073,0.03227684596348723
2025-04-17,2883,0.07292902,0.04894840257013411
2025-04-18,2883,0.06979829,0.04558642507453503
2025-04-21,2883,0.07016143,0.035499944027856944
2025-04-22,2883,0.08594176,0.04883750996962366
2025-04-23,2883,0.056169864,0.03556438857310207
2025-04-24,2883,0.074879184,0.04552094950604846
2025-04-25,2883,0.053959206,0.006404159964806588
2025-04-28,2883,0.070035666,0.009258730516120472
2025-04-29,2883,0.069541514,-0.015948132968277906
2025-04-30,2883,0.08088389,-0.017843964998078055
2025-05-02,2883,0.09640828,-0.024485519596168404
2025-05-05,2883,0.100611016,0.012713904569077616
2025-05-06,2883,0.09827748,0.006557430520023111
2025-05-07,2883,0.10174228,0.022538419613612914
2025-05-08,2883,0.089282736,0.01639343925293968
2025-05-09,2883,0.09549713,0.010119404822773514
2025-05-12,2883,0.10347055,0.0166363573711108
2025-05-13,2883,0.11264406,-0.002023034085693265
2025-05-14,2883,0.12515238,-0.004681015204892169
2025-05-15,2883,0.13423206,-0.007291390379089879
2025-05-16,2883,0.14174533,-0.024289055586222297
2025-05-19,2883,0.15294273,-0.01547044477933146
2025-05-20,2883,0.16648331,-0.023825147180376205
2025-05-21,2883,0.16935006,-0.032494012199362876
2025-05-22,2883,0.17870386,-0.04437530592421446
2025-05-23,2883,0.1787631,-0.04295730946574461
2025-05-26,2883,0.18142548,-0.056953406288605235
2025-05-27,2883,0.17896293,-0.03198833776037002
2025-05-28,2883,0.1844951,-0.038851463057410496
2025-05-29,2883,0.1979053,-0.041902752952461486
2025-06-02,2883,0.19710208,-0.03714246151476941
2025-06-03,2883,0.19548485,-0.06570009409150968
2025-06-04,2883,0.19874597,-0.07289407599018105
2025-06-05,2883,0.19819337,-0.04732042090099586
2025-06-06,2883,0.20860271,-0.07591392386580531
2025-03-06,2884,0.04462662,0.07056801280202807
2025-03-07,2884,0.051622856,0.0852173764528057
2025-03-10,2884,0.04597965,0.08117443536739444
2025-03-11,2884,0.047440313,0.08117443536739444
2025-03-12,2884,0.043669734,0.08419246556955873
2025-03-13,2884,0.034720175,0.0726351132782419
2025-03-14,2884,0.04019891,0.07251262608186937
2025-03-17,2884,0.04094659,0.07023409625863919
2025-03-18,2884,0.043511756,0.06666665939216121
2025-03-19,2884,0.050746623,0.06532663206365918
2025-03-20,2884,0.057761114,0.05509180887292442
2025-03-21,2884,0.05385232,0.0668896241735073
2025-03-24,2884,0.060200606,0.07846410246545243
2025-03-25,2884,0.06140989,0.09274873003143647
2025-03-26,2884,0.054275814,0.10000000727450531
2025-03-27,2884,0.054374468,0.09499998508726382
2025-03-28,2884,0.053299118,0.11467116984315351
2025-03-31,2884,0.07463331,0.14782608365617889
2025-04-01,2884,0.044923503,0.14113598804206506
2025-04-02,2884,0.035193928,0.13822527440278787
2025-04-07,2884,0.14016746,0.2878788054137531
2025-04-08,2884,0.1008738,0.27102804958254056
2025-04-09,2884,0.16152944,0.32046334274848154
2025-04-10,2884,0.05644704,0.2482014439317748
2025-04-11,2884,0.08473931,0.2608695342766787
2025-04-14,2884,0.07663436,0.2758620853546656
2025-04-15,2884,0.059990812,0.2720720882258314
2025-04-16,2884,0.06291464,0.2657091510589342
2025-04-17,2884,0.082160756,0.2771738752270514
2025-04-18,2884,0.08227478,0.2658227793151582
2025-04-21,2884,0.08214477,0.24137934448888676
2025-04-22,2884,0.08248055,0.2777507368545711
2025-04-23,2884,0.04361498,0.24452504491876303
2025-04-24,2884,0.052904665,0.25505219384682754
2025-04-25,2884,0.03715834,0.23681961572153476
2025-04-28,2884,0.03350101,0.21251760011655962
2025-04-29,2884,0.034641456,0.20310365730736102
2025-04-30,2884,0.037655167,0.18924551745543972
2025-05-02,2884,0.041104224,0.19824871739103922
2025-05-05,2884,0.054754198,0.21222014278456958
2025-05-06,2884,0.04142379,0.19324201234493765
2025-05-07,2884,0.05727406,0.18471620862056137
2025-05-08,2884,0.070568055,0.19378756732053626
2025-05-09,2884,0.0649789,0.1645127356147964
2025-05-12,2884,0.08033779,0.17990378196724355
2025-05-13,2884,0.09122023,0.17635520428161122
2025-05-14,2884,0.10148263,0.17019598362795385
2025-05-15,2884,0.10052431,0.19013780366384414
2025-05-16,2884,0.10266103,0.1998572263499605
2025-05-19,2884,0.114415094,0.18246798015234567
2025-05-20,2884,0.13051623,0.19464046336618268
2025-05-21,2884,0.13155013,0.18745119566812973
2025-05-22,2884,0.14748797,0.1809518466471307
2025-05-23,2884,0.1542569,0.1757264035498618
2025-05-26,2884,0.14942381,0.1644924311715139
2025-05-27,2884,0.1627839,0.15967456395672874
2025-05-28,2884,0.16825816,0.16622272944163385
2025-05-29,2884,0.15268052,0.17329490685624216
2025-06-02,2884,0.15166931,0.160843347092112
2025-06-03,2884,0.13737527,0.14996812297368756
2025-06-04,2884,0.1479037,0.15494739656001988
2025-06-05,2884,0.14727609,0.1669602048891905
2025-06-06,2884,0.14286143,0.1501600249960484
2025-03-06,2885,0.061522357,-0.09128630383362302
2025-03-07,2885,0.0637367,-0.07062146565444327
2025-03-10,2885,0.05873044,-0.06920903817029189
2025-03-11,2885,0.06386475,-0.04447632982606187
2025-03-12,2885,0.05150614,-0.048571425840712834
2025-03-13,2885,0.056287173,-0.028818436365797395
2025-03-14,2885,0.053154897,-0.028776971045098465
2025-03-17,2885,0.03192404,-0.04481792801753892
2025-03-18,2885,0.045145605,-0.047887320689959934
2025-03-19,2885,0.050516773,-0.04551920472400106
2025-03-20,2885,0.04464811,-0.048090519797619025
2025-03-21,2885,0.05585328,-0.039942916568187825
2025-03-24,2885,0.050308544,-0.031339020653491034
2025-03-25,2885,0.048180033,-0.03698433465131701
2025-03-26,2885,0.0486491,-0.04397160393710786
2025-03-27,2885,0.04976034,-0.03257792100206458
2025-03-28,2885,0.05541116,-0.017080226224511996
2025-03-31,2885,0.06468612,0.009965893868558062
2025-04-01,2885,0.03637263,-0.0016778715974573588
2025-04-02,2885,0.034061052,-0.03315157433324101
2025-04-07,2885,0.129388,0.06444193573471901
2025-04-08,2885,0.06261264,0.11400135779467857
2025-04-09,2885,0.07536867,0.20486974243354306
2025-04-10,2885,-0.053129572,0.10690694220631691
2025-04-11,2885,0.0045500584,0.12014820838419893
2025-04-14,2885,0.019398998,0.10393917674851916
2025-04-15,2885,0.021817472,0.07248757772709458
2025-04-16,2885,0.043168366,0.08958236785441387
2025-04-17,2885,0.041932065,0.1098793268024616
2025-04-18,2885,0.03373172,0.10814785135843885
2025-04-21,2885,0.03690566,0.09594748197208847
2025-04-22,2885,0.04845787,0.11082059420502244
2025-04-23,2885,0.029349793,0.11193007147085088
2025-04-24,2885,0.039950166,0.13233891194126368
2025-04-25,2885,0.019811008,0.10641637591441633
2025-04-28,2885,0.029690016,0.10131078446796393
2025-04-29,2885,0.037459634,0.08551311742317758
2025-04-30,2885,0.027488412,0.06775590601723813
2025-05-02,2885,0.03287427,0.042533827566040294
2025-05-05,2885,0.045261733,0.04920878417608776
2025-05-06,2885,0.050173882,0.06076427721859057
2025-05-07,2885,0.064172134,0.08090732318484517
2025-05-08,2885,0.05140523,0.10143905335791259
2025-05-09,2885,0.045184508,0.09373702881845847
2025-05-12,2885,0.06624897,0.06709586143398649
2025-05-13,2885,0.08596875,0.08175823337838017
2025-05-14,2885,0.08068791,0.04814948069889713
2025-05-15,2885,0.09909347,0.03892907383760469
2025-05-16,2885,0.09900117,0.04203035055930293
2025-05-19,2885,0.10502894,0.0642235306323462
2025-05-20,2885,0.109390005,0.06435850524303643
2025-05-21,2885,0.10254781,0.05939398924777417
2025-05-22,2885,0.11158018,0.06249753023194993
2025-05-23,2885,0.11201131,0.0774206734156826
2025-05-26,2885,0.11085354,0.0890954948328766
2025-05-27,2885,0.079238236,0.12169057384769211
2025-05-28,2885,0.074229464,0.1011644167963055
2025-05-29,2885,0.08559023,0.11349333285971164
2025-06-02,2885,0.08849351,0.11492842722937269
2025-06-03,2885,0.08591512,0.07741559227888839
2025-06-04,2885,0.107156634,0.08403821746117779
2025-06-05,2885,0.10771914,0.10760228673554306
2025-06-06,2885,0.10632898,0.09403718476099976
2025-03-06,2886,0.02813384,0.011349311353232805
2025-03-07,2886,0.028368013,0.013924027233806369
2025-03-10,2886,0.026352383,0.01006291198045095
2025-03-11,2886,0.035882063,0.02278479335112138
2025-03-12,2886,0.030831557,0.03944021506184536
2025-03-13,2886,0.021693677,0.02904039582744944
2025-03-14,2886,0.022608232,0.023959642748273113
2025-03-17,2886,0.02506052,0.02904039582744944
2025-03-18,2886,0.019183375,0.013801759726645546
2025-03-19,2886,0.024752742,0.017654490148449664
2025-03-20,2886,0.019875411,0.00752825153375114
2025-03-21,2886,0.03148655,0.021410576742028065
2025-03-24,2886,0.021985164,0.025031297213606862
2025-03-25,2886,0.02669238,0.031486136111829266
2025-03-26,2886,0.019218637,0.031328310983195884
2025-03-27,2886,0.019802516,0.02241592369752654
2025-03-28,2886,0.022393603,0.031017360230090052
2025-03-31,2886,0.03817165,0.04636592003888862
2025-04-01,2886,0.03372047,0.05037782301140692
2025-04-02,2886,0.030682812,0.04430377799683738
2025-04-07,2886,0.1437887,0.1814346007587122
2025-04-08,2886,-0.027773771,0.10718954681413062
2025-04-09,2886,0.03787645,0.1383989277889801
2025-04-10,2886,0.018455926,0.11169515271882946
2025-04-11,2886,0.024796704,0.11256544395851886
2025-04-14,2886,0.03216457,0.12433864541920259
2025-04-15,2886,0.031976435,0.11405835638767714
2025-04-16,2886,0.03381133,0.12533332616897486
2025-04-17,2886,0.026499711,0.1273458497670965
2025-04-18,2886,0.013272092,0.1238348651975445
2025-04-21,2886,0.0070549734,0.12068966514753221
2025-04-22,2886,0.0102510825,0.13262600989514084
2025-04-23,2886,0.0049742907,0.1334213992854545
2025-04-24,2886,0.009254701,0.13962765597458415
2025-04-25,2886,0.008381631,0.1415220085625586
2025-04-28,2886,0.011239026,0.1461125922123223
2025-04-29,2886,-0.0006157495,0.1373333313760603
2025-04-30,2886,-0.0045736544,0.13509932178667494
2025-05-02,2886,0.0035443641,0.13297873839152752
2025-05-05,2886,-0.0056802593,0.11795543563088562
2025-05-06,2886,0.0016068369,0.11848956442078928
2025-05-07,2886,0.0010874085,0.10438143477834072
2025-05-08,2886,0.009684086,0.10824742475020055
2025-05-09,2886,0.01398446,0.0826465150062008
2025-05-12,2886,0.0045446195,0.05819529379893118
2025-05-13,2886,0.015594389,0.07414540426297145
2025-05-14,2886,0.017411828,0.07759661575459753
2025-05-15,2886,0.018270617,0.07054684221729435
2025-05-16,2886,0.025481336,0.088227815916603
2025-05-19,2886,0.028985012,0.0663782117805447
2025-05-20,2886,0.033444554,0.07511316477704955
2025-05-21,2886,0.039771814,0.06641191915855593
2025-05-22,2886,0.042076245,0.08538647080824502
2025-05-23,2886,0.026542239,0.061643221342876586
2025-05-26,2886,0.03175479,0.04886773131468325
2025-05-27,2886,0.041586842,0.06461352399851794
2025-05-28,2886,0.04233164,0.037352270870316895
2025-05-29,2886,0.052643225,0.05436458345093986
2025-06-02,2886,0.04949805,0.07185218927204251
2025-06-03,2886,0.034109283,0.055782401586251584
2025-06-04,2886,0.03402299,0.063408078497448
2025-06-05,2886,0.041427646,0.07527469671170794
2025-06-06,2886,0.03533908,0.061900642995049715
2025-03-06,2887,0.042724572,-0.04249288848335431
2025-03-07,2887,0.039571207,-0.048022573553863857
2025-03-10,2887,0.04392759,-0.053977251560725636
2025-03-11,2887,0.044920087,-0.045454518142871825
2025-03-12,2887,0.044149663,-0.045714258434895405
2025-03-13,2887,0.03974516,-0.03724925015409619
2025-03-14,2887,0.04045391,-0.04297991334736917
2025-03-17,2887,0.039303422,-0.03999996857690491
2025-03-18,2887,0.039265975,-0.053977251560725636
2025-03-19,2887,0.041916057,-0.0626780477426
2025-03-20,2887,0.03747405,-0.09659091864999492
2025-03-21,2887,0.05028026,-0.1048158794682933
2025-03-24,2887,0.0437455,-0.10734464998337268
2025-03-25,2887,0.04331094,-0.10451978920101512
2025-03-26,2887,0.043047592,-0.10393259895541984
2025-03-27,2887,0.04415288,-0.11516850261145073
2025-03-28,2887,0.047058668,-0.10511359198216663
2025-03-31,2887,0.05653384,-0.06976748904510899
2025-04-01,2887,0.045802586,-0.06916425476617649
2025-04-02,2887,0.051155753,-0.07803473455174958
2025-04-07,2887,0.13842683,0.028846105611693096
2025-04-08,2887,0.15513064,0.06229505582081862
2025-04-09,2887,0.15609945,0.14436614499997957
2025-04-10,2887,0.009842679,0.0833333220351713
2025-04-11,2887,0.036585007,0.19218240503767858
2025-04-14,2887,0.04854988,0.18849839478400576
2025-04-15,2887,0.053910524,0.1238390330068222
2025-04-16,2887,0.06048358,0.1482650263216081
2025-04-17,2887,0.07632935,0.17571883343290118
2025-04-18,2887,0.084205724,0.14649677924838
2025-04-21,2887,0.08938171,0.12460058802848284
2025-04-22,2887,0.07152245,0.11974111383583863
2025-04-23,2887,0.055175237,0.10476184081584572
2025-04-24,2887,0.07071231,0.03164559291897984
2025-04-25,2887,0.07993411,0.01547988731089922
2025-04-28,2887,0.10334636,0.006172843938648143
2025-04-29,2887,0.11574504,-0.006134973703409319
2025-04-30,2887,0.113916785,-0.017964084369379796
2025-05-02,2887,0.10355291,-0.006079031654396383
2025-05-05,2887,0.07815794,0.03481015221087791
2025-05-06,2887,0.07708689,0.04075238081851529
2025-05-07,2887,0.08663744,0.034161515365624284
2025-05-08,2887,0.077743195,0.03726710767159003
2025-05-09,2887,0.09178383,0.02469137575459235
2025-05-12,2887,0.09591283,0.018404921110227734
2025-05-13,2887,0.10907476,0.012232424605177483
2025-05-14,2887,0.122299194,0.02849100637812718
2025-05-15,2887,0.11600551,0.025750986277039534
2025-05-16,2887,0.11761956,0.023193551784324695
2025-05-19,2887,0.12915345,0.02288717932093509
2025-05-20,2887,0.14363022,0.02909731624046885
2025-05-21,2887,0.14435583,0.02288717932093509
2025-05-22,2887,0.15182692,0.02909731624046885
2025-05-23,2887,0.14617854,0.014218163645461246
2025-05-26,2887,0.15760556,0.005095030193547956
2025-05-27,2887,0.16621126,0.01126125737264938
2025-05-28,2887,0.17215976,-0.007237424164655004
2025-05-29,2887,0.18631561,0.0020119166039971326
2025-06-02,2887,0.1635384,0.041581659906578805
2025-06-03,2887,0.16407563,0.029012256517494395
2025-06-04,2887,0.17447445,0.0354107967082018
2025-06-05,2887,0.18889686,0.05119449787753405
2025-06-06,2887,0.19690534,0.05439764999335317
2025-03-06,2890,0.054888044,0.06637167365224084
2025-03-07,2890,0.05726667,0.07589284475445779
2025-03-10,2890,0.05697787,0.0714285372536767
2025-03-11,2890,0.055643078,0.07657656374649835
2025-03-12,2890,0.05693905,0.09255080688773987
2025-03-13,2890,0.05884834,0.10909090466229454
2025-03-14,2890,0.05280566,0.1083521417390032
2025-03-17,2890,0.05278496,0.10337081271126225
2025-03-18,2890,0.05390196,0.09417043268170233
2025-03-19,2890,0.056238346,0.08108104193846977
2025-03-20,2890,0.053738598,0.0831460905793806
2025-03-21,2890,0.061663065,0.10180996846559132
2025-03-24,2890,0.03903771,0.07032968513528637
2025-03-25,2890,0.05276971,0.07522122697777656
2025-03-26,2890,0.057444125,0.077605321191619
2025-03-27,2890,0.057724867,0.07317075720939226
2025-03-28,2890,0.05770082,0.1051454006754311
2025-03-31,2890,0.05787809,0.10337081271126225
2025-04-01,2890,0.053691097,0.09865471153736172
2025-04-02,2890,0.049397156,0.09090910819148901
2025-04-07,2890,0.16088955,0.2093596307480674
2025-04-08,2890,0.052672878,0.21975304499476
2025-04-09,2890,0.064288646,0.29057587583614874
2025-04-10,2890,-0.088929296,0.18571427696551246
2025-04-11,2890,-0.0013335757,0.21204820023846516
2025-04-14,2890,0.017552469,0.21479716778195956
2025-04-15,2890,0.03736199,0.21377669778249198
2025-04-16,2890,0.039744876,0.23317308472617615
2025-04-17,2890,0.04886165,0.22541963419183197
2025-04-18,2890,0.069172874,0.22195705632258766
2025-04-21,2890,0.06755234,0.23076922680575174
2025-04-22,2890,0.0656067,0.2524509529655228
2025-04-23,2890,0.037124388,0.23373495033782565
2025-04-24,2890,0.05098806,0.2439024874783342
2025-04-25,2890,0.040786114,0.22409640047693036
2025-04-28,2890,0.06215045,0.21874998872885665
2025-04-29,2890,0.06053223,0.16470588116625628
2025-04-30,2890,0.0597392,0.17136148333138523
2025-05-02,2890,0.097080156,0.1458333550407207
2025-05-05,2890,0.08957054,0.1728971934534247
2025-05-06,2890,0.08209762,0.16099774510089349
2025-05-07,2890,0.09061538,0.15178568950891558
2025-05-08,2890,0.07928547,0.15707965451579042
2025-05-09,2890,0.044649452,0.1271551945157261
2025-05-12,2890,0.07897085,0.1295896669255474
2025-05-13,2890,0.10357304,0.13478261578645845
2025-05-14,2890,0.110437006,0.13695653946614605
2025-05-15,2890,0.12323445,0.14410480962448124
2025-05-16,2890,0.10921295,0.14069263014832067
2025-05-19,2890,0.11880426,0.1469298377559214
2025-05-20,2890,0.09284775,0.13289760134931772
2025-05-21,2890,0.11608395,0.12337662126775939
2025-05-22,2890,0.12577297,0.12147504283295385
2025-05-23,2890,0.08198972,0.10143136261364472
2025-05-26,2890,0.056812562,0.09004479946725219
2025-05-27,2890,0.0659903,0.08088475913559456
2025-05-28,2890,0.06758136,0.08334861102851687
2025-05-29,2890,0.0707104,0.10674840540670405
2025-06-02,2890,0.064693145,0.11421601778062151
2025-06-03,2890,0.054405678,0.09512483650932801
2025-06-04,2890,0.04335325,0.1044134931590106
2025-06-05,2890,0.08561303,0.10860125221697214
2025-06-06,2890,0.11408602,0.12542770338825204
2025-03-06,2891,0.04662788,0.030674831531676272
2025-03-07,2891,0.06007996,0.06117353999213049
2025-03-10,2891,0.053190827,0.05375002196457612
2025-03-11,2891,0.06279673,0.07187896523359827
2025-03-12,2891,0.038092498,0.059553341818247896
2025-03-13,2891,0.0497224,0.06750000488101682
2025-03-14,2891,0.05731836,0.0716981108030359
2025-03-17,2891,0.047158167,0.07481298438261463
2025-03-18,2891,0.0470389,0.0669975226392634
2025-03-19,2891,0.05153764,0.06708072241132967
2025-03-20,2891,0.057084836,0.07509385725012119
2025-03-21,2891,0.05658509,0.09511889465578527
2025-03-24,2891,0.04663075,0.08798017344962195
2025-03-25,2891,0.06335126,0.1006211098369938
2025-03-26,2891,0.057171244,0.10012360307328749
2025-03-27,2891,0.053475372,0.0816831699979923
2025-03-28,2891,0.056330014,0.0877626695759155
2025-03-31,2891,0.065838754,0.11280099586988368
2025-04-01,2891,0.04184494,0.11278195170526306
2025-04-02,2891,0.03996326,0.10148513002208559
2025-04-07,2891,0.1762212,0.23489009985397846
2025-04-08,2891,0.06463534,0.23849374552762037
2025-04-09,2891,0.09039375,0.2911764439304798
2025-04-10,2891,-0.089147195,0.17914439604233956
2025-04-11,2891,-0.016061816,0.17718121337776482
2025-04-14,2891,-0.0016359426,0.19350539370438713
2025-04-15,2891,0.0024629198,0.1993305890189292
2025-04-16,2891,0.017879283,0.2021262314175747
2025-04-17,2891,0.038907185,0.21422562916533638
2025-04-18,2891,0.043720406,0.22622199051955239
2025-04-21,2891,0.045155387,0.2356084684127162
2025-04-22,2891,0.055431835,0.26080925921765363
2025-04-23,2891,0.023664216,0.25186936120192494
2025-04-24,2891,0.028638583,0.24697376596558285
2025-04-25,2891,0.017539438,0.2138724427420653
2025-04-28,2891,0.0047610775,0.1692222272644739
2025-04-29,2891,0.0046671256,0.12841803098359916
2025-04-30,2891,0.022598762,0.12517490226217887
2025-05-02,2891,0.022486899,0.08157498083449122
2025-05-05,2891,0.03538383,0.1130906849347808
2025-05-06,2891,0.044582073,0.1252722749955424
2025-05-07,2891,0.07282689,0.1353061311674606
2025-05-08,2891,0.080831796,0.1404213880953935
2025-05-09,2891,0.064529225,0.13460568199430467
2025-05-12,2891,0.07696634,0.1316774330860846
2025-05-13,2891,0.0865248,0.13148757169850822
2025-05-14,2891,0.09034616,0.1125417034178009
2025-05-15,2891,0.074745685,0.10280109169101181
2025-05-16,2891,0.071089834,0.08550800329723063
2025-05-19,2891,0.08670817,0.08968582234316735
2025-05-20,2891,0.07363528,0.08316076067258393
2025-05-21,2891,0.029117614,0.054127832057384584
2025-05-22,2891,0.056262385,0.05043492310877884
2025-05-23,2891,0.06628819,0.06521812782292069
2025-05-26,2891,0.06710753,0.08981035232547807
2025-05-27,2891,0.04605014,0.10967474191720283
2025-05-28,2891,0.031021405,0.07846494996615916
2025-05-29,2891,0.030709676,0.0786063785551867
2025-06-02,2891,0.02375796,0.055354984807685303
2025-06-03,2891,0.014767565,0.0099501813541647
2025-06-04,2891,0.033092707,0.028039912780497778
2025-06-05,2891,0.04941793,0.0758473123681942
2025-06-06,2891,0.077109456,0.06424485515716416
2025-03-06,2892,0.017224729,-0.0018050429849060246
2025-03-07,2892,0.021725979,0.010889301672896368
2025-03-10,2892,0.02209196,0.014519081695640867
2025-03-11,2892,0.028321426,0.020036421168732277
2025-03-12,2892,0.021321803,0.016363650420899045
2025-03-13,2892,0.012751799,0.009009029613665565
2025-03-14,2892,0.022962086,0.027173897629849453
2025-03-17,2892,0.021859244,0.03629764664609625
2025-03-18,2892,0.012694977,0.030630632072956576
2025-03-19,2892,0.022895122,0.0326679050186891
2025-03-20,2892,0.013765644,0.014440420254088204
2025-03-21,2892,0.02844279,0.030909091818267065
2025-03-24,2892,0.019758893,0.039999983075335255
2025-03-25,2892,0.01921488,0.039999983075335255
2025-03-26,2892,0.012550015,0.04900181913269619
2025-03-27,2892,0.009918537,0.04684686250638581
2025-03-28,2892,0.022983372,0.06375226668924339
2025-03-31,2892,0.039212137,0.07948245720167568
2025-04-01,2892,0.01798775,0.07522935637364991
2025-04-02,2892,0.02168497,0.09040588943970818
2025-04-07,2892,0.11218862,0.2131147334883403
2025-04-08,2892,0.031516604,0.14368929175250011
2025-04-09,2892,0.04645694,0.2049180196391136
2025-04-10,2892,-0.002803091,0.1295238116729731
2025-04-11,2892,0.0026230551,0.1550387428450959
2025-04-14,2892,0.018671785,0.1755424071346643
2025-04-15,2892,0.011904877,0.164383534421364
2025-04-16,2892,0.026332058,0.1801979917628831
2025-04-17,2892,0.021037485,0.19123505505973504
2025-04-18,2892,0.014611509,0.18962072156583543
2025-04-21,2892,0.010995872,0.19038077018925526
2025-04-22,2892,0.022421278,0.2028397905392496
2025-04-23,2892,-0.00022860244,0.19315899594680652
2025-04-24,2892,0.0034297965,0.1995967766873663
2025-04-25,2892,-0.006139133,0.19438876141217176
2025-04-28,2892,-0.006389629,0.1883767745777971
2025-04-29,2892,-0.011310082,0.1825396398975454
2025-04-30,2892,-0.0093331,0.1732283126813421
2025-05-02,2892,-0.00024544448,0.17227720690083914
2025-05-05,2892,0.008043181,0.19760478839630147
2025-05-06,2892,0.0005879514,0.18897637139443546
2025-05-07,2892,0.0021654703,0.19607846390746775
2025-05-08,2892,0.006791793,0.2082514722525486
2025-05-09,2892,-0.0026312396,0.1556219643013499
2025-05-12,2892,0.0034320615,0.13420993550206606
2025-05-13,2892,0.013325203,0.13205774779118262
2025-05-14,2892,0.019767685,0.13762486680308839
2025-05-15,2892,0.025705349,0.15177300857547005
2025-05-16,2892,0.030922875,0.1669445105977614
2025-05-19,2892,0.03155525,0.14006421499840283
2025-05-20,2892,0.0360379,0.13571356298747284
2025-05-21,2892,0.03695967,0.12715490341477076
2025-05-22,2892,0.044536084,0.13154578859231036
2025-05-23,2892,0.050249234,0.13362586714114832
2025-05-26,2892,0.06860554,0.10587297016054698
2025-05-27,2892,0.089591086,0.10631406431838242
2025-05-28,2892,0.10169709,0.10891159501164371
2025-05-29,2892,0.12252137,0.10276235713655013
2025-06-02,2892,0.112520754,0.12117980760712976
2025-06-03,2892,0.11244969,0.12526792093355565
2025-06-04,2892,0.11323166,0.1248902491947661
2025-06-05,2892,0.10019529,0.11807010910147553
2025-06-06,2892,0.12335558,0.11356599951818547
2025-03-06,2912,0.048175465,-0.024809160855950307
2025-03-07,2912,0.04690571,-0.013358778618411615
2025-03-10,2912,0.04330026,-0.00764818524483446
2025-03-11,2912,0.05954995,0.0038461566953189585
2025-03-12,2912,0.049968287,0.001919389207008848
2025-03-13,2912,0.049283504,0.007692309407933973
2025-03-14,2912,0.046361275,0.009652510794818436
2025-03-17,2912,0.05467353,0.003853563409295102
2025-03-18,2912,0.06310579,-0.0019379839205335703
2025-03-19,2912,0.05950701,0.0
2025-03-20,2912,0.054958157,-0.005802710216083584
2025-03-21,2912,0.050848223,-0.005769229068922632
2025-03-24,2912,0.05430223,0.0038834939899750065
2025-03-25,2912,0.053312436,0.005836578187961905
2025-03-26,2912,0.061463937,0.01364522418727887
2025-03-27,2912,0.05112602,-0.0019455247195890868
2025-03-28,2912,0.050482284,0.011673152346729054
2025-03-31,2912,0.06993576,0.04581673183500712
2025-04-01,2912,0.057849184,0.03960396100509933
2025-04-02,2912,0.053529132,0.03937007517698454
2025-04-07,2912,0.062760934,0.11440678112978908
2025-04-08,2912,0.03965269,0.03740157182581383
2025-04-09,2912,0.052232414,0.0565656564980388
2025-04-10,2912,0.042387556,0.04356435587530849
2025-04-11,2912,0.03879007,0.03921568683187382
2025-04-14,2912,0.048030533,0.07185628670731381
2025-04-15,2912,0.04485383,0.05577689236453365
2025-04-16,2912,0.034838967,0.02729044837455774
2025-04-17,2912,0.0364695,0.04330708595610977
2025-04-18,2912,0.033288047,0.029296874439081355
2025-04-21,2912,0.036488038,0.043222003297773925
2025-04-22,2912,0.037323773,0.04527558930728093
2025-04-23,2912,0.03471934,0.03883494794249165
2025-04-24,2912,0.035857946,0.023166024308332034
2025-04-25,2912,0.035972565,0.025242714956208223
2025-04-28,2912,0.03590587,0.01547388723319898
2025-04-29,2912,0.037179966,0.003853563409295102
2025-04-30,2912,0.036201887,0.005747124726676267
2025-05-02,2912,0.034646355,0.01566573542417804
2025-05-05,2912,0.035266828,0.025527015440210965
2025-05-06,2912,0.03392031,0.025603311544001528
2025-05-07,2912,0.035377495,0.0374981479161669
2025-05-08,2912,0.032631252,0.023600623982179325
2025-05-09,2912,0.03209364,0.023668639053254337
2025-05-12,2912,0.032404423,0.02166990321284268
2025-05-13,2912,0.034063395,0.02156349683837444
2025-05-14,2912,0.03806039,0.025488422610252304
2025-05-15,2912,0.034027066,0.03953215476630478
2025-05-16,2912,0.02889581,0.019602722949044304
2025-05-19,2912,0.02972547,0.013640133925950648
2025-05-20,2912,0.028986188,0.009861932938856066
2025-05-21,2912,0.031465035,0.013723736506812356
2025-05-22,2912,0.031546026,0.01566573542417804
2025-05-23,2912,0.029296814,0.02161690184267906
2025-05-26,2912,0.029549235,0.015589441301308016
2025-05-27,2912,0.030940995,0.015551071710247832
2025-05-28,2912,0.030499091,0.0055751279802847
2025-05-29,2912,0.041524477,0.019291561968063586
2025-06-02,2912,0.039942894,0.02123421524035396
2025-06-03,2912,0.038759027,0.041642305402205926
2025-06-04,2912,0.037729856,0.02936361417939004
2025-06-05,2912,0.031530686,0.017336241181743484
2025-06-06,2912,0.03174852,0.019354765469802526
2025-03-06,3008,0.03868673,-0.12954012378600555
2025-03-07,3008,0.03951737,-0.11692746450842728
2025-03-10,3008,0.04214609,-0.08847026413274106
2025-03-11,3008,0.047597017,-0.08195107839492022
2025-03-12,3008,0.04453347,-0.09856489744027375
2025-03-13,3008,0.05522495,-0.022269257661496566
2025-03-14,3008,0.05353313,-0.015975356346418
2025-03-17,3008,0.054594986,-0.011983369772272323
2025-03-18,3008,0.050046846,-0.037972686780605946
2025-03-19,3008,0.051780783,-0.049645389735175294
2025-03-20,3008,0.05005692,-0.07800000006533214
2025-03-21,3008,0.049137905,-0.034552845640342555
2025-03-24,3008,0.05199215,-0.026748970933445304
2025-03-25,3008,0.046041004,-0.0623742452200623
2025-03-26,3008,0.04618085,-0.05410821663130905
2025-03-27,3008,0.046155326,-0.03643724695170192
2025-03-28,3008,0.05011971,-0.020876826387132397
2025-03-31,3008,0.048801564,-0.004246284256887889
2025-04-01,3008,0.040894054,-0.06275303657957643
2025-04-02,3008,0.041449144,-0.07959183638681444
2025-04-07,3008,0.041000932,-0.009070294730363804
2025-04-08,3008,0.037302956,0.08816120865873689
2025-04-09,3008,0.038202632,0.21388888923984872
2025-04-10,3008,0.034075737,0.10606060623463587
2025-04-11,3008,0.032206785,0.12285012291003183
2025-04-14,3008,0.03327003,0.0490654206386234
2025-04-15,3008,0.033672728,0.046296296508999024
2025-04-16,3008,0.033753835,0.05990783398283739
2025-04-17,3008,0.032768104,0.0808314084032633
2025-04-18,3008,0.030689139,0.12993039462743816
2025-04-21,3008,0.029081073,0.1607565011970542
2025-04-22,3008,0.028376319,0.1622911694569622
2025-04-23,3008,0.02622309,0.08256880734380001
2025-04-24,3008,0.024742004,0.12149532736464641
2025-04-25,3008,0.021644732,0.060674157060107925
2025-04-28,3008,0.021706749,0.05882352930170498
2025-04-29,3008,0.022462897,0.04279279265016234
2025-04-30,3008,0.021712925,0.035398229878008225
2025-05-02,3008,0.015391372,0.07013574678094892
2025-05-05,3008,0.01897621,0.09601873515662351
2025-05-06,3008,0.022528937,0.12796208525929664
2025-05-07,3008,0.026997752,0.152380952465339
2025-05-08,3008,0.028579235,0.11709601876711284
2025-05-09,3008,0.02619062,0.11059907815880554
2025-05-12,3008,0.0245732,0.09070294777245302
2025-05-13,3008,0.024198446,0.08558558530032467
2025-05-14,3008,0.025431171,0.04824561397741922
2025-05-15,3008,0.027155787,0.06373626369332142
2025-05-16,3008,0.027505647,0.06507038082007854
2025-05-19,3008,0.025043432,0.08495134604677923
2025-05-20,3008,0.026002672,0.08462141076688723
2025-05-21,3008,0.025051814,0.056372603552175216
2025-05-22,3008,0.02468846,0.05226404279775143
2025-05-23,3008,0.021651234,0.038040758042209744
2025-05-26,3008,0.023522317,0.04950567813011131
2025-05-27,3008,0.022854561,0.0704207474990517
2025-05-28,3008,0.022981092,0.06295949804272816
2025-05-29,3008,0.021945918,0.04666743698390663
2025-06-02,3008,0.024052905,0.06741635117229783
2025-06-03,3008,0.025357481,0.08140096652260498
2025-06-04,3008,0.02333208,0.013886086061656089
2025-06-05,3008,0.024771906,0.020427286674386202
2025-06-06,3008,0.024447516,0.031371670839906995
2025-03-06,3017,0.07628423,0.18402777759535094
2025-03-07,3017,0.11595787,0.25402504354765765
2025-03-10,3017,0.107981175,0.28368794379517426
2025-03-11,3017,0.10487175,0.3553571435197773
2025-03-12,3017,0.11488271,0.37230215875632333
2025-03-13,3017,0.051055603,0.3250883393107822
2025-03-14,3017,0.08318496,0.3142361121874304
2025-03-17,3017,0.12772009,0.30124777101226696
2025-03-18,3017,0.12123038,0.31382978833762265
2025-03-19,3017,0.12142415,0.3771106949899006
2025-03-20,3017,-0.051029023,0.32304899980137924
2025-03-21,3017,0.13151853,0.3775700951989578
2025-03-24,3017,0.12391983,0.4326923075057787
2025-03-25,3017,0.113191545,0.40304182429294677
2025-03-26,3017,0.11887118,0.38533834622107954
2025-03-27,3017,0.12326117,0.4018867926216132
2025-03-28,3017,0.12951872,0.4980158720389578
2025-03-31,3017,0.23589262,0.6718061677141025
2025-04-01,3017,0.14414746,0.7077426380158722
2025-04-02,3017,0.124135345,0.6673819746019676
2025-04-07,3017,0.24076612,0.8164481510521482
2025-04-08,3017,0.22952738,1.1031746034075804
2025-04-09,3017,0.21706133,1.3817914853621711
2025-04-10,3017,-0.053549644,1.2563417888111208
2025-04-11,3017,-0.03318609,1.0097205345162177
2025-04-14,3017,0.074408524,0.9644549755329519
2025-04-15,3017,0.09704289,0.9609195417971832
2025-04-16,3017,0.08127862,1.0409145590844315
2025-04-17,3017,0.063670665,1.0167264048570255
2025-04-18,3017,0.07917687,1.1366906472035612
2025-04-21,3017,0.072862595,1.1637717128171916
2025-04-22,3017,0.04788979,1.1380175656528682
2025-04-23,3017,-0.17551857,0.9719626147959461
2025-04-24,3017,-0.00087156147,0.9410430845070912
2025-04-25,3017,-0.09825507,0.8025477698139392
2025-04-28,3017,0.08499955,0.8168574400856641
2025-04-29,3017,0.11094776,0.8406708592772079
2025-04-30,3017,0.111248046,0.8793103461394989
2025-05-02,3017,-0.14772756,0.8205128214821331
2025-05-05,3017,0.074467726,0.8306772935426179
2025-05-06,3017,0.07604176,0.8206627680043574
2025-05-07,3017,0.10357104,0.889748549530587
2025-05-08,3017,0.09781009,0.9106463859842002
2025-05-09,3017,0.108211406,0.93761814905572
2025-05-12,3017,0.11337431,1.0147874323968686
2025-05-13,3017,0.067376405,0.9182948481829152
2025-05-14,3017,0.06603004,0.7898193766328039
2025-05-15,3017,0.1331445,0.8512396693663686
2025-05-16,3017,0.13669151,0.7886855239142061
2025-05-19,3017,0.13234355,0.7983193282582257
2025-05-20,3017,0.119329676,0.9147157175402845
2025-05-21,3017,-0.0057527088,0.7437168735451749
2025-05-22,3017,0.13432643,0.6484424411113907
2025-05-23,3017,0.14688656,0.756526993757298
2025-05-26,3017,0.1288053,0.7230693367333496
2025-05-27,3017,0.12203172,0.7586731250607872
2025-05-28,3017,0.11010273,0.6839854521268962
2025-05-29,3017,0.108476594,0.7083641559512792
2025-06-02,3017,0.0958626,0.6277894834997348
2025-06-03,3017,-0.09360032,0.5460331445320716
2025-06-04,3017,-0.07550593,0.39387989111768706
2025-06-05,3017,0.12789945,0.416127504968955
2025-06-06,3017,0.09156445,0.3864735155006962
2025-03-06,3034,0.03668288,-0.08639705787851415
2025-03-07,3034,0.0380909,-0.06985293999965914
2025-03-10,3034,0.03848768,-0.0516605162387348
2025-03-11,3034,0.04943439,-0.05056179841897235
2025-03-12,3034,0.037197925,-0.06249999915126925
2025-03-13,3034,0.03706858,-0.04963235169660918
2025-03-14,3034,0.043108698,-0.03896104010529644
2025-03-17,3034,0.03813391,-0.02777777750634358
2025-03-18,3034,0.0311495,-0.06055045886482324
2025-03-19,3034,0.03897546,-0.03888888811801583
2025-03-20,3034,0.028150033,-0.047186932640801094
2025-03-21,3034,0.033710394,-0.04693140770154203
2025-03-24,3034,0.03710709,-0.03776978340113768
2025-03-25,3034,0.039785784,-0.050089446897267687
2025-03-26,3034,0.037355267,-0.03405017861154647
2025-03-27,3034,0.043175783,-0.028520499675432354
2025-03-28,3034,0.051175445,-0.035714285983504124
2025-03-31,3034,0.06108465,-0.01100917381095079
2025-04-01,3034,0.052145004,-0.009057971554795596
2025-04-02,3034,0.05793136,0.020715630952493402
2025-04-07,3034,0.15346664,0.13179916258870206
2025-04-08,3034,0.0771966,0.12421052621288697
2025-04-09,3034,0.0768937,0.1715725376685373
2025-04-10,3034,-0.11272377,0.03858460316668544
2025-04-11,3034,-0.0073562227,0.026365961332734278
2025-04-14,3034,0.011566985,0.03855130124939099
2025-04-15,3034,0.022737542,0.05111462347558726
2025-04-16,3034,0.03422197,0.0736055311744288
2025-04-17,3034,0.01986951,0.0736055311744288
2025-04-18,3034,-0.0025703795,0.04899126314211033
2025-04-21,3034,0.0125080235,0.05319966137473209
2025-04-22,3034,0.032076016,0.08293366531229673
2025-04-23,3034,-0.0057962537,0.0736990297787683
2025-04-24,3034,0.011183362,0.08817837346330837
2025-04-25,3034,-0.058362056,0.03645321781252364
2025-04-28,3034,-0.01867539,0.003906339455409302
2025-04-29,3034,0.0050312914,0.00859372543435466
2025-04-30,3034,-0.0038930997,-0.02905024132656331
2025-05-02,3034,0.014321461,-0.02663187445977433
2025-05-05,3034,0.014301274,-0.038020674202114524
2025-05-06,3034,0.018942028,-0.04574985141445742
2025-05-07,3034,0.025118954,-0.0402339558243725
2025-05-08,3034,0.036437105,-0.05040496278602358
2025-05-09,3034,0.024832966,-0.08276463675857448
2025-05-12,3034,0.0010515973,-0.11552795011079109
2025-05-13,3034,-0.0019757263,-0.1525926793791914
2025-05-14,3034,0.011967428,-0.15220691270199005
2025-05-15,3034,0.025284145,-0.12586322649123938
2025-05-16,3034,0.0361856,-0.1205533588247647
2025-05-19,3034,0.04105281,-0.11884569687937463
2025-05-20,3034,0.025933523,-0.13682058103272488
2025-05-21,3034,0.016353268,-0.1380080265752125
2025-05-22,3034,0.027269544,-0.13377047707877687
2025-05-23,3034,0.031444896,-0.12806707912133464
2025-05-26,3034,0.016514335,-0.14807802626475441
2025-05-27,3034,0.034488425,-0.11952476785468202
2025-05-28,3034,0.02485367,-0.12123378303287824
2025-05-29,3034,0.036562927,-0.10930462317736223
2025-06-02,3034,0.054124624,-0.06787584526250479
2025-06-03,3034,0.035338603,-0.07258354329473382
2025-06-04,3034,0.030498544,-0.08842826624889877
2025-06-05,3034,0.024299681,-0.07990890425122488
2025-06-06,3034,0.019418906,-0.08240868525397271
2025-03-06,3045,0.025429849,-0.017167381213343047
2025-03-07,3045,0.028549839,-0.012820514607287947
2025-03-10,3045,0.03899944,-0.004291842970558957
2025-03-11,3045,0.038052894,-0.008583695272225356
2025-03-12,3045,0.03817502,-0.008547003544037923
2025-03-13,3045,0.039590787,0.0
2025-03-14,3045,0.04165705,-0.004273501772018906
2025-03-17,3045,0.04457598,0.021551720785257578
2025-03-18,3045,0.039089706,0.004273501772019017
2025-03-19,3045,0.040597487,0.008583685941117691
2025-03-20,3045,0.037540946,-0.00851063333738955
2025-03-21,3045,0.038232267,-0.0506329091860912
2025-03-24,3045,0.03912116,-0.021097043200799526
2025-03-25,3045,0.041899044,-0.025641019923344888
2025-03-26,3045,0.036533818,-0.016949151761653347
2025-03-27,3045,0.03715378,-0.02542373224872585
2025-03-28,3045,0.037934154,-0.02553190926386273
2025-03-31,3045,0.040165097,-0.017167381213343047
2025-04-01,3045,0.038909096,0.0
2025-04-02,3045,0.033863496,0.004310342282785928
2025-04-07,3045,0.056770004,0.0
2025-04-08,3045,0.05085955,0.0
2025-04-09,3045,0.046266053,-0.03550390447693197
2025-04-10,3045,0.03884273,-0.06354800104256797
2025-04-11,3045,0.04365133,-0.047540275233954765
2025-04-14,3045,0.04266184,-0.02191944909885435
2025-04-15,3045,0.048657663,-0.026744214572959613
2025-04-16,3045,0.03630194,-0.060024994964451905
2025-04-17,3045,0.073421784,-0.03129213361322947
2025-04-18,3045,0.08134903,-0.027345256661582495
2025-04-21,3045,0.08004789,-0.02275725825213948
2025-04-22,3045,0.08092734,-0.023041477136990562
2025-04-23,3045,0.051643547,-0.026744214572959613
2025-04-24,3045,0.047534343,-0.022475551371104574
2025-04-25,3045,0.0455164,-0.027649766792314234
2025-04-28,3045,0.034288377,-0.01869944181695149
2025-04-29,3045,0.028177056,-0.023041477136990562
2025-04-30,3045,0.02656775,-0.013581271010998264
2025-05-02,3045,0.02820636,-0.03193324549328069
2025-05-05,3045,0.025888316,-0.03584006214759583
2025-05-06,3045,0.027193516,-0.03097575898611804
2025-05-07,3045,0.028323224,-0.03967920981331008
2025-05-08,3045,0.029950397,-0.018169269420441392
2025-05-09,3045,0.02125266,-0.02275725825213948
2025-05-12,3045,0.019854736,-0.02219628603859325
2025-05-13,3045,0.023745073,-0.02275725825213948
2025-05-14,3045,0.02821705,-0.013824888206219299
2025-05-15,3045,0.017226998,-0.03129213361322947
2025-05-16,3045,0.022599027,-0.03161129299046461
2025-05-19,3045,0.024079446,-0.022475551371104574
2025-05-20,3045,0.023910254,-0.01739130360804031
2025-05-21,3045,0.026189016,-0.026153561567055172
2025-05-22,3045,0.026835717,-0.0345127626365056
2025-05-23,3045,0.029868595,-0.03418803275861393
2025-05-26,3045,0.033233523,-0.038638774056240166
2025-05-27,3045,0.036170375,-0.03932942038533527
2025-05-28,3045,0.035697542,-0.043818530119771215
2025-05-29,3045,0.03807705,-0.03161129299046461
2025-06-02,3045,0.038323544,-0.027345256661582495
2025-06-03,3045,0.034511458,-0.01407066122346301
2025-06-04,3045,0.034798548,-0.01407066122346301
2025-06-05,3045,0.020838063,-0.022475551371104574
2025-06-06,3045,0.021260086,-0.03129213361322947
2025-03-06,3231,0.12796137,0.09699624077338043
2025-03-07,3231,0.11293304,0.10666140359509813
2025-03-10,3231,0.119155034,0.12197977180251951
2025-03-11,3231,0.12259948,0.15292933378807816
2025-03-12,3231,0.11411367,0.17272211773055224
2025-03-13,3231,0.11984193,0.18333217860056106
2025-03-14,3231,0.11213198,0.16777392430974802
2025-03-17,3231,0.097762376,0.1317361153576193
2025-03-18,3231,0.093182124,0.11113434698083591
2025-03-19,3231,0.11835264,0.18980059238825908
2025-03-20,3231,0.08400078,0.16713772361472046
2025-03-21,3231,0.09717946,0.17631013543686458
2025-03-24,3231,0.124985784,0.25399679903270966
2025-03-25,3231,0.10870281,0.2490007970048289
2025-03-26,3231,0.083657935,0.18611271761238557
2025-03-27,3231,0.11151816,0.2123076753562434
2025-03-28,3231,0.122234985,0.2348330351138721
2025-03-31,3231,0.11807476,0.3022111156107239
2025-04-01,3231,-0.057183657,0.23285607655909524
2025-04-02,3231,0.09211032,0.21848066599309557
2025-04-07,3231,0.23786558,0.3424903659708036
2025-04-08,3231,0.20563847,0.49633042037512665
2025-04-09,3231,0.113418356,0.6682437139976294
2025-04-10,3231,-0.03239118,0.5115800270895927
2025-04-11,3231,-0.13721675,0.3685895230340761
2025-04-14,3231,-0.042432357,0.24355807763775283
2025-04-15,3231,-0.048235673,0.2107387315486764
2025-04-16,3231,0.003921274,0.2239957339112868
2025-04-17,3231,0.02052119,0.21425248932905427
2025-04-18,3231,-0.107832,0.1720623541967199
2025-04-21,3231,0.046245765,0.18980059238825908
2025-04-22,3231,0.0616527,0.19850981987742067
2025-04-23,3231,0.01901137,0.17038077278444352
2025-04-24,3231,0.084465384,0.19800199353976256
2025-04-25,3231,0.06022724,0.17542551632254288
2025-04-28,3231,0.08364929,0.2107387315486764
2025-04-29,3231,0.0850156,0.1982481269232783
2025-04-30,3231,0.10815178,0.22776163114020287
2025-05-02,3231,0.030242298,0.20571789212544012
2025-05-05,3231,0.09021239,0.23401279092118665
2025-05-06,3231,-0.038891334,0.13379480121382104
2025-05-07,3231,0.06592211,0.20410714243111028
2025-05-08,3231,0.08293222,0.1839827262079492
2025-05-09,3231,0.08740643,0.1936478890296669
2025-05-12,3231,0.07105291,0.18667739022490926
2025-05-13,3231,0.07891998,0.21527202934825573
2025-05-14,3231,-0.17888089,0.13804153150851728
2025-05-15,3231,0.044229932,0.08982320255284515
2025-05-16,3231,0.076695636,0.08541545011955698
2025-05-19,3231,0.09508535,0.10533133023209462
2025-05-20,3231,0.09067115,0.09556190395215913
2025-05-21,3231,0.014585875,0.05705258859538542
2025-05-22,3231,0.088491604,0.038748651938774525
2025-05-23,3231,0.08942391,0.0204447057946211
2025-05-26,3231,0.036695603,-0.0014884707977347311
2025-05-27,3231,0.09518111,0.020683457739393063
2025-05-28,3231,0.08528598,0.011787966054196852
2025-05-29,3231,0.047764916,0.020857137540721604
2025-06-02,3231,0.09277244,0.03417266322864365
2025-06-03,3231,0.0833154,0.03196346275446027
2025-06-04,3231,0.022125768,-0.03947368397122186
2025-06-05,3231,-0.000903327,-0.043478259693761734
2025-06-06,3231,0.031985383,0.0
2025-03-06,3661,0.023062028,-0.05709342569497011
2025-03-07,3661,-0.02314173,-0.06451612885535363
2025-03-10,3661,0.004674766,-0.005253940496208087
2025-03-11,3661,-0.04408544,-0.04794520549839376
2025-03-12,3661,-0.001305785,-0.0770577932372698
2025-03-13,3661,0.008613333,-0.07381370812666566
2025-03-14,3661,0.030524705,0.007155634755733775
2025-03-17,3661,0.04268214,0.014466546223021792
2025-03-18,3661,-0.022395406,-0.0051993067991198405
2025-03-19,3661,0.029413182,-0.014084506796960494
2025-03-20,3661,0.026855666,0.0
2025-03-21,3661,0.03895804,-0.021201413237248112
2025-03-24,3661,0.076811984,0.034111310489647995
2025-03-25,3661,0.009520579,0.012302284806044339
2025-03-26,3661,0.012343559,0.0380622836802218
2025-03-27,3661,0.06614447,0.08596491224217706
2025-03-28,3661,0.0065714195,0.07966101723390873
2025-03-31,3661,0.05591027,0.16423357680771078
2025-04-01,3661,0.028982464,0.1913696059383745
2025-04-02,3661,0.020957772,0.19924812029504535
2025-04-07,3661,0.17175743,0.3444676405815854
2025-04-08,3661,0.19795658,0.4884259260676358
2025-04-09,3661,0.15508738,0.7300771207972738
2025-04-10,3661,0.028683854,0.6206088987914173
2025-04-11,3661,0.014836103,0.6141176469761149
2025-04-14,3661,-0.06619768,0.4843049328409763
2025-04-15,3661,-0.05745973,0.4279661015680509
2025-04-16,3661,-0.0018869229,0.6589861752095263
2025-04-17,3661,-0.020421837,0.6952595935971626
2025-04-18,3661,-0.0018428192,0.7823129253070906
2025-04-21,3661,0.034486562,0.7957244654294857
2025-04-22,3661,0.056697976,0.8646616536141534
2025-04-23,3661,-0.004886113,0.834532374271383
2025-04-24,3661,0.0020887814,0.8838862559921883
2025-04-25,3661,-0.019068394,0.7986111113804677
2025-04-28,3661,-0.004099991,0.7716894977716156
2025-04-29,3661,0.007886123,0.7540229888855579
2025-04-30,3661,0.03292116,0.7647058819896948
2025-05-02,3661,-0.07455833,0.6891304349600658
2025-05-05,3661,-0.011637665,0.7120879116910248
2025-05-06,3661,0.011797588,0.650549450132085
2025-05-07,3661,0.019050762,0.6816143495890419
2025-05-08,3661,-0.042395633,0.5820895524443939
2025-05-09,3661,-1.1354685e-05,0.6369565219433013
2025-05-12,3661,-0.08828282,0.5177865612001662
2025-05-13,3661,-0.13645595,0.4508348795814212
2025-05-14,3661,-0.042671595,0.47912885664692784
2025-05-15,3661,0.02115428,0.5147058822819948
2025-05-16,3661,0.038713414,0.5567765566627889
2025-05-19,3661,0.052197997,0.6525911708454166
2025-05-20,3661,-0.07473029,0.4764397907456217
2025-05-21,3661,-0.03856467,0.3540268456858924
2025-05-22,3661,0.027673021,0.26206896543562475
2025-05-23,3661,0.0041668564,0.2744107745166253
2025-05-26,3661,0.035236288,0.2924693521675694
2025-05-27,3661,0.039485063,0.3618881118745374
2025-05-28,3661,0.04700574,0.3940455343871432
2025-05-29,3661,0.046252195,0.4519572957124307
2025-06-02,3661,0.06281279,0.47058823525045845
2025-06-03,3661,0.06471813,0.49080882364333567
2025-06-04,3661,0.03136098,0.39572192488544444
2025-06-05,3661,0.05444889,0.39861791792898327
2025-06-06,3661,0.060908165,0.4373647530279847
2025-03-06,3711,0.0074888654,-0.15662650792437582
2025-03-07,3711,0.012494709,-0.12307691960663958
2025-03-10,3711,0.0047605596,-0.09627328871344021
2025-03-11,3711,0.021697488,-0.0705128240416305
2025-03-12,3711,-0.008387972,-0.09748427983648389
2025-03-13,3711,-0.007881656,-0.07936508274255705
2025-03-14,3711,-0.007335581,-0.045161292066234204
2025-03-17,3711,-0.028129298,-0.060317463948248884
2025-03-18,3711,-0.03886308,-0.09034268012377233
2025-03-19,3711,-0.031297255,-0.0854430370307705
2025-03-20,3711,-0.044138696,-0.09538461221178463
2025-03-21,3711,-0.03846577,-0.0714285728224694
2025-03-24,3711,-0.037951875,-0.046728971352792414
2025-03-25,3711,-0.0361547,-0.04984424045972602
2025-03-26,3711,-0.039282393,-0.07120742540173175
2025-03-27,3711,-0.021468278,-0.05750798657905143
2025-03-28,3711,-0.0045478977,-0.0332225886572558
2025-03-31,3711,0.011608217,0.026917087557452923
2025-04-01,3711,-0.033305306,-0.00037690942884771594
2025-04-02,3711,-0.037885163,0.023872898091893857
2025-04-07,3711,-0.006113149,0.11110521847372712
2025-04-08,3711,0.08007775,0.16396744452912881
2025-04-09,3711,0.15486604,0.32207095402780017
2025-04-10,3711,-0.011393361,0.23059660532944504
2025-04-11,3711,-0.052138556,0.15740127216339705
2025-04-14,3711,-0.06511521,0.16312275931057396
2025-04-15,3711,-0.073306695,0.15268909008416576
2025-04-16,3711,-0.07274458,0.1738447438443611
2025-04-17,3711,-0.0656333,0.21410946475868653
2025-04-18,3711,-0.07014628,0.23892777971876744
2025-04-21,3711,-0.074937776,0.2316340787967952
2025-04-22,3711,-0.07531938,0.22908450568405514
2025-04-23,3711,-0.086512506,0.15856568921592729
2025-04-24,3711,-0.08058652,0.21795009689531897
2025-04-25,3711,-0.08727905,0.15856568921592729
2025-04-28,3711,-0.0823213,0.1703692327146702
2025-04-29,3711,-0.07938871,0.15020059117214957
2025-04-30,3711,-0.06848125,0.16417768833689128
2025-05-02,3711,-0.072868675,0.1385969730597334
2025-05-05,3711,-0.06385471,0.18108193122141314
2025-05-06,3711,-0.061931107,0.12143562088027382
2025-05-07,3711,-0.060026232,0.12205283838225522
2025-05-08,3711,-0.05558184,0.09441058143853942
2025-05-09,3711,-0.056403156,0.11705356423836855
2025-05-12,3711,-0.061340813,0.08896245184346707
2025-05-13,3711,-0.062310282,0.08074671898473329
2025-05-14,3711,-0.061145272,0.023965763318937627
2025-05-15,3711,-0.057682026,0.024011733232326637
2025-05-16,3711,-0.0478773,0.04486302349707483
2025-05-19,3711,-0.03551914,0.08165397980427347
2025-05-20,3711,-0.041938607,0.08464841282307778
2025-05-21,3711,-0.039210666,0.06653125105362379
2025-05-22,3711,-0.039518278,0.03780313811616853
2025-05-23,3711,-0.030546281,0.04872737712007269
2025-05-26,3711,-0.035730224,0.034199654679132996
2025-05-27,3711,-0.028500166,0.08914322076169712
2025-05-28,3711,-0.03267504,0.08896245184346707
2025-05-29,3711,-0.010841962,0.1318070387517858
2025-06-02,3711,-0.01400296,0.13811124914382766
2025-06-03,3711,-0.013213456,0.1738447438443611
2025-06-04,3711,-0.044427585,0.15640921421124254
2025-06-05,3711,-0.042500865,0.16799349535043206
2025-06-06,3711,-0.04209775,0.1721949166258816
2025-03-06,4904,0.029657774,-0.05452561992679461
2025-03-07,4904,0.02880077,-0.050701196649339364
2025-03-10,4904,0.03242874,-0.05591397526597908
2025-03-11,4904,0.03873723,-0.05268817459589237
2025-03-12,4904,0.044680413,-0.03908794811241423
2025-03-13,4904,0.04544346,-0.02491874161511065
2025-03-14,4904,0.046268012,-0.020562772755921777
2025-03-17,4904,0.048190895,0.009857606437215338
2025-03-18,4904,0.033261396,-0.00969827018127667
2025-03-19,4904,0.038200866,0.007683865972490045
2025-03-20,4904,0.026737936,-0.010810807015877
2025-03-21,4904,0.031388175,-0.07188841450926231
2025-03-24,4904,0.03465741,-0.043010749309358
2025-03-25,4904,0.036640182,-0.046436287407104926
2025-03-26,4904,0.037236497,-0.03563715514997723
2025-03-27,4904,0.033855382,-0.0427350393746998
2025-03-28,4904,0.03546551,-0.045891144309315846
2025-03-31,4904,0.042928237,-0.03369565439896416
2025-04-01,4904,0.035432935,-0.02162162573279991
2025-04-02,4904,0.035239458,-0.019417475841512544
2025-04-07,4904,0.0643333,-0.0033936713079425473
2025-04-08,4904,0.064333364,-0.006795017056951291
2025-04-09,4904,0.07575583,-0.027578595735791578
2025-04-10,4904,0.032337103,-0.06543656485799809
2025-04-11,4904,0.07420484,-0.03902929110245579
2025-04-14,4904,0.09418325,-0.00652924755141937
2025-04-15,4904,0.077105075,-0.031637263867863474
2025-04-16,4904,0.08568849,-0.02725553594652319
2025-04-17,4904,0.118956804,-0.01292721055921553
2025-04-18,4904,0.124874696,-0.0024810756510347254
2025-04-21,4904,0.11984944,-0.0025331570635156453
2025-04-22,4904,0.120333776,-0.0029542222836117515
2025-04-23,4904,0.07363215,-0.009324754031087124
2025-04-24,4904,0.061641123,-0.01438932411240712
2025-04-25,4904,0.053463865,-0.0027426995710870816
2025-04-28,4904,0.0424608,-0.004123094014961137
2025-04-29,4904,0.020964459,-0.015595702296665959
2025-04-30,4904,0.020275397,0.000958565189606464
2025-05-02,4904,0.013741378,-0.01552876048711116
2025-05-05,4904,0.013905004,-0.02566633025166265
2025-05-06,4904,0.017174667,-0.028354684223072968
2025-05-07,4904,0.020574702,-0.015064454618007428
2025-05-08,4904,0.024256818,-0.0009190221321210279
2025-05-09,4904,0.020280994,-0.0019668141798012684
2025-05-12,4904,0.022502983,0.014691610353669171
2025-05-13,4904,0.026544433,0.018126897473472514
2025-05-14,4904,0.018454049,0.021778246563382897
2025-05-15,4904,-0.0027442798,-0.02022819501517026
2025-05-16,4904,0.008767594,-0.01267115853120715
2025-05-19,4904,0.016949832,-0.004640488590827996
2025-05-20,4904,0.023733381,0.006817457759360046
2025-05-21,4904,0.013658829,-0.008703645113932179
2025-05-22,4904,0.021451179,0.01040297217819064
2025-05-23,4904,0.020191219,0.004834101112420219
2025-05-26,4904,0.02328767,-0.009921154413217725
2025-05-27,4904,0.032613732,-0.005013526017429437
2025-05-28,4904,0.032551676,-0.0024441468717879555
2025-05-29,4904,0.053636525,0.009775893535117763
2025-06-02,4904,0.061234828,0.013188842519479493
2025-06-03,4904,0.0839833,0.02646242863647963
2025-06-04,4904,0.1030232,0.03861429421843887
2025-06-05,4904,0.08094732,0.028947477571958702
2025-06-06,4904,0.079785526,0.018182874335419985
2025-03-06,4938,0.013357893,-0.07559395544750658
2025-03-07,4938,-0.0003192015,-0.08012819430727125
2025-03-10,4938,-0.0007514022,-0.08494624198854417
2025-03-11,4938,0.00020243973,-0.07982740811049382
2025-03-12,4938,-0.008159123,-0.10848549294889875
2025-03-13,4938,-0.008817263,-0.10463861859740509
2025-03-14,4938,0.009583276,-0.0983691540942434
2025-03-17,4938,-0.007720884,-0.10622650226082242
2025-03-18,4938,-0.008674942,-0.12274358054214451
2025-03-19,4938,-0.0036929958,-0.11539488731097325
2025-03-20,4938,-0.014011446,-0.14193136068482815
2025-03-21,4938,-0.0052819215,-0.12119950662984946
2025-03-24,4938,-0.00808363,-0.12640702112967184
2025-03-25,4938,-0.0014224835,-0.12142732061513062
2025-03-26,4938,-0.011525925,-0.1214106399819933
2025-03-27,4938,-0.004613746,-0.09774946465297818
2025-03-28,4938,0.007695403,-0.076042271715276
2025-03-31,4938,0.024557404,-0.028370140504193397
2025-04-01,4938,-0.016815599,-0.05034324763430775
2025-04-02,4938,-0.012482811,-0.052305616076635975
2025-04-07,4938,0.010070849,0.06543730614875143
2025-04-08,4938,0.075274445,0.11312411273136669
2025-04-09,4938,0.14116968,0.2096904423357262
2025-04-10,4938,0.004688062,0.10493946649663544
2025-04-11,4938,-0.02649961,0.08304722122675279
2025-04-14,4938,-0.02526429,0.08714681421843506
2025-04-15,4938,-0.027900796,0.09643507252284977
2025-04-16,4938,-0.03086542,0.08412649198635003
2025-04-17,4938,-0.030065361,0.09494250303511365
2025-04-18,4938,-0.03407823,0.07871193366259166
2025-04-21,4938,-0.030803826,0.09359901254508962
2025-04-22,4938,-0.021329444,0.10120861873824993
2025-04-23,4938,-0.04288954,0.0905322838540179
2025-04-24,4938,-0.037255842,0.08265796578269646
2025-04-25,4938,-0.040505234,0.06257211854254385
2025-04-28,4938,-0.038713504,0.0355110931863265
2025-04-29,4938,-0.028431077,0.03408693352832359
2025-04-30,4938,-0.016225044,0.05209055457183576
2025-05-02,4938,-0.029104378,0.019108279491655056
2025-05-05,4938,-0.016223755,0.056006483788785255
2025-05-06,4938,-0.023850884,0.03425592323222326
2025-05-07,4938,-0.014876787,0.06248881255961347
2025-05-08,4938,-0.011180796,0.0317855968121632
2025-05-09,4938,-0.009904496,0.024441528870833507
2025-05-12,4938,-0.007796824,0.005141948044083522
2025-05-13,4938,-0.0044757016,-0.027552163362905335
2025-05-14,4938,2.644956e-06,-0.0602876910065655
2025-05-15,4938,0.006058786,-0.06388946367778892
2025-05-16,4938,0.012601595,-0.1368776875321358
2025-05-19,4938,0.01819513,-0.12933413299630614
2025-05-20,4938,0.02021173,-0.13301819921964197
2025-05-21,4938,0.024719961,-0.13592311947425562
2025-05-22,4938,0.025517084,-0.1467203122422065
2025-05-23,4938,0.026307113,-0.1354814533198514
2025-05-26,4938,0.023246607,-0.1415411646103596
2025-05-27,4938,0.0244857,-0.1170145999999922
2025-05-28,4938,0.021753881,-0.12243286789030106
2025-05-29,4938,0.02515257,-0.11154468115950888
2025-06-02,4938,0.024811134,-0.09628167496450368
2025-06-03,4938,0.017581182,-0.11002153406580406
2025-06-04,4938,0.01356465,-0.1396767240666048
2025-06-05,4938,0.015248779,-0.1384298761709989
2025-06-06,4938,0.014718432,-0.14247481126074613
2025-03-06,5871,0.031888433,-0.027888439036761303
2025-03-07,5871,0.03418391,-0.01999999725652324
2025-03-10,5871,0.033879895,-0.012096775935989013
2025-03-11,5871,0.033959895,0.01652892510745896
2025-03-12,5871,0.031726398,0.004115232834731808
2025-03-13,5871,0.02951007,0.012396696044789657
2025-03-14,5871,0.026720427,-0.008163269412482133
2025-03-17,5871,0.023871202,-0.012244899744557447
2025-03-18,5871,0.023090692,-0.04016064557782428
2025-03-19,5871,0.020204164,-0.028340073664295806
2025-03-20,5871,0.011818606,-0.004115224014397567
2025-03-21,5871,0.014347453,-0.004048580712400107
2025-03-24,5871,0.015435036,0.0
2025-03-25,5871,0.01287606,0.016260162105777187
2025-03-26,5871,0.014359735,0.02016128746497814
2025-03-27,5871,0.009960968,0.024291501629390533
2025-03-28,5871,0.006019227,0.041152266604978394
2025-03-31,5871,0.002454523,0.11206896703045044
2025-04-01,5871,0.009371631,0.09243697637914594
2025-04-02,5871,0.010220874,0.07438016741195597
2025-04-07,5871,0.00028703362,0.17889907887059198
2025-04-08,5871,0.023483213,0.2296650755485743
2025-04-09,5871,0.091336906,0.36267231466249394
2025-04-10,5871,0.03803263,0.25120773136938945
2025-04-11,5871,0.01151843,0.17592592565029053
2025-04-14,5871,0.0032181852,0.1428571483248502
2025-04-15,5871,0.005702704,0.12068966106596513
2025-04-16,5871,-0.002488736,0.1453744519596829
2025-04-17,5871,-0.0041487925,0.17040358692674107
2025-04-18,5871,-7.729232e-05,0.1460177013810875
2025-04-21,5871,-0.005468946,0.16666666827578158
2025-04-22,5871,-0.0017642267,0.17351598110951016
2025-04-23,5871,-0.0017606728,0.15486725386755973
2025-04-24,5871,-0.0013348535,0.17040358692674107
2025-04-25,5871,7.499382e-05,0.13596492019701278
2025-04-28,5871,0.005350344,0.12227073806657329
2025-04-29,5871,0.0070515014,0.10480348977134857
2025-04-30,5871,0.004493121,0.10442910702320507
2025-05-02,5871,0.009244747,0.06707117249734429
2025-05-05,5871,0.01076949,0.05787228307926373
2025-05-06,5871,0.018777777,0.053506716078069116
2025-05-07,5871,0.024601918,0.048869119803718775
2025-05-08,5871,0.031736,0.035342807180171354
2025-05-09,5871,0.03184604,0.01830942581444628
2025-05-12,5871,0.033383556,0.0013971334690823234
2025-05-13,5871,0.03655749,-0.002690199445338215
2025-05-14,5871,0.038453292,-0.014063027744197765
2025-05-15,5871,0.05434954,0.024136839754319794
2025-05-16,5871,0.05315376,0.02084039308708907
2025-05-19,5871,0.07386408,0.0076265632119965066
2025-05-20,5871,0.08764705,0.020023842734531616
2025-05-21,5871,0.08065903,-0.003976721700412966
2025-05-22,5871,0.09878461,-0.037170928884908916
2025-05-23,5871,0.0995262,-0.028407569597396654
2025-05-26,5871,0.13191995,-0.006111927664584127
2025-05-27,5871,0.1333647,0.027928961098006688
2025-05-28,5871,0.12759273,0.014806463722287333
2025-05-29,5871,0.11317849,0.02315878453217124
2025-06-02,5871,0.11841342,0.027202957917629167
2025-06-03,5871,0.12279217,0.04041355626177845
2025-06-04,5871,0.11055784,-0.010103443759737263
2025-06-05,5871,0.12053822,0.014573411541044079
2025-06-06,5871,0.13288705,0.02738671099734047
2025-03-06,5876,0.03561219,0.0660592251346499
2025-03-07,5876,0.036550514,0.053591809536670976
2025-03-10,5876,0.037615635,0.0525114188873379
2025-03-11,5876,0.040295057,0.061926590235455325
2025-03-12,5876,0.042461164,0.06628571385088677
2025-03-13,5876,0.04341857,0.07560138038564101
2025-03-14,5876,0.04267367,0.05736781469921337
2025-03-17,5876,0.04480093,0.05775765480184836
2025-03-18,5876,0.043825455,0.044893383311342516
2025-03-19,5876,0.045189805,0.059483743396203215
2025-03-20,5876,0.045978732,0.05499439105350312
2025-03-21,5876,0.04760237,0.05672970924345444
2025-03-24,5876,0.050233275,0.03875968867212465
2025-03-25,5876,0.050773874,0.05672970924345444
2025-03-26,5876,0.052232012,0.042175358019079345
2025-03-27,5876,0.053219594,0.020902100684615732
2025-03-28,5876,0.055328876,0.05871126324028553
2025-03-31,5876,0.056840617,0.07966119445669118
2025-04-01,5876,0.058233965,0.07706378784683432
2025-04-02,5876,0.05960533,0.050580606495527425
2025-04-07,5876,0.060814466,0.17150701249721823
2025-04-08,5876,0.036400817,0.06329939439192267
2025-04-09,5876,0.048241295,0.06232188191188359
2025-04-10,5876,0.048536748,0.019262891726989473
2025-04-11,5876,0.05745078,-0.0009944349513523187
2025-04-14,5876,0.056538373,0.003124843398632393
2025-04-15,5876,0.055419326,0.0069066885410360435
2025-04-16,5876,0.05424472,-0.011165866796324586
2025-04-17,5876,0.054988846,-0.010660970972371508
2025-04-18,5876,0.06325169,-0.0040062241403471255
2025-04-21,5876,0.06943709,-0.026796690738843165
2025-04-22,5876,0.08086093,-0.02870616184206609
2025-04-23,5876,0.08191696,-0.008704267870452753
2025-04-24,5876,0.09025416,-0.018803278898235853
2025-04-25,5876,0.0947742,-0.009981201724418076
2025-04-28,5876,0.087734394,-0.02884966170815162
2025-04-29,5876,0.095710054,-0.029890565857473517
2025-04-30,5876,0.09373957,-0.03268771768400025
2025-05-02,5876,0.10155366,-0.044114833997314085
2025-05-05,5876,0.106611714,-0.030929219471184988
2025-05-06,5876,0.088410035,-0.02459487329707588
2025-05-07,5876,0.10031566,-0.02521942955307488
2025-05-08,5876,0.10257965,-0.003552509821538097
2025-05-09,5876,0.083755836,-0.024940365308471768
2025-05-12,5876,0.089478076,-0.023833600683396128
2025-05-13,5876,0.09037016,-0.023697317895528647
2025-05-14,5876,0.089171514,-0.0203196516044859
2025-05-15,5876,0.09836592,8.678605465561873e-05
2025-05-16,5876,0.083008416,-0.001076418549876501
2025-05-19,5876,0.06549826,-0.029950620641547743
2025-05-20,5876,0.06661078,0.01440619279296329
2025-05-21,5876,0.047274366,-0.032843460412452785
2025-05-22,5876,0.05141732,-0.03411138458565799
2025-05-23,5876,0.05711168,-0.04318183853534241
2025-05-26,5876,0.05324986,-0.06235183585215365
2025-05-27,5876,0.062009506,-0.0735331686514814
2025-05-28,5876,0.08515817,-0.07038912839886036
2025-05-29,5876,0.12936084,-0.07138762915338648
2025-06-02,5876,0.13845138,-0.0703417604424117
2025-06-03,5876,0.1590349,-0.0656142748614118
2025-06-04,5876,0.1539624,-0.08045711617793405
2025-06-05,5876,0.17079994,-0.07411439322283164
2025-06-06,5876,0.17621745,-0.08483885097950172
2025-03-06,5880,0.023654995,-0.0020492048689378928
2025-03-07,5880,0.023996357,-0.002053369251750814
2025-03-10,5880,0.024597742,0.0041067819840576725
2025-03-11,5880,0.035025068,0.0061728263275859785
2025-03-12,5880,0.03290274,0.01863354500180714
2025-03-13,5880,0.025267951,0.02070396324681001
2025-03-14,5880,0.0204412,0.02898550470489014
2025-03-17,5880,0.022093255,0.022680422723471372
2025-03-18,5880,0.020944903,0.0061601512358087085
2025-03-19,5880,0.021134546,0.00824743438305453
2025-03-20,5880,0.017968114,-0.008179970612175236
2025-03-21,5880,0.025777433,0.014462808290287121
2025-03-24,5880,0.01906755,0.016359897921629507
2025-03-25,5880,0.021757104,0.01840491222603413
2025-03-26,5880,0.0211784,0.01832994302838631
2025-03-27,5880,0.022067197,0.006097591155172388
2025-03-28,5880,0.024824442,0.022680422723471372
2025-03-31,5880,0.028145581,0.03534301831961484
2025-04-01,5880,0.019371523,0.030927857106525902
2025-04-02,5880,0.018069789,0.02464064842379088
2025-04-07,5880,0.033615895,0.1435080080445823
2025-04-08,5880,0.0072011836,0.10698688613737795
2025-04-09,5880,0.070809975,0.13258424164697402
2025-04-10,5880,-0.030093636,0.06526313809227058
2025-04-11,5880,-0.03351744,0.06889351360195084
2025-04-14,5880,-0.032735396,0.07291665931422542
2025-04-15,5880,-0.029318575,0.07098117707793694
2025-04-16,5880,-0.0222856,0.07756813165914744
2025-04-17,5880,-0.020272601,0.07740585672114753
2025-04-18,5880,-0.013992146,0.07983195744566118
2025-04-21,5880,-0.013395775,0.0625
2025-04-22,5880,-0.0055306964,0.06485358197131297
2025-04-23,5880,-0.0011992753,0.07306888476066664
2025-04-24,5880,0.0051110275,0.07756813165914744
2025-04-25,5880,0.009206425,0.07578949095271192
2025-04-28,5880,0.007839013,0.06276150664685543
2025-04-29,5880,0.011756837,0.05394189668263283
2025-04-30,5880,0.014077242,0.05338807883163921
2025-05-02,5880,0.01778211,0.036734703049576156
2025-05-05,5880,0.027856633,0.04907973706760993
2025-05-06,5880,0.024190962,0.042253560131975565
2025-05-07,5880,0.030047938,0.05040323277826442
2025-05-08,5880,0.03462016,0.0668016067647621
2025-05-09,5880,0.029681461,0.05210424005169245
2025-05-12,5880,0.030171227,0.041999995172093074
2025-05-13,5880,0.034902103,0.042253560131975565
2025-05-14,5880,0.030889232,0.03799998958188522
2025-05-15,5880,0.03329104,0.043899318711415836
2025-05-16,5880,0.033414513,0.05029843268423906
2025-05-19,5880,0.038322605,0.043899318711415836
2025-05-20,5880,0.038829044,0.04181149505158599
2025-05-21,5880,0.037927054,0.0376187735371456
2025-05-22,5880,0.04620655,0.04164037611987048
2025-05-23,5880,0.045241237,0.045918160005372854
2025-05-26,5880,0.04568029,0.03308480834886529
2025-05-27,5880,0.053829715,0.03930509252581049
2025-05-28,5880,0.05033768,0.028501505285417394
2025-05-29,5880,0.17756227,0.04992860485486994
2025-06-02,5880,0.18838634,0.05432161779716149
2025-06-03,5880,0.1709538,0.049891695033307926
2025-06-04,5880,0.14362857,0.03910460618044587
2025-06-05,5880,0.13959828,0.056550361309407604
2025-06-06,5880,0.10781339,0.04353334128157904
2025-03-06,6446,0.068513274,-0.08542713469093577
2025-03-07,6446,0.07329345,-0.06055363173208461
2025-03-10,6446,0.091790736,-0.03664921460326975
2025-03-11,6446,0.0890052,-0.016216215242029985
2025-03-12,6446,0.09702121,-0.042704628101726705
2025-03-13,6446,0.097984135,-0.05385996308635188
2025-03-14,6446,0.099164665,-0.052158272474523315
2025-03-17,6446,0.0995858,-0.053380784028518535
2025-03-18,6446,0.0968705,-0.07067137813812896
2025-03-19,6446,0.077985525,-0.09075043513424019
2025-03-20,6446,0.07530329,-0.089655171327224
2025-03-21,6446,0.07000403,-0.048442905812958736
2025-03-24,6446,0.05085953,-0.026785712690934882
2025-03-25,6446,0.04629756,-0.023008850335058728
2025-03-26,6446,0.0426024,-0.03866432319507607
2025-03-27,6446,0.04109617,-0.019677995248489455
2025-03-28,6446,0.039969694,-0.012589927302576687
2025-03-31,6446,0.042106282,0.10231660337049786
2025-04-01,6446,0.02616581,0.04716981079321991
2025-04-02,6446,0.027354496,0.00932835995404635
2025-04-07,6446,0.025849633,0.0963730575968551
2025-04-08,6446,0.03433994,0.06829765501734153
2025-04-09,6446,0.07531701,0.1717171739570722
2025-04-10,6446,0.011684097,0.09387755038265722
2025-04-11,6446,0.01877645,0.0828282828585214
2025-04-14,6446,0.024954334,0.05326633214224907
2025-04-15,6446,0.03490395,0.041501976192947376
2025-04-16,6446,0.043079764,0.08163265316408763
2025-04-17,6446,0.049043152,0.10707070814417952
2025-04-18,6446,0.059054863,0.0970970973965346
2025-04-21,6446,0.071319476,0.10772357827646295
2025-04-22,6446,0.07848017,0.09109730801221483
2025-04-23,6446,0.07291311,0.0763052213017903
2025-04-24,6446,0.080542505,0.07237512673322066
2025-04-25,6446,0.083884686,0.03510531505586223
2025-04-28,6446,0.08846989,-0.001956947044198687
2025-04-29,6446,0.08567097,-0.058270675496230995
2025-04-30,6446,0.09909636,-0.05047619091749589
2025-05-02,6446,0.10790068,-0.07806691442987956
2025-05-05,6446,0.11211102,-0.07884972044657934
2025-05-06,6446,0.114774376,-0.061205272857270177
2025-05-07,6446,0.10233268,0.013944222250033889
2025-05-08,6446,0.08782967,-0.015533979651336627
2025-05-09,6446,0.095553055,-0.009708737282085433
2025-05-12,6446,0.10093793,0.022044089341788586
2025-05-13,6446,0.101049,0.006194369906108221
2025-05-14,6446,0.10021096,-0.005729510703942675
2025-05-15,6446,0.10889794,-0.009768970567430313
2025-05-16,6446,0.11931282,0.019215325305966813
2025-05-19,6446,0.11942233,0.004153893155623978
2025-05-20,6446,0.12417178,0.0021615249694186822
2025-05-21,6446,0.12432249,-0.015698780727294137
2025-05-22,6446,0.1102501,0.023724426627030004
2025-05-23,6446,0.110316105,-0.00784008884210663
2025-05-26,6446,0.1128501,-0.04179292823584724
2025-05-27,6446,0.12261172,-0.0319587599912462
2025-05-28,6446,0.13288674,-0.015351976419762603
2025-05-29,6446,0.13562766,0.0021615235001239963
2025-06-02,6446,0.13358259,-0.011620657249695854
2025-06-03,6446,0.1333515,-0.03383845160674015
2025-06-04,6446,0.14149432,-0.048812143136590436
2025-06-05,6446,0.13938363,-0.031938489501102785
2025-06-06,6446,0.12651595,0.015970837281548356
2025-03-06,6505,0.032291695,-0.02709678857143072
2025-03-07,6505,0.054494735,-0.007802344874530687
2025-03-10,6505,0.044538256,-0.042875163414892725
2025-03-11,6505,0.053032428,-0.007722011878121937
2025-03-12,6505,0.069310464,0.027096761591143048
2025-03-13,6505,0.089198574,0.053333315118641256
2025-03-14,6505,0.0394106,-0.044025171624112014
2025-03-17,6505,0.03768015,-0.04228853696460677
2025-03-18,6505,0.041581284,-0.09001233544744125
2025-03-19,6505,0.062156796,-0.0642317460948657
2025-03-20,6505,0.07738573,-0.03620472911114081
2025-03-21,6505,0.120110154,-0.05161291262539047
2025-03-24,6505,0.13772322,-0.04519175501205108
2025-03-25,6505,0.17810297,-0.013873628531546833
2025-03-26,6505,0.20530936,-0.017782900568943605
2025-03-27,6505,0.22995725,-0.039135440274555955
2025-03-28,6505,0.2754558,0.02773439337221184
2025-03-31,6505,0.32107142,0.07532090783505319
2025-04-01,6505,0.2867887,0.050762170506988724
2025-04-02,6505,0.31139645,0.02632046081036732
2025-04-07,6505,0.437738,0.13215662608342904
2025-04-08,6505,0.46914327,0.11780497668783041
2025-04-09,6505,0.54385936,0.20721653653038374
2025-04-10,6505,0.39848545,0.09741879924316654
2025-04-11,6505,0.4287525,0.06682811323210713
2025-04-14,6505,0.4173774,0.060114351760756524
2025-04-15,6505,0.34363502,-0.0024456236343074478
2025-04-16,6505,0.36493337,0.036510475800305864
2025-04-17,6505,0.3871661,0.1000019584459011
2025-04-18,6505,0.3948554,0.10767820180573806
2025-04-21,6505,0.44791916,0.13260999947517793
2025-04-22,6505,0.45749494,0.1282538269322997
2025-04-23,6505,0.43122405,0.12391367634521155
2025-04-24,6505,0.47440252,0.1830404282407867
2025-04-25,6505,0.45585486,0.1493045919035938
2025-04-28,6505,0.48152137,0.1867536302854509
2025-04-29,6505,0.47326246,0.1347154198445364
2025-04-30,6505,0.50021553,0.2650199716273902
2025-05-02,6505,0.49191993,0.24894524008969543
2025-05-05,6505,0.38973832,0.13927421855618527
2025-05-06,6505,0.363111,0.06976819225726572
2025-05-07,6505,0.32107913,0.028848294887637627
2025-05-08,6505,0.30126995,0.0353589314809819
2025-05-09,6505,0.290562,0.02225311369256544
2025-05-12,6505,0.2600861,-0.01898689783447871
2025-05-13,6505,0.29372597,0.03789985944345631
2025-05-14,6505,0.26691473,0.06196473368152655
2025-05-15,6505,0.259421,0.062014539262386315
2025-05-16,6505,0.27410507,0.07414415348883097
2025-05-19,6505,0.3160586,0.12113776227694584
2025-05-20,6505,0.2987112,0.10344772476618425
2025-05-21,6505,0.2688921,0.05589690458279195
2025-05-22,6505,0.29086342,0.04741220103463606
2025-05-23,6505,0.28607684,0.14204843519581245
2025-05-26,6505,0.2565205,0.12733243915078196
2025-05-27,6505,0.2755525,0.1487037169537888
2025-05-28,6505,0.25979942,0.13273100261796267
2025-05-29,6505,0.26612407,0.1258235163787924
2025-06-02,6505,0.31948107,0.14915349510344766
2025-06-03,6505,0.31572324,0.14486646765198818
2025-06-04,6505,0.29094234,0.11760732646872962
2025-06-05,6505,0.2732279,0.09289662989379255
2025-06-06,6505,0.23738325,0.05861788877250351
2025-03-06,6669,0.034483057,0.19660194179626833
2025-03-07,6669,0.039592374,0.2241379308904754
2025-03-10,6669,0.046486236,0.26249999993376805
2025-03-11,6669,0.04256393,0.29336734667257813
2025-03-12,6669,0.04025761,0.3187660664262646
2025-03-13,6669,0.034118168,0.29156010200650306
2025-03-14,6669,0.036599737,0.328125000284591
2025-03-17,6669,0.033120777,0.3403141366078575
2025-03-18,6669,0.02493558,0.2745591940810652
2025-03-19,6669,0.027409986,0.30334190220297597
2025-03-20,6669,0.026023068,0.2655086848452537
2025-03-21,6669,0.028611876,0.32829004580132626
2025-03-24,6669,0.029619988,0.4728198084742343
2025-03-25,6669,0.023301333,0.4090358830037768
2025-03-26,6669,0.02259247,0.3570905696087736
2025-03-27,6669,0.03415654,0.41225685303393544
2025-03-28,6669,0.036057673,0.4377338688414918
2025-03-31,6669,0.04055163,0.568451631575599
2025-04-01,6669,0.019000256,0.47467865435920875
2025-04-02,6669,0.018728802,0.45308757168021585
2025-04-07,6669,0.019694448,0.6104282647423744
2025-04-08,6669,0.03355127,0.5197111790016491
2025-04-09,6669,0.04053757,0.6426856701707941
2025-04-10,6669,0.016760122,0.5141963419581568
2025-04-11,6669,0.00874342,0.4120291645226588
2025-04-14,6669,0.006008748,0.3291472484302074
2025-04-15,6669,0.009206589,0.3953306582677045
2025-04-16,6669,0.021233905,0.4021014788737305
2025-04-17,6669,0.035170484,0.3448789226555977
2025-04-18,6669,0.054353062,0.415070083679451
2025-04-21,6669,0.05137067,0.41329590184495557
2025-04-22,6669,0.04900511,0.4371868244404782
2025-04-23,6669,0.033626895,0.3253018454992773
2025-04-24,6669,0.055944223,0.3860676435043602
2025-04-25,6669,0.06305516,0.35966697652328206
2025-04-28,6669,0.07651648,0.40931893580317813
2025-04-29,6669,0.084153056,0.40342102836638616
2025-04-30,6669,0.09081827,0.42890069291363986
2025-05-02,6669,0.06237437,0.379001122508418
2025-05-05,6669,0.0721301,0.38075525055645487
2025-05-06,6669,0.05836459,0.2819063004890836
2025-05-07,6669,0.075374104,0.3575782049323777
2025-05-08,6669,0.08222258,0.32927264498713593
2025-05-09,6669,0.0696091,0.3154464677425204
2025-05-12,6669,0.078673854,0.31989941566632174
2025-05-13,6669,0.06800383,0.46961391136916064
2025-05-14,6669,0.069211304,0.4361322856545984
2025-05-15,6669,0.08743504,0.46477613680685415
2025-05-16,6669,0.096967265,0.469103392744892
2025-05-19,6669,0.07805608,0.5243237737927242
2025-05-20,6669,0.08789267,0.5336359489008109
2025-05-21,6669,0.09505442,0.4515037321177926
2025-05-22,6669,0.1098443,0.3137659994399684
2025-05-23,6669,0.058910668,0.36866550468797277
2025-05-26,6669,0.06687302,0.2906177787964026
2025-05-27,6669,0.07628743,0.3510344470623352
2025-05-28,6669,0.08998476,0.32197669085160396
2025-05-29,6669,0.08306624,0.27033571835739245
2025-06-02,6669,0.10614407,0.2713334313259359
2025-06-03,6669,0.1071586,0.23129625012317523
2025-06-04,6669,0.10189685,0.1517670224185077
2025-06-05,6669,0.061191123,0.19566347974598042
2025-06-06,6669,0.07702075,0.2220767643303032
