date,stock_id,predicted,actual
2025-09-04,1216,0.024651513,-0.03585147247119069
2025-09-05,1216,0.024424858,-0.04225352112676051
2025-09-08,1216,0.02753904,-0.049429657794676896
2025-09-09,1216,0.026699338,-0.0591939546599497
2025-09-10,1216,0.02504798,-0.05786163522012566
2025-09-11,1216,0.022310462,-0.04816223067173653
2025-09-12,1216,0.02315462,-0.058007566204287486
2025-09-15,1216,0.021493994,-0.029040404040403978
2025-09-16,1216,0.021268718,-0.005037783375314908
2025-09-17,1216,0.023202978,-0.007594936708860689
2025-09-18,1216,0.020180244,-0.017676767676767735
2025-09-19,1216,0.018310897,-0.0140306122448981
2025-09-22,1216,0.01681313,-0.00254452926208637
2025-09-23,1216,0.016326908,0.02678571428571419
2025-09-24,1216,0.019000154,0.006321112515802696
2025-09-25,1216,0.018289253,-0.0063856960408684715
2025-09-26,1216,0.017032415,-0.01658163265306134
2025-09-30,1216,0.016465057,-0.012755102040816313
2025-10-01,1216,0.01615673,-0.016602809706257937
2025-10-02,1216,0.01658408,-0.023076923076922995
2025-10-03,1216,0.018877085,-0.027131782945736593
2025-10-07,1216,0.019129898,-0.03201024327784896
2025-10-08,1216,0.018347345,-0.0346153846153846
2025-10-09,1216,0.016933449,-0.02577319587628868
2025-10-13,1216,0.018569607,-0.019329896907216537
2025-10-14,1216,0.017299544,-0.03205128205128205
2025-10-15,1216,0.017283548,-0.01935483870967747
2025-10-16,1216,0.015819337,-0.028350515463917425
2025-10-17,1216,0.0180372,-0.04475703324808189
2025-10-20,1216,0.021201648,-0.053367217280813284
2025-10-21,1216,0.022613615,-0.060682680151706636
2025-10-22,1216,0.022889242,-0.06083650190114087
2025-10-23,1216,0.027424626,-0.0788485607008762
2025-10-27,1216,0.026813786,-0.069620253164557
2025-10-28,1216,0.024505682,-0.07594936708860756
2025-10-29,1216,0.03289707,-0.07741116751269028
2025-10-30,1216,0.03198803,-0.0904522613065325
2025-10-31,1216,0.023106202,-0.08894536213468873
2025-11-03,1216,0.02162465,-0.08322663252240714
2025-11-04,1216,0.020351972,-0.0717029449423815
2025-11-05,1216,0.022137992,-0.07682458386683744
2025-11-06,1216,0.019502018,-0.05419354838709678
2025-11-07,1216,0.027288284,-0.028795811518324665
2025-11-10,1216,0.028185122,-0.030463576158940353
2025-11-11,1216,0.03226204,-0.026666666666666616
2025-11-12,1216,0.022506151,-0.025232403718459362
2025-11-13,1216,0.022088375,0.00401069518716568
2025-11-14,1216,0.01872376,-0.015957446808510634
2025-11-17,1216,0.01768101,-0.005326231691078487
2025-11-18,1216,0.017688178,-0.033333333333333326
2025-11-19,1216,0.017272491,-0.016042780748663166
2025-11-20,1216,0.016575553,-0.014666666666666606
2025-11-21,1216,0.01726235,-0.042780748663101664
2025-11-24,1216,0.016647637,-0.04939919893190925
2025-11-25,1216,0.01457423,-0.040053404539385884
2025-11-26,1216,0.017434094,-0.0585106382978724
2025-11-27,1216,0.024149578,-0.08355091383811997
2025-11-28,1216,0.022567451,-0.08235294117647052
2025-12-01,1216,0.022704873,-0.08366013071895428
2025-12-02,1216,0.023437358,-0.07529722589167775
2025-12-03,1216,0.019874856,-0.06374501992031867
2025-12-04,1216,0.020943616,-0.06340819022457067
2025-12-05,1216,0.024995338,-0.06544502617801051
2025-09-04,1301,0.18498683,0.09542482249116335
2025-09-05,1301,0.20618233,0.06613757228419037
2025-09-08,1301,0.1640819,0.04325034180353038
2025-09-09,1301,0.17102857,0.04456095581627251
2025-09-10,1301,0.15873861,0.045871569829014414
2025-09-11,1301,0.1634892,0.0921228531135323
2025-09-12,1301,0.1274518,0.06498671854308591
2025-09-15,1301,0.11729315,0.05695363579615953
2025-09-16,1301,0.121940315,0.05733335458192723
2025-09-17,1301,0.11803387,0.0695187194643474
2025-09-18,1301,0.1099,0.07496652744295607
2025-09-19,1301,0.111168906,0.04427081840899594
2025-09-22,1301,0.11673252,0.02846055246060586
2025-09-23,1301,0.12531142,0.029792753228019997
2025-09-24,1301,0.12790567,0.03810774838961528
2025-09-25,1301,0.123281315,0.005141406387093372
2025-09-26,1301,0.13079587,0.015625002464569437
2025-09-30,1301,0.122955546,-0.0025940297825833847
2025-10-01,1301,0.11819388,-0.006535964099504743
2025-10-02,1301,0.12703794,0.01866666544630835
2025-10-03,1301,0.14376308,0.1091405183423082
2025-10-07,1301,0.14919935,0.11200001959752082
2025-10-08,1301,0.14782135,0.058064532600173635
2025-10-09,1301,0.1814126,0.06002552882133694
2025-10-13,1301,0.1780563,0.05235602135748252
2025-10-14,1301,0.17258154,0.09906293056946502
2025-10-15,1301,0.1680916,0.15135133837327763
2025-10-16,1301,0.15684006,0.14819761568984857
2025-10-17,1301,0.16456833,0.12339333807680064
2025-10-20,1301,0.1708208,0.0913771095694027
2025-10-21,1301,0.17207058,0.08842652457841238
2025-10-22,1301,0.16105902,0.11938382428601302
2025-10-23,1301,0.19957708,0.10447763030552304
2025-10-27,1301,0.23332562,0.2199999949525615
2025-10-28,1301,0.2201896,0.28463475871973554
2025-10-29,1301,0.1780003,0.31034481958392646
2025-10-30,1301,0.16451703,0.25765305603462596
2025-10-31,1301,0.17173055,0.24146982253180194
2025-11-03,1301,0.16594957,0.1750663135655568
2025-11-04,1301,0.16451639,0.193891100868945
2025-11-05,1301,0.17874672,0.2713704226685185
2025-11-06,1301,0.17010882,0.2637215591376256
2025-11-07,1301,0.1958606,0.18523316732927597
2025-11-10,1301,0.20736419,0.19615383132015163
2025-11-11,1301,0.23904198,0.13784460468058213
2025-11-12,1301,0.2600468,0.12454656059860492
2025-11-13,1301,0.25927573,0.10316530835149984
2025-11-14,1301,0.3061798,0.14218566155510826
2025-11-17,1301,0.32698256,0.23897910583049398
2025-11-18,1301,0.32640344,0.2433735161321724
2025-11-19,1301,0.30140892,0.2659176041290945
2025-11-20,1301,0.27780044,0.20944309962870888
2025-11-21,1301,0.2933489,0.17375001451138528
2025-11-24,1301,0.27770883,0.17037036058475596
2025-11-25,1301,0.28537458,0.2904884358125952
2025-11-26,1301,0.25503778,0.19873418423518108
2025-11-27,1301,0.28044116,0.11913358891795855
2025-11-28,1301,0.31780928,0.13205281338877795
2025-12-01,1301,0.31874737,0.10381862682067067
2025-12-02,1301,0.3371535,0.04718066588316172
2025-12-03,1301,0.3574484,0.06841503944621974
2025-12-04,1301,0.35741675,0.08528038661679727
2025-12-05,1301,0.3221805,0.1221826881461694
2025-09-04,1303,0.40487668,0.6298200456367564
2025-09-05,1303,0.41404402,0.6150845460196201
2025-09-08,1303,0.39016446,0.5989583544580543
2025-09-09,1303,0.42575073,0.5498059577019663
2025-09-10,1303,0.40646738,0.599476447778299
2025-09-11,1303,0.41829014,0.6176470635647751
2025-09-12,1303,0.35335428,0.5458167275386046
2025-09-15,1303,0.343513,0.5306666538048683
2025-09-16,1303,0.36458647,0.5619047744040804
2025-09-17,1303,0.31637415,0.5888594053459888
2025-09-18,1303,0.34334219,0.6368563610363864
2025-09-19,1303,0.3267531,0.4980891755292711
2025-09-22,1303,0.33928767,0.4327990233716057
2025-09-23,1303,0.30679962,0.4447236166314583
2025-09-24,1303,0.34776944,0.5207253712689741
2025-09-25,1303,0.32157487,0.4254278927432329
2025-09-26,1303,0.34518477,0.5202020161010996
2025-09-30,1303,0.31836474,0.44486693351706363
2025-10-01,1303,0.31150907,0.40937898062808764
2025-10-02,1303,0.334686,0.5239327413626778
2025-10-03,1303,0.2947458,0.6783398051989096
2025-10-07,1303,0.33544368,0.6164052994701368
2025-10-08,1303,0.356511,0.480861259719217
2025-10-09,1303,0.3407922,0.5187793509730969
2025-10-13,1303,0.36179084,0.4844868586844202
2025-10-14,1303,0.29049832,0.5771144124404504
2025-10-15,1303,0.29575223,0.7209876690235466
2025-10-16,1303,0.30019477,0.7804583668972953
2025-10-17,1303,0.33917612,0.8927294477460448
2025-10-20,1303,0.32408077,0.8168846613734413
2025-10-21,1303,0.32220498,0.758949869850793
2025-10-22,1303,0.3022309,0.8370719933986477
2025-10-23,1303,0.31789368,0.7764977256736638
2025-10-27,1303,0.3235461,0.9000000070104279
2025-10-28,1303,0.3242031,0.8862559458375798
2025-10-29,1303,0.28903612,0.91895114734592
2025-10-30,1303,0.278942,0.8379022946918397
2025-10-31,1303,0.3204923,0.8289156373293454
2025-11-03,1303,0.27541906,0.7073760766999433
2025-11-04,1303,0.2848381,0.765417178223756
2025-11-05,1303,0.29028317,0.892682923362283
2025-11-06,1303,0.25833547,0.7887154799965646
2025-11-07,1303,0.31143114,0.7273795389532727
2025-11-10,1303,0.29362795,0.8034682109126785
2025-11-11,1303,0.2950441,0.6070640252008204
2025-11-12,1303,0.2680108,0.5823293006572683
2025-11-13,1303,0.27466673,0.5539033253120169
2025-11-14,1303,0.28615385,0.6330935258299442
2025-11-17,1303,0.3055078,0.6796460031881679
2025-11-18,1303,0.2810076,0.602094233400851
2025-11-19,1303,0.35424554,0.6635687583064067
2025-11-20,1303,0.3068311,0.5017667929838436
2025-11-21,1303,0.41413966,0.5104761835859413
2025-11-24,1303,0.39183897,0.50364962513223
2025-11-25,1303,0.37451768,0.5706107022466804
2025-11-26,1303,0.40216652,0.4500978615962088
2025-11-27,1303,0.3424936,0.3825622827975772
2025-11-28,1303,0.30778128,0.3966101565595248
2025-12-01,1303,0.31612515,0.2684124536442909
2025-12-02,1303,0.33851105,0.29658384538343396
2025-12-03,1303,0.32920283,0.31757753632056196
2025-12-04,1303,0.33615682,0.3485804466650686
2025-12-05,1303,0.43717885,0.3596214619534317
2025-09-04,2002,0.061186347,-0.06297229219143574
2025-09-05,2002,0.054892574,-0.05626598465473154
2025-09-08,2002,0.046529584,-0.06393861892583119
2025-09-09,2002,0.041149244,-0.058974358974358876
2025-09-10,2002,0.042029243,-0.0359897172236503
2025-09-11,2002,0.043520685,-0.010443864229764954
2025-09-12,2002,0.040343784,-0.04134366925064603
2025-09-15,2002,0.038753107,-0.04415584415584428
2025-09-16,2002,0.037556347,-0.04947916666666663
2025-09-17,2002,0.036328543,-0.01822916666666652
2025-09-18,2002,0.034720536,-0.02842377260981921
2025-09-19,2002,0.03305824,-0.04123711340206171
2025-09-22,2002,0.031492934,-0.046272493573264684
2025-09-23,2002,0.030734228,-0.03084832904884305
2025-09-24,2002,0.02850834,-0.012919896640826822
2025-09-25,2002,0.02857361,-0.020356234096692072
2025-09-26,2002,0.02755189,-0.02813299232736577
2025-09-30,2002,0.026523106,-0.03350515463917514
2025-10-01,2002,0.026095456,-0.03626943005181338
2025-10-02,2002,0.0266637,-0.03645833333333326
2025-10-03,2002,0.02717875,0.023684210526315752
2025-10-07,2002,0.029247444,0.01055408970976246
2025-10-08,2002,0.030361965,0.0
2025-10-09,2002,0.030416917,0.02894736842105261
2025-10-13,2002,0.031541675,0.023684210526315752
2025-10-14,2002,0.032801844,0.029177718832890998
2025-10-15,2002,0.03422312,0.04010695187165769
2025-10-16,2002,0.033847082,0.02393617021276584
2025-10-17,2002,0.033880696,0.03149606299212593
2025-10-20,2002,0.034186363,0.013227513227513255
2025-10-21,2002,0.034338377,0.010666666666666602
2025-10-22,2002,0.033366103,0.010638297872340496
2025-10-23,2002,0.032510296,0.013227513227513255
2025-10-27,2002,0.031880308,0.03693931398416872
2025-10-28,2002,0.031289272,0.02110817941952514
2025-10-29,2002,0.03045502,0.04533333333333345
2025-10-30,2002,0.029658616,0.10399999999999987
2025-10-31,2002,0.029681675,0.11559139784946226
2025-11-03,2002,0.03159637,0.14986376021798353
2025-11-04,2002,0.03348704,0.13774104683195598
2025-11-05,2002,0.033699017,0.15745856353591137
2025-11-06,2002,0.032928202,0.1479452054794521
2025-11-07,2002,0.03194781,0.1208791208791209
2025-11-10,2002,0.031625003,0.12121212121212133
2025-11-11,2002,0.030944575,0.12947658402203865
2025-11-12,2002,0.03031765,0.1515151515151516
2025-11-13,2002,0.031397704,0.13296398891966743
2025-11-14,2002,0.032007735,0.1499999999999999
2025-11-17,2002,0.031631462,0.1838440111420614
2025-11-18,2002,0.033647157,0.16901408450704225
2025-11-19,2002,0.03473243,0.14406779661016955
2025-11-20,2002,0.03377282,0.12957746478873244
2025-11-21,2002,0.032957397,0.0878186968838528
2025-11-24,2002,0.034466445,0.06925207756232687
2025-11-25,2002,0.030209359,0.1179775280898876
2025-11-26,2002,0.03308682,0.05509641873278248
2025-11-27,2002,0.03272022,0.05494505494505497
2025-11-28,2002,0.03194865,0.06849315068493156
2025-12-01,2002,0.0345722,0.040322580645161255
2025-12-02,2002,0.039948195,0.013262599469495928
2025-12-03,2002,0.050950907,0.005249343832020914
2025-12-04,2002,0.055839546,0.0185185185185186
2025-12-05,2002,0.0537843,0.03208556149732633
2025-09-04,2059,0.03689895,0.1803005008347245
2025-09-05,2059,0.23529996,0.09034267912772576
2025-09-08,2059,0.13634644,0.12267080745341619
2025-09-09,2059,0.16160621,0.14692653673163414
2025-09-10,2059,0.20667031,0.07317073170731714
2025-09-11,2059,0.08229171,0.061493411420205035
2025-09-12,2059,0.12999429,0.04664723032069973
2025-09-15,2059,0.12857862,0.03958944281524923
2025-09-16,2059,0.10809255,0.04451038575667665
2025-09-17,2059,0.13168451,0.08605341246290799
2025-09-18,2059,0.136368,0.09224011713030755
2025-09-19,2059,0.020701053,0.11844077961019495
2025-09-22,2059,0.042210337,0.1415384615384616
2025-09-23,2059,0.07280429,0.14596273291925477
2025-09-24,2059,0.10838382,0.16925465838509313
2025-09-25,2059,0.077212155,0.1940063091482649
2025-09-26,2059,0.068553105,0.20967741935483875
2025-09-30,2059,0.1991562,0.05167173252279644
2025-10-01,2059,0.12436639,-0.031722054380664666
2025-10-02,2059,0.14204809,-0.04041916167664672
2025-10-03,2059,0.13689296,-0.04685212298682284
2025-10-07,2059,0.12940133,-0.09077809798270897
2025-10-08,2059,0.12546857,-0.07272727272727275
2025-10-09,2059,0.21673563,-0.10146862483311081
2025-10-13,2059,0.14600053,-0.11155913978494625
2025-10-14,2059,0.17051858,-0.11857707509881421
2025-10-15,2059,0.10865304,-0.13265306122448983
2025-10-16,2059,0.14180586,-0.1323155216284987
2025-10-17,2059,0.02484642,-0.11968085106382975
2025-10-20,2059,0.106116354,-0.029333333333333322
2025-10-21,2059,0.1216037,-0.08808290155440412
2025-10-22,2059,0.09480101,-0.08409986859395535
2025-10-23,2059,0.12914585,-0.05555555555555558
2025-10-27,2059,0.15301159,-0.07161803713527848
2025-10-28,2059,0.15391499,-0.09585492227979275
2025-10-29,2059,0.15509176,-0.1377551020408163
2025-10-30,2059,0.13227513,-0.21733821733821734
2025-10-31,2059,0.12967536,-0.23600973236009737
2025-11-03,2059,0.07913607,-0.2838785046728972
2025-11-04,2059,0.09157635,-0.2598331346841478
2025-11-05,2059,0.1680105,-0.26872770511296074
2025-11-06,2059,0.117144406,-0.2993039443155452
2025-11-07,2059,0.033868574,-0.2757352941176471
2025-11-10,2059,0.12567641,-0.3038277511961722
2025-11-11,2059,0.0023434926,-0.2708074534161491
2025-11-12,2059,0.019837715,-0.21400778210116733
2025-11-13,2059,0.010191258,-0.1973509933774834
2025-11-14,2059,0.008712102,-0.15881561238223418
2025-11-17,2059,0.09025234,-0.09555854643337824
2025-11-18,2059,0.027723424,-0.029577464788732355
2025-11-19,2059,0.11126548,-0.043356643356643354
2025-11-20,2059,0.1208138,-0.09641873278236912
2025-11-21,2059,0.029385041,-0.10070921985815606
2025-11-24,2059,0.057449076,-0.05278174037089867
2025-11-25,2059,0.044309024,-0.07369942196531787
2025-11-26,2059,0.036753852,-0.11764705882352944
2025-11-27,2059,0.13860863,-0.15117891816920948
2025-11-28,2059,0.26836595,-0.1205766710353866
2025-12-01,2059,0.02534437,-0.049132947976878616
2025-12-02,2059,0.13972679,0.0
2025-12-03,2059,0.3038141,-0.036284470246734424
2025-12-04,2059,0.24117866,-0.04011461318051579
2025-12-05,2059,0.12006174,-0.014450867052023142
2025-09-04,2207,0.016955186,0.06261180610052097
2025-09-05,2207,0.017683715,0.051601422589674595
2025-09-08,2207,0.01959901,0.04728546313554993
2025-09-09,2207,0.02620633,0.02956521798099332
2025-09-10,2207,0.03139071,0.0276338520154078
2025-09-11,2207,0.032178972,0.03972366227214863
2025-09-12,2207,0.027203418,-0.011589404193566466
2025-09-15,2207,0.028179161,-0.0233722875927328
2025-09-16,2207,0.03844328,-0.011824324553392218
2025-09-17,2207,0.03748845,-0.01525423758465172
2025-09-18,2207,0.033973064,-0.03722504125942461
2025-09-19,2207,0.050191574,-0.024221451963991614
2025-09-22,2207,0.039119408,-0.04258943687536976
2025-09-23,2207,0.04429746,-0.03608247314641988
2025-09-24,2207,0.041720234,-0.052276559117942045
2025-09-25,2207,0.037355624,-0.06711409350185416
2025-09-26,2207,0.02876909,-0.06462584982749742
2025-09-30,2207,0.029680803,-0.07925800989271281
2025-10-01,2207,0.045058064,-0.05993150624097776
2025-10-02,2207,0.059985533,-0.05851979282020758
2025-10-03,2207,0.041065183,-0.055555554851640654
2025-10-07,2207,0.036546454,-0.07068965477260647
2025-10-08,2207,0.03245454,-0.06368330410973977
2025-10-09,2207,0.031114236,-0.0737564319095767
2025-10-13,2207,0.060437087,-0.05913043414877184
2025-10-14,2207,0.03826583,-0.02961672351404776
2025-10-15,2207,0.024885625,-0.0281690146015664
2025-10-16,2207,0.027887743,-0.043630016505717184
2025-10-17,2207,0.02791541,-0.062283736456241634
2025-10-20,2207,0.025479931,-0.05438596590706524
2025-10-21,2207,0.025919065,-0.07826086931294396
2025-10-22,2207,0.02610825,-0.09965635756068525
2025-10-23,2207,0.024271876,-0.0945017182838529
2025-10-27,2207,0.024432473,-0.07772020699264626
2025-10-28,2207,0.021591086,-0.05902777714299734
2025-10-29,2207,0.020636946,-0.05729166599731905
2025-10-30,2207,0.020308826,-0.04585538003190026
2025-10-31,2207,0.016723592,-0.038869258666520023
2025-11-03,2207,0.01862615,-0.07678883043291551
2025-11-04,2207,0.019550003,-0.0931034483192521
2025-11-05,2207,0.018696543,-0.09342560558626445
2025-11-06,2207,0.020081468,-0.10787671266197707
2025-11-07,2207,0.01764116,-0.1012006863087993
2025-11-10,2207,0.019000657,-0.09710391834931154
2025-11-11,2207,0.017572358,-0.0746527774541027
2025-11-12,2207,0.018363252,-0.051813470728201416
2025-11-13,2207,0.020659473,-0.043554006022481384
2025-11-14,2207,0.021751847,-0.049319727079981335
2025-11-17,2207,0.020541526,-0.07321131413815574
2025-11-18,2207,0.019839242,-0.013490725387385383
2025-11-19,2207,0.019273099,-0.04166666746309611
2025-11-20,2207,0.02640307,-0.09390444816203036
2025-11-21,2207,0.03170906,-0.1561996791445902
2025-11-24,2207,0.01843546,-0.16343042205779434
2025-11-25,2207,0.04211427,-0.14950166051391234
2025-11-26,2207,0.03494634,-0.1652892558850192
2025-11-27,2207,0.04757941,-0.16777408611118627
2025-11-28,2207,0.0475617,-0.16557377018639274
2025-12-01,2207,0.047851026,-0.15959252927861334
2025-12-02,2207,0.07122123,-0.17062818314374628
2025-12-03,2207,0.08132188,-0.17918088732039927
2025-12-04,2207,0.05387203,-0.10204081654364827
2025-12-05,2207,0.06917313,-0.14795918301307032
2025-09-04,2301,0.18704507,0.27888446289465785
2025-09-05,2301,0.19364971,0.218390805673631
2025-09-08,2301,0.18524943,0.19029850763276301
2025-09-09,2301,0.12953849,0.09252668884442072
2025-09-10,2301,0.1372707,-0.006472492314519407
2025-09-11,2301,0.13263783,-0.08459214380723679
2025-09-12,2301,0.1054697,-0.07055214227760365
2025-09-15,2301,0.14942367,-0.04037267626623231
2025-09-16,2301,0.15324493,-0.07185628570962355
2025-09-17,2301,0.0958129,0.0
2025-09-18,2301,0.17473903,0.02735562161437599
2025-09-19,2301,0.17810379,-0.03550296071838688
2025-09-22,2301,0.10888983,-0.10781671231508405
2025-09-23,2301,0.13556004,-0.11202185643404583
2025-09-24,2301,0.0979732,-0.05714286046682149
2025-09-25,2301,0.12570433,-0.05813953832464869
2025-09-26,2301,0.1141091,0.0
2025-09-30,2301,0.13004139,-0.03188405699602681
2025-10-01,2301,0.13037997,0.0
2025-10-02,2301,0.16932963,0.0
2025-10-03,2301,0.17412832,-0.049418604616753514
2025-10-07,2301,0.18204868,-0.06647398940866633
2025-10-08,2301,0.16427022,-0.06976744007118274
2025-10-09,2301,0.1691651,-0.03801169519276815
2025-10-13,2301,0.16151144,-0.026785712879088597
2025-10-14,2301,0.14174154,0.04374999614287067
2025-10-15,2301,0.20265922,0.02167182477150953
2025-10-16,2301,0.17748183,-0.017751480359193494
2025-10-17,2301,0.16289483,-0.015105744139362498
2025-10-20,2301,0.21513155,-0.018237083138994525
2025-10-21,2301,0.20380929,-0.027190330839675925
2025-10-22,2301,0.20402184,0.05671641814628714
2025-10-23,2301,0.19778591,0.00879765749570005
2025-10-27,2301,0.15395793,-0.0824175818951397
2025-10-28,2301,0.23074064,-0.10079575142730035
2025-10-29,2301,0.17131825,-0.11538461940025269
2025-10-30,2301,0.12690513,-0.07734806545938677
2025-10-31,2301,0.25477207,-0.08635097723671847
2025-11-03,2301,0.25929627,-0.10833333158959868
2025-11-04,2301,0.27979836,0.0029411736526945287
2025-11-05,2301,0.27649337,0.026627217527061875
2025-11-06,2301,0.2647508,-0.020710057407331006
2025-11-07,2301,0.29951683,-0.012012012709694098
2025-11-10,2301,0.21707681,0.026627217527061875
2025-11-11,2301,0.28758883,0.059701489906798244
2025-11-12,2301,0.26469833,0.07807807649911336
2025-11-13,2301,0.28286454,0.1215805480717318
2025-11-14,2301,0.2792785,0.19076922959345222
2025-11-17,2301,0.23880868,0.18153846294554077
2025-11-18,2301,0.28422752,0.11974110452422826
2025-11-19,2301,0.2502123,0.10097720174289249
2025-11-20,2301,0.15301302,0.031249995427114596
2025-11-21,2301,0.30179635,0.013029316781772549
2025-11-24,2301,0.2148363,0.0387096797073907
2025-11-25,2301,0.25804144,0.029126218709719875
2025-11-26,2301,0.19564058,-0.0599369089630748
2025-11-27,2301,0.2625636,-0.018987342873138635
2025-11-28,2301,0.20957813,0.0
2025-12-01,2301,0.21861818,0.0031446510681023554
2025-12-02,2301,0.19057648,0.04374999614287067
2025-12-03,2301,0.1808815,0.031249995427114596
2025-12-04,2301,0.1853885,0.03703703936434399
2025-12-05,2301,0.17852707,0.062499997216504566
2025-09-04,2303,0.015676413,0.17380953868587268
2025-09-05,2303,0.015541177,0.20388349993933041
2025-09-08,2303,0.012851901,0.1862980754537158
2025-09-09,2303,0.012074117,0.1737032764130675
2025-09-10,2303,0.012023982,0.18303031041264717
2025-09-11,2303,0.011644833,0.1943765206081265
2025-09-12,2303,0.010092821,0.19562575031662566
2025-09-15,2303,0.00890924,0.22627737244341328
2025-09-16,2303,0.00849098,0.22533495878752108
2025-09-17,2303,0.009654641,0.22316043849098577
2025-09-18,2303,0.011351038,0.21770335522005935
2025-09-19,2303,0.024555624,0.15606937027908985
2025-09-22,2303,0.028881397,0.15331009069938517
2025-09-23,2303,0.05190814,0.13781319202727116
2025-09-24,2303,0.063099116,0.10702340666868904
2025-09-25,2303,0.07004572,0.11738149694247668
2025-09-26,2303,0.07237087,0.09810480078550787
2025-09-30,2303,0.09240095,0.06915477318322405
2025-10-01,2303,0.094197705,0.09604520981746267
2025-10-02,2303,0.08897512,0.12328764737457543
2025-10-03,2303,0.078352705,0.23375141780210873
2025-10-07,2303,0.070884675,0.19187359061598053
2025-10-08,2303,0.068926215,0.22580644942310002
2025-10-09,2303,0.075871676,0.21139100810174605
2025-10-13,2303,0.072740495,0.20792078609669384
2025-10-14,2303,0.071371436,0.20401338171879924
2025-10-15,2303,0.063473105,0.2292135045133128
2025-10-16,2303,0.05733231,0.3028953100744831
2025-10-17,2303,0.059113715,0.3661202274478519
2025-10-20,2303,0.057311106,0.47071584016630563
2025-10-21,2303,0.05429967,0.5049504773235374
2025-10-22,2303,0.049662556,0.48571427102422393
2025-10-23,2303,0.04143158,0.4273127705930544
2025-10-27,2303,0.04572581,0.5197368272838991
2025-10-28,2303,0.047095124,0.656521744994778
2025-10-29,2303,0.041919783,0.6644736796613948
2025-10-30,2303,0.046725404,0.49182115555622596
2025-10-31,2303,0.0475409,0.3448275930099167
2025-11-03,2303,0.062382642,0.27521008856762585
2025-11-04,2303,0.06413319,0.28270041668951107
2025-11-05,2303,0.060806785,0.3121019100027369
2025-11-06,2303,0.072906435,0.34279475483094846
2025-11-07,2303,0.049532134,0.3755555604779486
2025-11-10,2303,0.037713293,0.3805309943610202
2025-11-11,2303,0.0319784,0.37900554773722606
2025-11-12,2303,0.024575267,0.39555555686149657
2025-11-13,2303,0.02068504,0.4375703050504949
2025-11-14,2303,0.018917952,0.52887881883137
2025-11-17,2303,0.01610674,0.49372861699036474
2025-11-18,2303,0.016833667,0.479638001240297
2025-11-19,2303,0.017434213,0.45434047585907855
2025-11-20,2303,0.017103866,0.4020156702724067
2025-11-21,2303,0.017252333,0.3333333257990585
2025-11-24,2303,0.029372342,0.334049408298595
2025-11-25,2303,0.021772273,0.3747228441381929
2025-11-26,2303,0.020225953,0.3135313419827257
2025-11-27,2303,0.019896336,0.3144722623237901
2025-11-28,2303,0.016726375,0.3580785998077185
2025-12-01,2303,0.022880528,0.30322580221799345
2025-12-02,2303,0.032055855,0.26059322257609274
2025-12-03,2303,0.039485555,0.2736842170629774
2025-12-04,2303,0.043303914,0.26458332476898194
2025-12-05,2303,0.056571867,0.24948875842621665
2025-09-04,2308,0.12191048,0.4167872639598853
2025-09-05,2308,0.22482282,0.337465563880061
2025-09-08,2308,0.121426105,0.3333333333333335
2025-09-09,2308,0.19985923,0.20535714251370174
2025-09-10,2308,0.21595615,0.12066905510116355
2025-09-11,2308,0.19442956,0.10950661886378188
2025-09-12,2308,0.15659589,0.07646356006046684
2025-09-15,2308,0.08342981,0.06459330250550921
2025-09-16,2308,0.119535446,0.059453032958813656
2025-09-17,2308,0.084840864,0.08971291934492265
2025-09-18,2308,0.21437606,0.068385650694194
2025-09-19,2308,0.124911055,0.06193693769033848
2025-09-22,2308,0.15612003,0.052921720070761014
2025-09-23,2308,0.16173685,0.0705487122274766
2025-09-24,2308,0.15371713,0.07968574560534258
2025-09-25,2308,0.12609889,0.08710407256541597
2025-09-26,2308,0.1822128,0.13561320786449116
2025-09-30,2308,0.17149243,0.16510538634794591
2025-10-01,2308,0.13367936,0.159586681137317
2025-10-02,2308,0.16138837,0.17449664529897646
2025-10-03,2308,0.23685347,0.09341825889194655
2025-10-07,2308,0.26451415,0.023302937428833825
2025-10-08,2308,0.100238845,0.034658511721687546
2025-10-09,2308,0.15984175,0.0560560565113295
2025-10-13,2308,0.24007604,0.0
2025-10-14,2308,0.20313856,0.06854838704365562
2025-10-15,2308,0.11951089,0.029556651061046102
2025-10-16,2308,0.14016114,0.09756097601639224
2025-10-17,2308,0.15829343,0.12112112117047591
2025-10-20,2308,0.1216293,0.11330049292795197
2025-10-21,2308,0.11802423,0.11274509835806001
2025-10-22,2308,0.104255915,0.22058823596079202
2025-10-23,2308,0.109226584,0.24752475298766696
2025-10-27,2308,0.12818027,0.1495327102364734
2025-10-28,2308,0.12844816,0.16279069754393993
2025-10-29,2308,0.1641338,0.20754716938188866
2025-10-30,2308,0.14439346,0.2425742579677248
2025-10-31,2308,0.17488863,0.22613065391616027
2025-11-03,2308,0.1538653,0.19532044694460837
2025-11-04,2308,0.1511679,0.24615384669314055
2025-11-05,2308,0.1462766,0.2512926587362485
2025-11-06,2308,0.15176314,0.17586912011420197
2025-11-07,2308,0.1778955,0.20207253863881225
2025-11-10,2308,0.15280402,0.20162932694947
2025-11-11,2308,0.1984238,0.21913580138707078
2025-11-12,2308,0.17831367,0.3029989666048425
2025-11-13,2308,0.2004913,0.36221294287899997
2025-11-14,2308,0.16008317,0.5021691980378811
2025-11-17,2308,0.19421168,0.5665938863682363
2025-11-18,2308,0.15555835,0.5924276173752641
2025-11-19,2308,0.17324553,0.593959732343545
2025-11-20,2308,0.22917461,0.4046121585824942
2025-11-21,2308,0.12936299,0.40223463640718493
2025-11-24,2308,0.27836582,0.4949608061890607
2025-11-25,2308,0.23769778,0.45054944977255573
2025-11-26,2308,0.29907197,0.2910052912754457
2025-11-27,2308,0.31627676,0.36942675194579855
2025-11-28,2308,0.33633506,0.5021459233809626
2025-12-01,2308,0.2620988,0.40801644397598724
2025-12-02,2308,0.2631299,0.4004044492610237
2025-12-03,2308,0.25892004,0.3640922768274577
2025-12-04,2308,0.30359772,0.4414414415048977
2025-12-05,2308,0.25939822,0.49642492310593744
2025-09-04,2317,0.1476868,0.14285714503118663
2025-09-05,2317,0.1455841,0.14634146733524167
2025-09-08,2317,0.13161243,0.14742015132416642
2025-09-09,2317,0.14833537,0.08915662597985219
2025-09-10,2317,0.14846611,0.08095238064882015
2025-09-11,2317,0.16188556,0.03263403282427424
2025-09-12,2317,0.14213794,0.0022988536331451925
2025-09-15,2317,0.12069933,0.002314817893801502
2025-09-16,2317,0.12858844,0.0023201839185282847
2025-09-17,2317,0.12610614,0.044811322106544926
2025-09-18,2317,0.15320861,0.041860463178146734
2025-09-19,2317,0.13598168,0.04672897146792332
2025-09-22,2317,0.1422342,0.037037038626191565
2025-09-23,2317,0.16218808,0.020361990033064714
2025-09-24,2317,0.14067753,0.03587444099425152
2025-09-25,2317,0.16455057,-0.008695650305139524
2025-09-26,2317,0.10189907,0.050113896071333874
2025-09-30,2317,0.12674,0.07407407725238291
2025-10-01,2317,0.142051,0.07077625584732417
2025-10-02,2317,0.161613,0.0465631908491726
2025-10-03,2317,0.14613967,0.05298013004161328
2025-10-07,2317,0.14348221,0.004376368926446217
2025-10-08,2317,0.12656587,0.024444444851267955
2025-10-09,2317,0.13232729,0.031602708982019
2025-10-13,2317,0.12298235,0.06338028376698057
2025-10-14,2317,0.12115727,0.13834951356818137
2025-10-15,2317,0.1356097,0.13075060422809237
2025-10-16,2317,0.17125028,0.05156950604310406
2025-10-17,2317,0.15847425,0.01324503251040321
2025-10-20,2317,0.20508452,-0.06289307904547015
2025-10-21,2317,0.1965006,-0.08368201170336353
2025-10-22,2317,0.21464336,-0.07835051344136601
2025-10-23,2317,0.20133659,-0.0732217597018594
2025-10-27,2317,0.18260773,-0.09127789057669056
2025-10-28,2317,0.17925991,-0.09799999857479547
2025-10-29,2317,0.1946776,-0.1326923094822221
2025-10-30,2317,0.18519719,-0.14503816802894098
2025-10-31,2317,0.1651007,-0.143689323207143
2025-11-03,2317,0.16503799,-0.1471172954574852
2025-11-04,2317,0.16991428,-0.11270491593124665
2025-11-05,2317,0.19293743,-0.11336032456180045
2025-11-06,2317,0.20715222,-0.13104838682888342
2025-11-07,2317,0.21515201,-0.11885245664675548
2025-11-10,2317,0.18604417,-0.12424849702707286
2025-11-11,2317,0.20317727,-0.1034482754299062
2025-11-12,2317,0.17640257,-0.09561752979875149
2025-11-13,2317,0.169497,-0.09325396951069753
2025-11-14,2317,0.14296596,-0.03734439669136547
2025-11-17,2317,0.1752938,0.04449152791052047
2025-11-18,2317,0.17394128,0.05652173817658168
2025-11-19,2317,0.15977375,0.04366812174054946
2025-11-20,2317,0.16332404,-0.03171247214608153
2025-11-21,2317,0.13244157,-0.03555555697943791
2025-11-24,2317,0.16857862,0.018181818947764494
2025-11-25,2317,0.15603709,0.01826484097707648
2025-11-26,2317,0.16286257,-0.07268722601854516
2025-11-27,2317,0.16009584,-0.09307359189640196
2025-11-28,2317,0.18292238,-0.02882483547485115
2025-12-01,2317,0.18150172,-0.03378378685529759
2025-12-02,2317,0.1613537,-0.03378378685529759
2025-12-03,2317,0.16545972,-0.0462555045795211
2025-12-04,2317,0.18030258,-0.07221006700638777
2025-12-05,2317,0.17766008,-0.09090909131435343
2025-09-04,2327,0.019929815,0.7490774890195031
2025-09-05,2327,0.020840697,0.7740740695148365
2025-09-08,2327,0.021137748,0.7854545470527106
2025-09-09,2327,0.022705153,0.70397112233642
2025-09-10,2327,0.02612248,0.6666666619547272
2025-09-11,2327,0.030253537,0.6739130426849582
2025-09-12,2327,0.04321188,0.47194718791785384
2025-09-15,2327,0.06906657,0.46357616282757674
2025-09-16,2327,0.070919394,0.4581939844394449
2025-09-17,2327,0.09473419,0.42307692183533385
2025-09-18,2327,0.10391317,0.4303797511927221
2025-09-19,2327,0.13068347,0.28242074715492227
2025-09-22,2327,0.22780544,0.24649859419245712
2025-09-23,2327,0.2622488,0.27272727168680055
2025-09-24,2327,0.25295463,0.23611110706996863
2025-09-25,2327,0.30505207,0.33038347917831135
2025-09-26,2327,0.26036638,0.3915662647678393
2025-09-30,2327,0.19351535,0.4176470532823131
2025-10-01,2327,0.20666173,0.43529411604393964
2025-10-02,2327,0.18655068,0.4868035175891152
2025-10-03,2327,0.16310892,0.44159544509437243
2025-10-07,2327,0.16355476,0.28726287401935413
2025-10-08,2327,0.20682053,0.30188679224794246
2025-10-09,2327,0.22953358,0.34877384209645323
2025-10-13,2327,0.22578025,0.4634831471641083
2025-10-14,2327,0.21615446,0.6191860420347559
2025-10-15,2327,0.161415,0.5628571446166193
2025-10-16,2327,0.14337175,0.576601668323945
2025-10-17,2327,0.16338933,0.6016260160826357
2025-10-20,2327,0.17293143,0.47704082137342696
2025-10-21,2327,0.19830023,0.3536585376638419
2025-10-22,2327,0.22886169,0.4230769195383943
2025-10-23,2327,0.20411903,0.2898230077551429
2025-10-27,2327,0.12448345,0.15492957672268526
2025-10-28,2327,0.2784661,0.19918699032210552
2025-10-29,2327,0.2402368,0.15353535294344045
2025-10-30,2327,0.25904772,0.11244979905058661
2025-10-31,2327,0.29874915,0.11445783095979922
2025-11-03,2327,0.2747988,0.015748029747600256
2025-11-04,2327,0.30199093,0.11974789867958169
2025-11-05,2327,0.2539428,0.1434689475998574
2025-11-06,2327,0.20044178,0.07500000020982855
2025-11-07,2327,0.22377352,0.0597014901654489
2025-11-10,2327,0.2093353,0.08695652097756001
2025-11-11,2327,0.19846037,0.10195227962876907
2025-11-12,2327,0.18829691,0.11062906826878383
2025-11-13,2327,0.16738579,0.15605749398322355
2025-11-14,2327,0.20168431,0.28907922689608667
2025-11-17,2327,0.18567404,0.3245033107576565
2025-11-18,2327,0.17141266,0.30131004572315456
2025-11-19,2327,0.16827136,0.29777777578829245
2025-11-20,2327,0.15909491,0.2169197422175606
2025-11-21,2327,0.16290379,0.13100436560225504
2025-11-24,2327,0.14866263,0.15053763543336296
2025-11-25,2327,0.14301807,0.15973741797204233
2025-11-26,2327,0.12937368,0.07112069061886195
2025-11-27,2327,0.13374375,0.09533898100741522
2025-11-28,2327,0.13824847,0.12553191376287964
2025-12-01,2327,0.11977008,0.09825327310215304
2025-12-02,2327,0.10996747,0.13406593250913335
2025-12-03,2327,0.10912883,0.1182795700787933
2025-12-04,2327,0.106980056,0.2118644046096445
2025-12-05,2327,0.10356243,0.18354430476575279
2025-09-04,2330,0.13216841,0.29394827576451665
2025-09-05,2330,0.12665848,0.2592542372351547
2025-09-08,2330,0.13248731,0.28052542405499437
2025-09-09,2330,0.11113779,0.2339996667513944
2025-09-10,2330,0.031171076,0.21703923760635546
2025-09-11,2330,0.076105505,0.1779456990062931
2025-09-12,2330,0.0710869,0.1472559257914745
2025-09-15,2330,0.10310693,0.14781333328587776
2025-09-16,2330,0.030160084,0.12091145799708736
2025-09-17,2330,0.087448075,0.13420289880788983
2025-09-18,2330,0.10008502,0.14387807991828172
2025-09-19,2330,0.09400028,0.18179183163616308
2025-09-22,2330,0.05988438,0.15828828799963834
2025-09-23,2330,-0.0562977,0.13062189027712234
2025-09-24,2330,0.090884686,0.14559701516044
2025-09-25,2330,0.08036135,0.15535353494017956
2025-09-26,2330,0.07663494,0.19628205136576082
2025-09-30,2330,0.10752988,0.2186079182015046
2025-10-01,2330,0.10330543,0.2645786160342867
2025-10-02,2330,-0.036635373,0.2532478626040724
2025-10-03,2330,-0.028227862,0.2004166667294469
2025-10-07,2330,-0.046089128,0.17813008141323294
2025-10-08,2330,0.06548746,0.19123674908837884
2025-10-09,2330,0.08686112,0.1775231481195929
2025-10-13,2330,0.07678598,0.2125088338935286
2025-10-14,2330,0.12634164,0.20400000016431985
2025-10-15,2330,0.1634025,0.15742889609079924
2025-10-16,2330,0.098042354,0.17562289606089743
2025-10-17,2330,0.049245898,0.2178390808698556
2025-10-20,2330,0.1089254,0.2033220722018967
2025-10-21,2330,0.12519985,0.1795945949446951
2025-10-22,2330,0.0776387,0.20949771665065597
2025-10-23,2330,0.10426459,0.22475862133541025
2025-10-27,2330,0.12345183,0.18976351386663226
2025-10-28,2330,0.12663995,0.21080225969782362
2025-10-29,2330,0.11788109,0.2133333331097913
2025-10-30,2330,0.1222416,0.2033333331097913
2025-10-31,2330,0.1249111,0.18727777746325236
2025-11-03,2330,0.12559552,0.17277041906899004
2025-11-04,2330,0.12554178,0.19999999999999996
2025-11-05,2330,0.059989076,0.22667808217769436
2025-11-06,2330,0.12765728,0.2087940838075193
2025-11-07,2330,0.114992335,0.2232420086575091
2025-11-10,2330,0.13820687,0.23461016976377058
2025-11-11,2330,0.113773555,0.2875540385361355
2025-11-12,2330,0.14571315,0.3026327681926495
2025-11-13,2330,0.1055717,0.30570776208121964
2025-11-14,2330,0.079593554,0.37870629400371647
2025-11-17,2330,0.13802718,0.3991118804431615
2025-11-18,2330,0.06497909,0.42466192246639745
2025-11-19,2330,0.10660416,0.42048984473028694
2025-11-20,2330,0.086098015,0.33432989678728986
2025-11-21,2330,0.024197783,0.3510589651439495
2025-11-24,2330,0.124537006,0.3864242419991275
2025-11-25,2330,0.21170574,0.3401413427244264
2025-11-26,2330,0.18432532,0.2611342592618551
2025-11-27,2330,0.14349563,0.2934959351057356
2025-11-28,2330,0.1681675,0.3517129632329383
2025-12-01,2330,0.08156501,0.3413356967819674
2025-12-02,2330,0.14566004,0.3085431235901439
2025-12-03,2330,0.15976095,0.2766551730869107
2025-12-04,2330,0.15123098,0.3026676903829135
2025-12-05,2330,0.17411654,0.3134151040548765
2025-09-04,2345,0.13058455,0.002051282051282133
2025-09-05,2345,0.13406307,-0.02450980392156865
2025-09-08,2345,0.14162938,0.06862745098039214
2025-09-09,2345,0.14914203,0.11274509803921573
2025-09-10,2345,0.038454715,0.059633027522935755
2025-09-11,2345,-0.07535948,0.0803571428571428
2025-09-12,2345,0.09960236,0.04977375565610864
2025-09-15,2345,0.108843446,0.10747663551401865
2025-09-16,2345,0.1275167,0.10280373831775691
2025-09-17,2345,0.1327891,0.10328638497652576
2025-09-18,2345,0.13343969,0.08333333333333326
2025-09-19,2345,0.051292203,0.16748768472906406
2025-09-22,2345,0.06024744,0.20323559150657222
2025-09-23,2345,0.071090534,0.20895522388059695
2025-09-24,2345,0.10613361,0.20895522388059695
2025-09-25,2345,0.17264466,0.21926229508196715
2025-09-26,2345,0.111629635,0.2042682926829269
2025-09-30,2345,0.010412697,0.09569377990430628
2025-10-01,2345,0.14394256,0.13942307692307687
2025-10-02,2345,0.15709046,0.15348837209302335
2025-10-03,2345,0.15513232,0.09049773755656099
2025-10-07,2345,0.0493849,0.23414634146341462
2025-10-08,2345,0.11928417,0.16267942583732053
2025-10-09,2345,0.13609305,0.14761904761904754
2025-10-13,2345,0.18428013,0.14009661835748788
2025-10-14,2345,0.21323644,0.21500000000000008
2025-10-15,2345,0.14000948,0.21568627450980382
2025-10-16,2345,0.19183493,0.22999999999999998
2025-10-17,2345,0.15246633,0.21861924686192458
2025-10-20,2345,0.12275767,0.2104187946884577
2025-10-21,2345,0.17863894,0.19791666666666674
2025-10-22,2345,0.026250798,0.27212389380530966
2025-10-23,2345,0.0833305,0.2580299785867237
2025-10-27,2345,0.1433647,0.19542619542619533
2025-10-28,2345,0.14288497,0.1968911917098446
2025-10-29,2345,0.14720008,0.2024665981500513
2025-10-30,2345,0.11625707,0.1470588235294117
2025-10-31,2345,0.065075845,0.03240740740740744
2025-11-03,2345,0.16549811,0.0604651162790697
2025-11-04,2345,0.033655707,0.0304347826086957
2025-11-05,2345,0.085069105,0.13397129186602874
2025-11-06,2345,0.10707919,0.06635071090047395
2025-11-07,2345,0.08722365,0.1840796019900497
2025-11-10,2345,0.11188467,0.3076152304609219
2025-11-11,2345,0.17271243,0.41981613891726255
2025-11-12,2345,0.1144505,0.47507629704984744
2025-11-13,2345,0.13167384,0.4285714285714286
2025-11-14,2345,0.131581,0.42929806714140395
2025-11-17,2345,0.14129621,0.4529058116232465
2025-11-18,2345,0.09706454,0.5200868621064061
2025-11-19,2345,0.11534247,0.5481400437636761
2025-11-20,2345,0.177533,0.5026455026455026
2025-11-21,2345,0.20242918,0.4388092613009922
2025-11-24,2345,0.20055673,0.5042372881355932
2025-11-25,2345,0.18365389,0.5181347150259068
2025-11-26,2345,0.20075063,0.38138138138138133
2025-11-27,2345,0.18711899,0.3932038834951457
2025-11-28,2345,0.16930878,0.448780487804878
2025-12-01,2345,0.15928432,0.47549019607843146
2025-12-02,2345,0.17630607,0.35238095238095246
2025-12-03,2345,0.104174286,0.40973630831643004
2025-12-04,2345,0.14136529,0.5077720207253886
2025-12-05,2345,0.1517125,0.6161616161616161
2025-09-04,2357,0.111107096,-0.051968503937007804
2025-09-05,2357,0.11301629,-0.07596899224806197
2025-09-08,2357,0.10751417,-0.07751937984496127
2025-09-09,2357,0.120472535,-0.10438729198184571
2025-09-10,2357,0.11319408,-0.11976047904191611
2025-09-11,2357,0.101358056,-0.15484804630969595
2025-09-12,2357,0.09970321,-0.17114568599717117
2025-09-15,2357,0.10469049,-0.1661849710982659
2025-09-16,2357,0.11866936,-0.1912408759124088
2025-09-17,2357,0.12291664,-0.18276374442793464
2025-09-18,2357,0.12895605,-0.1911764705882354
2025-09-19,2357,0.11831434,-0.1826347305389221
2025-09-22,2357,0.12981088,-0.20467836257309946
2025-09-23,2357,0.12217231,-0.19444444444444442
2025-09-24,2357,0.120888546,-0.20614035087719296
2025-09-25,2357,0.12123589,-0.21739130434782605
2025-09-26,2357,0.1160164,-0.19174041297935107
2025-09-30,2357,0.11935346,-0.1728763040238449
2025-10-01,2357,0.1186184,-0.1923076923076924
2025-10-02,2357,0.11934751,-0.21198830409356728
2025-10-03,2357,0.11617339,-0.20729927007299265
2025-10-07,2357,0.11773081,-0.23299565846599124
2025-10-08,2357,0.11457786,-0.23554913294797697
2025-10-09,2357,0.11560626,-0.1935007385524372
2025-10-13,2357,0.12983137,-0.2568149210903873
2025-10-14,2357,0.1241491,-0.23144104803493448
2025-10-15,2357,0.12339643,-0.23830409356725146
2025-10-16,2357,0.11995202,-0.25547445255474455
2025-10-17,2357,0.11911161,-0.25547445255474455
2025-10-20,2357,0.11932959,-0.2565597667638485
2025-10-21,2357,0.12078537,-0.27496382054992763
2025-10-22,2357,0.12348309,-0.2689556509298998
2025-10-23,2357,0.121982485,-0.26217765042979935
2025-10-27,2357,0.12971288,-0.29271708683473385
2025-10-28,2357,0.12341882,-0.28913963328631886
2025-10-29,2357,0.1275945,-0.28067700987306077
2025-10-30,2357,0.12737705,-0.2849083215796898
2025-10-31,2357,0.122609586,-0.28837876614060254
2025-11-03,2357,0.12674752,-0.27713458755426923
2025-11-04,2357,0.12643377,-0.2718023255813954
2025-11-05,2357,0.12737258,-0.262848751835536
2025-11-06,2357,0.123835534,-0.262848751835536
2025-11-07,2357,0.122313365,-0.2349397590361446
2025-11-10,2357,0.121528134,-0.2413273001508296
2025-11-11,2357,0.12092394,-0.2042360060514372
2025-11-12,2357,0.12670635,-0.19165378670788247
2025-11-13,2357,0.1272288,-0.19589257503949453
2025-11-14,2357,0.11640306,-0.18641390205371244
2025-11-17,2357,0.1204983,-0.1393442622950819
2025-11-18,2357,0.09138748,-0.05506216696269994
2025-11-19,2357,0.08537355,-0.06360424028268552
2025-11-20,2357,0.08387019,-0.09075043630017454
2025-11-21,2357,0.08121008,-0.1273996509598604
2025-11-24,2357,0.09005615,-0.11452991452991446
2025-11-25,2357,0.07851681,-0.10677966101694925
2025-11-26,2357,0.09355147,-0.15522875816993453
2025-11-27,2357,0.08705141,-0.13093289689034382
2025-11-28,2357,0.08944592,-0.028286189683860208
2025-12-01,2357,0.093495816,-0.036484245439469376
2025-12-02,2357,0.096056685,-0.029654036243822235
2025-12-03,2357,0.10360031,-0.043831168831168776
2025-12-04,2357,0.09833455,-0.023064250411861775
2025-12-05,2357,0.10129303,-0.024630541871921263
2025-09-04,2360,0.0614612,0.48250460511526394
2025-09-05,2360,0.058417227,0.4125874120449391
2025-09-08,2360,0.087241605,0.4035087722712538
2025-09-09,2360,0.093158305,0.38194444512530934
2025-09-10,2360,0.08481637,0.38793103400311146
2025-09-11,2360,0.07591598,0.3397212561551475
2025-09-12,2360,0.08524899,0.3064798596412921
2025-09-15,2360,0.055302236,0.3405797084106805
2025-09-16,2360,0.085242316,0.3093525192643869
2025-09-17,2360,0.096992284,0.30918727916138744
2025-09-18,2360,0.052128296,0.2312703577230426
2025-09-19,2360,0.05110698,0.27591973244711165
2025-09-22,2360,0.06523137,0.29579831959264635
2025-09-23,2360,0.045732897,0.28501628634267795
2025-09-24,2360,0.081215784,0.29519071163122246
2025-09-25,2360,0.0883207,0.3255033571923336
2025-09-26,2360,0.01803172,0.3741134762076508
2025-09-30,2360,0.051142205,0.3747841105143488
2025-10-01,2360,0.051608685,0.33828382997830864
2025-10-02,2360,0.053885184,0.35015772768802056
2025-10-03,2360,0.09086926,0.4428794999411696
2025-10-07,2360,0.10596347,0.4274691356943954
2025-10-08,2360,0.07604949,0.4604430381135465
2025-10-09,2360,0.08410899,0.5337620579195193
2025-10-13,2360,0.06912969,0.527950310140777
2025-10-14,2360,0.029824335,0.4917043732497577
2025-10-15,2360,0.033654608,0.40611353682944884
2025-10-16,2360,0.07032722,0.42507204535364185
2025-10-17,2360,0.007889159,0.43504531698122584
2025-10-20,2360,0.06113383,0.570121949555684
2025-10-21,2360,0.08452721,0.4697193515656537
2025-10-22,2360,0.10229993,0.4574314569190905
2025-10-23,2360,0.11058897,0.4812138731840616
2025-10-27,2360,0.042541135,0.3753387529079717
2025-10-28,2360,0.10962257,0.3948787067855992
2025-10-29,2360,0.018598005,0.3134517764223761
2025-10-30,2360,0.013607603,0.26243781153498236
2025-10-31,2360,0.000434421,0.1965811960023669
2025-11-03,2360,0.091497794,0.19728729886958885
2025-11-04,2360,0.014630642,0.3402061849373268
2025-11-05,2360,0.046152424,0.3517060367801428
2025-11-06,2360,0.055237334,0.2934926964522724
2025-11-07,2360,0.052454013,0.3049932523065746
2025-11-10,2360,0.06875691,0.3844086017132944
2025-11-11,2360,0.079607725,0.3684210529807681
2025-11-12,2360,0.07823856,0.31578947281955183
2025-11-13,2360,0.092286795,0.43122676534399784
2025-11-14,2360,0.044763166,0.560509553624627
2025-11-17,2360,0.05329125,0.6214470292166332
2025-11-18,2360,0.013601404,0.8498659506481239
2025-11-19,2360,0.038292464,0.9675324682723552
2025-11-20,2360,0.01688717,0.7264851480977912
2025-11-21,2360,0.020245839,0.7312661496687982
2025-11-24,2360,0.013386443,0.7345679003584498
2025-11-25,2360,0.049527723,0.6586248488388009
2025-11-26,2360,0.02327368,0.5499999991806279
2025-11-27,2360,0.08782931,0.6769420453654038
2025-11-28,2360,0.10639933,0.8253968244195804
2025-12-01,2360,0.04013286,0.9044585983906304
2025-12-02,2360,0.061778832,0.9665809762073136
2025-12-03,2360,0.086491555,0.8012422366473257
2025-12-04,2360,0.079269156,0.8943298970043483
2025-12-05,2360,0.11506577,0.9660804025018519
2025-09-04,2379,-0.0016221516,0.05153554393935189
2025-09-05,2379,0.001035843,0.03982647967668296
2025-09-08,2379,-0.00069944933,0.03800786347382612
2025-09-09,2379,-0.0026956387,0.03401360544217691
2025-09-10,2379,0.0027866848,0.03529411764705892
2025-09-11,2379,0.0027867183,0.003809523809523707
2025-09-12,2379,-0.0048781335,-0.02281368821292773
2025-09-15,2379,-0.0040665716,-0.02281368821292773
2025-09-16,2379,0.017476711,-0.06801470588235292
2025-09-17,2379,0.0094203465,-0.08302583025830257
2025-09-18,2379,0.01876704,-0.09392265193370164
2025-09-19,2379,0.021738935,-0.1029411764705882
2025-09-22,2379,0.02374274,-0.09668508287292821
2025-09-23,2379,0.02623986,-0.10092592592592597
2025-09-24,2379,0.035126675,-0.1135531135531136
2025-09-25,2379,0.029232305,-0.10925925925925928
2025-09-26,2379,0.03331888,-0.09276437847866414
2025-09-30,2379,0.04082912,-0.11363636363636365
2025-10-01,2379,0.016025003,-0.054597701149425304
2025-10-02,2379,0.012399193,-0.028462998102466774
2025-10-03,2379,0.012986418,-0.003759398496240629
2025-10-07,2379,0.028981056,-0.031135531135531136
2025-10-08,2379,0.02757297,-0.07103825136612019
2025-10-09,2379,0.0358683,-0.028828828828828867
2025-10-13,2379,0.033864994,0.05882352941176472
2025-10-14,2379,0.036241066,-0.01663585951940849
2025-10-15,2379,0.03471097,-0.0320754716981132
2025-10-16,2379,0.025276963,-0.04859813084112152
2025-10-17,2379,0.022165406,-0.0337711069418386
2025-10-20,2379,0.020600062,-0.026365348399246757
2025-10-21,2379,0.021177623,-0.06517690875232773
2025-10-22,2379,0.021955352,-0.050000000000000044
2025-10-23,2379,0.017505918,-0.04878048780487809
2025-10-27,2379,0.028817471,-0.015238095238095273
2025-10-28,2379,0.026515443,0.025145067698259194
2025-10-29,2379,0.012879174,0.01744186046511631
2025-10-30,2379,0.007134881,-0.001953125
2025-10-31,2379,0.0010620244,-0.061165048543689315
2025-11-03,2379,-0.0017443188,-0.050000000000000044
2025-11-04,2379,0.0015792139,-0.03754940711462451
2025-11-05,2379,-0.0014214665,-0.05367793240556662
2025-11-06,2379,-0.0031263381,-0.08316831683168313
2025-11-07,2379,-0.003996972,-0.0662055335968379
2025-11-10,2379,-0.005445931,-0.0627490039840638
2025-11-11,2379,-0.00189187,-0.04491017964071853
2025-11-12,2379,-0.0023294427,-0.0412890231621349
2025-11-13,2379,-0.0017579086,-0.040322580645161255
2025-11-14,2379,-0.0006108135,-0.055666003976143186
2025-11-17,2379,-0.006936025,-0.04623115577889447
2025-11-18,2379,-0.0021361783,-0.024316109422492405
2025-11-19,2379,-0.0038884133,-0.022517911975434957
2025-11-20,2379,-0.0020983405,-0.06747230614300104
2025-11-21,2379,-0.0046684183,-0.10642570281124497
2025-11-24,2379,0.00037506223,-0.10236220472440949
2025-11-25,2379,-0.00679129,-0.09393346379647749
2025-11-26,2379,-0.0018734001,-0.07101727447216888
2025-11-27,2379,-0.0070757642,-0.11708253358925147
2025-11-28,2379,-0.0064607337,-0.09021113243761991
2025-12-01,2379,0.010100491,-0.11257035647279545
2025-12-02,2379,0.017361581,-0.1328413284132841
2025-12-03,2379,0.016247619,-0.10780669144981414
2025-12-04,2379,0.020228859,-0.09943714821763605
2025-12-05,2379,0.022681747,-0.0956848030018762
2025-09-04,2382,0.14001414,0.1575875486381324
2025-09-05,2382,0.15790886,0.14506769825918764
2025-09-08,2382,0.17226672,0.125
2025-09-09,2382,0.18339288,0.0971428571428572
2025-09-10,2382,0.19097808,0.0494505494505495
2025-09-11,2382,0.14984757,0.05555555555555558
2025-09-12,2382,0.16572651,-0.0036496350364964014
2025-09-15,2382,0.17903048,-0.03985507246376807
2025-09-16,2382,0.14580989,-0.04936014625228524
2025-09-17,2382,0.16073228,-0.02930402930402931
2025-09-18,2382,0.19087233,-0.04472271914132375
2025-09-19,2382,0.17155804,-0.05871886120996439
2025-09-22,2382,0.16289027,-0.06049822064056942
2025-09-23,2382,0.196436,-0.08202443280977312
2025-09-24,2382,0.10856621,-0.07231040564373903
2025-09-25,2382,0.17944007,-0.07719298245614037
2025-09-26,2382,0.16589901,-0.04561403508771933
2025-09-30,2382,0.18325375,-0.04482758620689653
2025-10-01,2382,0.10973509,-0.029668411867364797
2025-10-02,2382,0.19015174,-0.04081632653061229
2025-10-03,2382,0.18565264,-0.06000000000000005
2025-10-07,2382,0.11101414,-0.11507293354943271
2025-10-08,2382,0.13573924,-0.07516339869281041
2025-10-09,2382,0.13472374,-0.0587248322147651
2025-10-13,2382,0.17165422,-0.052631578947368474
2025-10-14,2382,0.12675428,0.007042253521126751
2025-10-15,2382,0.1650801,-0.010489510489510523
2025-10-16,2382,0.19014415,-0.006861063464837058
2025-10-17,2382,0.16707315,-0.022530329289428108
2025-10-20,2382,0.20915896,-0.06408094435075884
2025-10-21,2382,0.16132188,-0.054982817869415834
2025-10-22,2382,0.17111938,-0.022452504317789335
2025-10-23,2382,0.22489819,-0.04599659284497448
2025-10-27,2382,0.2148147,-0.0726978998384491
2025-10-28,2382,0.15749688,-0.05427631578947367
2025-10-29,2382,0.27047017,-0.06818181818181823
2025-10-30,2382,0.20139983,-0.07516339869281041
2025-10-31,2382,0.18245828,-0.06821963394342767
2025-11-03,2382,0.27258366,-0.08235294117647063
2025-11-04,2382,0.20192838,-0.03826086956521735
2025-11-05,2382,0.25913516,-0.03972366148531947
2025-11-06,2382,0.26966813,-0.06825938566552903
2025-11-07,2382,0.269075,-0.026132404181184676
2025-11-10,2382,0.27217442,-0.02572898799313894
2025-11-11,2382,0.28359783,-0.022298456260720356
2025-11-12,2382,0.20166947,-0.00694444444444442
2025-11-13,2382,0.21536753,-0.0052631578947368585
2025-11-14,2382,0.18672173,0.01610017889087656
2025-11-17,2382,0.22400863,0.0778985507246377
2025-11-18,2382,0.15314299,0.07962962962962972
2025-11-19,2382,0.1451512,0.12734082397003754
2025-11-20,2382,0.17451236,0.07481751824817517
2025-11-21,2382,0.15852705,0.040740740740740744
2025-11-24,2382,0.1759632,0.06433823529411775
2025-11-25,2382,0.17211045,0.050909090909091015
2025-11-26,2382,0.17849088,0.008944543828264706
2025-11-27,2382,0.17803228,0.003552397868561208
2025-11-28,2382,0.18574108,0.024822695035461084
2025-12-01,2382,0.19415544,0.005226480836237002
2025-12-02,2382,0.18033233,0.0017331022530329143
2025-12-03,2382,0.18112686,-0.011965811965811923
2025-12-04,2382,0.17514735,-0.018675721561969394
2025-12-05,2382,0.18805078,-0.015126050420168013
2025-09-04,2383,0.047291193,0.3318385650224216
2025-09-05,2383,-0.01789869,0.28755364806866957
2025-09-08,2383,0.17392948,0.3973799126637554
2025-09-09,2383,-0.012089219,0.3020408163265307
2025-09-10,2383,0.088635236,0.2788844621513944
2025-09-11,2383,-0.044151943,0.21132075471698109
2025-09-12,2383,0.11771008,0.11152416356877315
2025-09-15,2383,0.17199612,0.1368821292775666
2025-09-16,2383,0.18818226,0.16731517509727634
2025-09-17,2383,0.12367977,0.17870722433460084
2025-09-18,2383,0.115395024,0.19850187265917607
2025-09-19,2383,0.14484017,0.25193798449612403
2025-09-22,2383,0.097346455,0.30000000000000004
2025-09-23,2383,0.08999659,0.2193308550185873
2025-09-24,2383,0.13508151,0.2934362934362935
2025-09-25,2383,0.18139766,0.31075697211155373
2025-09-26,2383,0.19425589,0.34285714285714275
2025-09-30,2383,0.12350412,0.2979591836734694
2025-10-01,2383,0.11134243,0.3170731707317074
2025-10-02,2383,0.07651161,0.30888030888030893
2025-10-03,2383,0.15628481,0.210727969348659
2025-10-07,2383,0.04981088,0.2510121457489878
2025-10-08,2383,0.095878094,0.3096234309623431
2025-10-09,2383,0.15866399,0.30364372469635637
2025-10-13,2383,0.20976171,0.36250000000000004
2025-10-14,2383,0.22233504,0.4273504273504274
2025-10-15,2383,0.21318612,0.3771929824561404
2025-10-16,2383,0.12800674,0.42543859649122817
2025-10-17,2383,0.22305115,0.4298642533936652
2025-10-20,2383,0.13210082,0.4355555555555555
2025-10-21,2383,0.13405024,0.38053097345132736
2025-10-22,2383,0.16202794,0.4821428571428572
2025-10-23,2383,0.15323669,0.6143497757847534
2025-10-27,2383,0.1406722,0.49356223175965663
2025-10-28,2383,0.07776682,0.45019920318725104
2025-10-29,2383,0.18231417,0.52
2025-10-30,2383,0.14919575,0.4039215686274509
2025-10-31,2383,0.018863905,0.28308823529411775
2025-11-03,2383,0.08684115,0.26595744680851063
2025-11-04,2383,0.015413862,0.26190476190476186
2025-11-05,2383,0.212708,0.41666666666666674
2025-11-06,2383,0.10583381,0.3448275862068966
2025-11-07,2383,0.07129871,0.4051094890510949
2025-11-10,2383,0.12258448,0.5294117647058822
2025-11-11,2383,0.1708251,0.5946969696969697
2025-11-12,2383,0.09446043,0.6319702602230484
2025-11-13,2383,0.11495231,0.5818181818181818
2025-11-14,2383,0.12528098,0.673913043478261
2025-11-17,2383,0.006686453,0.6689655172413793
2025-11-18,2383,0.04139762,0.8074074074074074
2025-11-19,2383,0.13701785,0.7894736842105263
2025-11-20,2383,0.10969193,0.6223776223776223
2025-11-21,2383,0.10162154,0.6717557251908397
2025-11-24,2383,0.1296023,0.7916666666666667
2025-11-25,2383,0.12190208,0.6275862068965516
2025-11-26,2383,0.07706159,0.47959183673469385
2025-11-27,2383,0.10620427,0.5886287625418061
2025-11-28,2383,0.091700554,0.6065573770491803
2025-12-01,2383,0.17598926,0.7627118644067796
2025-12-02,2383,0.20283163,0.8784722222222223
2025-12-03,2383,0.15355986,0.8076923076923077
2025-12-04,2383,0.117592424,0.894736842105263
2025-12-05,2383,0.07156074,0.806020066889632
2025-09-04,2395,0.14585955,-0.1424287856071964
2025-09-05,2395,0.1427117,-0.16568914956011727
2025-09-08,2395,0.13544424,-0.16420118343195267
2025-09-09,2395,0.13202521,-0.17327459618208518
2025-09-10,2395,0.12972853,-0.20227920227920226
2025-09-11,2395,0.14553443,-0.19622093023255816
2025-09-12,2395,0.10836677,-0.20348837209302328
2025-09-15,2395,0.124059886,-0.1884272997032641
2025-09-16,2395,0.10309388,-0.17910447761194026
2025-09-17,2395,0.13602684,-0.12808641975308643
2025-09-18,2395,0.12092936,-0.13190184049079756
2025-09-19,2395,0.10692753,-0.12191358024691357
2025-09-22,2395,0.09151308,-0.12
2025-09-23,2395,0.09104389,-0.13129770992366407
2025-09-24,2395,0.08655487,-0.12385321100917435
2025-09-25,2395,0.106105566,-0.10591900311526481
2025-09-26,2395,0.11328539,-0.09004739336492895
2025-09-30,2395,0.10465789,-0.10188087774294674
2025-10-01,2395,0.08998869,-0.089622641509434
2025-10-02,2395,0.09582244,-0.09148264984227128
2025-10-03,2395,0.08808318,-0.09561128526645768
2025-10-07,2395,0.09093368,-0.11609907120743035
2025-10-08,2395,0.0855186,-0.11503067484662577
2025-10-09,2395,0.09360257,-0.1179173047473201
2025-10-13,2395,0.113662526,-0.1045241809672387
2025-10-14,2395,0.103361085,-0.08163265306122447
2025-10-15,2395,0.09770247,-0.11128284389489951
2025-10-16,2395,0.106294334,-0.11944869831546712
2025-10-17,2395,0.12558655,-0.11692307692307691
2025-10-20,2395,0.11131862,-0.13043478260869568
2025-10-21,2395,0.108675554,-0.15384615384615385
2025-10-22,2395,0.104186565,-0.1255742725880551
2025-10-23,2395,0.1050764,-0.10973724884080371
2025-10-27,2395,0.116876975,-0.11230769230769233
2025-10-28,2395,0.12528531,-0.1156773211567732
2025-10-29,2395,0.13260001,-0.09682299546142203
2025-10-30,2395,0.14090502,-0.06153846153846154
2025-10-31,2395,0.19546212,-0.044657097288676284
2025-11-03,2395,0.13623558,-0.07898894154818326
2025-11-04,2395,0.14943163,-0.06148867313915862
2025-11-05,2395,0.13963524,-0.0665584415584416
2025-11-06,2395,0.12869713,-0.07999999999999996
2025-11-07,2395,0.13673624,-0.05271828665568368
2025-11-10,2395,0.13887073,-0.030000000000000027
2025-11-11,2395,0.13573729,-0.001677852348993314
2025-11-12,2395,0.120221734,0.02348993288590595
2025-11-13,2395,0.13776112,0.06779661016949157
2025-11-14,2395,0.1330365,0.11531841652323571
2025-11-17,2395,0.12019737,0.13651877133105805
2025-11-18,2395,0.14374384,0.197508896797153
2025-11-19,2395,0.13905962,0.21699819168173606
2025-11-20,2395,0.12401779,0.1785714285714286
2025-11-21,2395,0.12706822,0.10657193605683846
2025-11-24,2395,0.111665145,0.19337979094076663
2025-11-25,2395,0.139344,0.3157894736842106
2025-11-26,2395,0.11876121,0.19861830742659747
2025-11-27,2395,0.13842595,0.19965277777777768
2025-11-28,2395,0.1170512,0.20138888888888884
2025-12-01,2395,0.12362084,0.19791666666666674
2025-12-02,2395,0.11932728,0.19337979094076663
2025-12-03,2395,0.111643925,0.18260869565217397
2025-12-04,2395,0.11514473,0.19999999999999996
2025-12-05,2395,0.12196192,0.21602787456445993
2025-09-04,2408,0.09358239,2.3921161539861497
2025-09-05,2408,0.11812401,2.0566038003707945
2025-09-08,2408,0.16580027,1.9158878672913264
2025-09-09,2408,0.14712217,1.8942486151644249
2025-09-10,2408,0.14652552,1.977941166300611
2025-09-11,2408,0.16346511,1.87610619076192
2025-09-12,2408,0.18769562,1.7526132634984455
2025-09-15,2408,0.18445235,1.6069730523127976
2025-09-16,2408,0.18853278,1.4566473932293267
2025-09-17,2408,0.1983604,1.3806275571780087
2025-09-18,2408,0.18749553,1.250000003135065
2025-09-19,2408,0.19171461,1.2285353593090425
2025-09-22,2408,0.20223139,1.339108892850866
2025-09-23,2408,0.15159914,1.3333333415902948
2025-09-24,2408,0.16729164,1.4802631553762633
2025-09-25,2408,0.1684272,1.5391645093271902
2025-09-26,2408,0.15065865,1.7183098549756721
2025-09-30,2408,0.14125568,1.83561644400387
2025-10-01,2408,0.14627804,1.7296587865691588
2025-10-02,2408,0.15199102,1.8670012557001385
2025-10-03,2408,0.16326992,1.9036144377348716
2025-10-07,2408,0.17176495,1.648026307177453
2025-10-08,2408,0.19627881,1.3953744449830068
2025-10-09,2408,0.1315678,1.4263959453420454
2025-10-13,2408,0.17068455,1.4058577285989706
2025-10-14,2408,0.122169554,1.6543209744487433
2025-10-15,2408,0.16157362,1.7520278109081535
2025-10-16,2408,0.070580855,1.6343519484847282
2025-10-17,2408,0.075481236,1.6442307588423883
2025-10-20,2408,0.09558545,1.5420560851061276
2025-10-21,2408,0.06340113,1.3791469249294912
2025-10-22,2408,0.059911523,1.4227272687060983
2025-10-23,2408,0.048955582,1.4794520589361713
2025-10-27,2408,0.12202884,1.3833333372347476
2025-10-28,2408,0.039710134,1.1307692295819871
2025-10-29,2408,0.023316815,1.2330827101697808
2025-10-30,2408,0.015422951,1.208178430509614
2025-10-31,2408,-0.013509711,1.4641509381961924
2025-11-03,2408,-0.008358322,1.145985411294828
2025-11-04,2408,-0.045456007,1.110266157607255
2025-11-05,2408,-0.033677984,1.1376811580506327
2025-11-06,2408,-0.057571072,0.8581081095279328
2025-11-07,2408,-0.05206151,0.7959183681826079
2025-11-10,2408,-0.057954643,0.699690405438488
2025-11-11,2408,-0.06947376,0.6474164085172187
2025-11-12,2408,-0.065626875,0.7055214762063042
2025-11-13,2408,-0.06517187,0.7675840999233938
2025-11-14,2408,-0.06578083,0.8801261901134063
2025-11-17,2408,-0.08208375,0.7297297248443104
2025-11-18,2408,-0.12552057,0.7788161970792198
2025-11-19,2408,-0.055893254,0.7812499988243506
2025-11-20,2408,-0.06204008,0.6495176833731016
2025-11-21,2408,-0.06906393,0.674999999104267
2025-11-24,2408,-0.0669381,0.8006992996199884
2025-11-25,2408,-0.077614635,0.6236933852961162
2025-11-26,2408,-0.03949515,0.5384615378961846
2025-11-27,2408,-0.05318932,0.5821917848694405
2025-11-28,2408,-0.022908408,0.7397260294680856
2025-12-01,2408,-0.024289455,0.6020066858660535
2025-12-02,2408,-0.024916615,0.5919732431147713
2025-12-03,2408,-0.07268873,0.7317880809661641
2025-12-04,2408,-0.048388395,0.7980132441091339
2025-12-05,2408,-0.05440123,0.8039215691417254
2025-09-04,2412,0.029305913,-0.04074074011380446
2025-09-05,2412,0.026794098,-0.03345724855386334
2025-09-08,2412,0.026906036,-0.03717472061540372
2025-09-09,2412,0.027249604,-0.04059040528174118
2025-09-10,2412,0.025943749,-0.03690036843794653
2025-09-11,2412,0.022006955,-0.029739776492322956
2025-09-12,2412,0.024638817,-0.03690036843794653
2025-09-15,2412,0.020648628,-0.04074074011380446
2025-09-16,2412,0.01802567,-0.029850745805872547
2025-09-17,2412,0.020546492,-0.026022304430782572
2025-09-18,2412,0.017383598,-0.02611940258013845
2025-09-19,2412,0.016326427,-0.02611940258013845
2025-09-22,2412,0.0134080015,-0.022471909762666442
2025-09-23,2412,0.01388602,-0.014981273175110998
2025-09-24,2412,0.016304318,-0.018587360307701806
2025-09-25,2412,0.013967253,-0.018726591468888776
2025-09-26,2412,0.017873127,-0.029739776492322956
2025-09-30,2412,0.013946068,-0.01123595488133311
2025-10-01,2412,0.011821538,-0.01115241618462115
2025-10-02,2412,0.012710441,-0.00375939843751949
2025-10-03,2412,0.0149573125,0.0
2025-10-07,2412,0.012271017,0.003759398437519268
2025-10-08,2412,0.0120651685,0.0
2025-10-09,2412,0.011996936,0.003759398437519268
2025-10-13,2412,0.014085308,0.0075471696929902965
2025-10-14,2412,0.009444248,0.0037735848464952593
2025-10-15,2412,0.012846731,0.015209125235011056
2025-10-16,2412,0.007440936,0.007575757456528942
2025-10-17,2412,0.011643261,0.00751879687503898
2025-10-20,2412,0.011227038,0.0
2025-10-21,2412,0.0124689005,0.0
2025-10-22,2412,0.014190327,-0.0037453182937776663
2025-10-23,2412,0.014979724,0.0
2025-10-27,2412,0.015077911,0.015151514913058106
2025-10-28,2412,0.011299126,0.007575757456528942
2025-10-29,2412,0.006763149,0.011363636184793302
2025-10-30,2412,0.011018246,0.015209125235011056
2025-10-31,2412,0.0020637214,0.019083969163009362
2025-11-03,2412,0.0026657917,0.011406843926258459
2025-11-04,2412,0.0050308593,0.019083969163009362
2025-11-05,2412,0.009922389,0.007575757456528942
2025-11-06,2412,0.007230241,0.007604562617505639
2025-11-07,2412,0.012844041,0.0037735848464952593
2025-11-10,2412,0.014179252,-0.007518796875038758
2025-11-11,2412,0.011808734,0.00378787872826436
2025-11-12,2412,0.011472505,0.007575757456528942
2025-11-13,2412,0.010005746,0.026615969161269515
2025-11-14,2412,0.0089477375,0.030418250470022556
2025-11-17,2412,0.009455174,0.03030302982611599
2025-11-18,2412,0.009224616,0.02290076299561128
2025-11-19,2412,0.00683295,0.05747126345292708
2025-11-20,2412,0.012625854,0.045454544739174096
2025-11-21,2412,0.009600367,0.030418250470022556
2025-11-24,2412,0.012684576,0.03787878728264493
2025-11-25,2412,0.005559437,0.04198473215862064
2025-11-26,2412,0.0059083477,0.038167938326018724
2025-11-27,2412,0.007056441,0.03053435066081489
2025-11-28,2412,0.005785607,0.03831417563528472
2025-12-01,2412,0.0075755604,0.04615384541629397
2025-12-02,2412,0.004876286,0.04615384541629397
2025-12-03,2412,0.0025499798,0.04999999920098519
2025-12-04,2412,0.006755773,0.05791505698598476
2025-12-05,2412,0.0048447363,0.05769230677036741
2025-09-04,2454,0.059936006,0.039711191560270365
2025-09-05,2454,0.06915648,-0.010452961406048566
2025-09-08,2454,0.06926733,0.02097902043240807
2025-09-09,2454,0.031918157,-0.07615894026017722
2025-09-10,2454,0.0763668,-0.057046979547057175
2025-09-11,2454,0.07890928,-0.0405405408682582
2025-09-12,2454,0.075540066,-0.043771043573409774
2025-09-15,2454,0.073458716,-0.04040404006224996
2025-09-16,2454,0.07419664,-0.07491856663815
2025-09-17,2454,0.07108477,-0.06622516567984904
2025-09-18,2454,0.07148832,-0.07284768184036017
2025-09-19,2454,0.08418922,-0.03472222228156685
2025-09-22,2454,0.081214845,-0.01779359432942662
2025-09-23,2454,0.0908059,0.007272726836095034
2025-09-24,2454,0.09270115,0.06766917271783268
2025-09-25,2454,0.101626486,0.055762081877919645
2025-09-26,2454,0.07906225,0.09160305339328523
2025-09-30,2454,0.08540678,0.11787072281003175
2025-10-01,2454,0.080071986,0.186770427934829
2025-10-02,2454,0.09117977,0.18264590977632356
2025-10-03,2454,0.104798645,0.15066946213733412
2025-10-07,2454,0.09330855,0.11170668970099285
2025-10-08,2454,0.085098386,0.0842896912956792
2025-10-09,2454,0.085652724,0.09517573534909052
2025-10-13,2454,0.0763337,0.1511686427101817
2025-10-14,2454,0.07174881,0.17170692703245605
2025-10-15,2454,0.06946994,0.1550446313825442
2025-10-16,2454,0.07568923,0.1535146352168364
2025-10-17,2454,0.08795041,0.13818553716663673
2025-10-20,2454,0.08209947,0.12969161575450072
2025-10-21,2454,0.08354361,0.11447691395157844
2025-10-22,2454,0.07876037,0.13818553716663673
2025-10-23,2454,0.076193094,0.2830869451697211
2025-10-27,2454,0.082807556,0.35154419250368063
2025-10-28,2454,0.06664823,0.3759759872668762
2025-10-29,2454,0.07900511,0.3957733444821161
2025-10-30,2454,0.06442019,0.38511858567689816
2025-10-31,2454,0.069354326,0.36955545559750447
2025-11-03,2454,0.08528927,0.3369626694318413
2025-11-04,2454,0.07099855,0.39147994195632685
2025-11-05,2454,0.07097765,0.3796188329993506
2025-11-06,2454,0.06111636,0.39869108388932517
2025-11-07,2454,0.07666911,0.3834511070506974
2025-11-10,2454,0.07045679,0.4923796791768493
2025-11-11,2454,0.07521716,0.5167462688481106
2025-11-12,2454,0.059602465,0.5188427508513502
2025-11-13,2454,0.052045878,0.46971576189854414
2025-11-14,2454,0.058840655,0.51250217366464
2025-11-17,2454,0.049267914,0.5497967475836634
2025-11-18,2454,0.068322994,0.6946186990898138
2025-11-19,2454,0.07431649,0.6696823715516682
2025-11-20,2454,0.08293162,0.561336559652482
2025-11-21,2454,0.069346026,0.5313032718409543
2025-11-24,2454,0.077981055,0.5733986287795081
2025-11-25,2454,0.09274764,0.5183245334780109
2025-11-26,2454,0.08304541,0.3055969764924029
2025-11-27,2454,0.088202775,0.2970533363519259
2025-11-28,2454,0.06977928,0.28975955024372224
2025-12-01,2454,0.059647717,0.2592403272661661
2025-12-02,2454,0.08357231,0.2391111278111866
2025-12-03,2454,0.11008297,0.24510599654829868
2025-12-04,2454,0.11520313,0.25518583296037645
2025-12-05,2454,0.116576895,0.23756918984605657
2025-09-04,2603,0.16697153,-0.027027025766849344
2025-09-05,2603,0.16194266,-0.042895441630756204
2025-09-08,2603,0.15874326,-0.040214475444812825
2025-09-09,2603,0.16026014,-0.021680219320364902
2025-09-10,2603,0.16056734,-0.013477094119035193
2025-09-11,2603,0.16070953,0.002732241499653787
2025-09-12,2603,0.16186525,-0.010781675295228221
2025-09-15,2603,0.15538767,0.002724796697040066
2025-09-16,2603,0.15792863,-0.002724796697040066
2025-09-17,2603,0.16246772,0.010899186788160264
2025-09-18,2603,0.15591855,0.008130078592563539
2025-09-19,2603,0.16424973,-0.013262598908106438
2025-09-22,2603,0.153567,0.02724795521847012
2025-09-23,2603,0.16928054,0.049450550720062214
2025-09-24,2603,0.16661209,0.05540166564065663
2025-09-25,2603,0.16624482,0.061111110578647265
2025-09-26,2603,0.1676769,0.06741573224281727
2025-09-30,2603,0.17298052,0.07821229053644507
2025-10-01,2603,0.1583009,0.07042253829134104
2025-10-02,2603,0.15795137,0.06760563578775325
2025-10-03,2603,0.16353112,0.08310249547417126
2025-10-07,2603,0.15837006,0.07499999880195607
2025-10-08,2603,0.15614934,0.0779944289191623
2025-10-09,2603,0.15429549,0.09523809581338649
2025-10-13,2603,0.16465339,0.0893854731777417
2025-10-14,2603,0.18413118,0.026455025307994928
2025-10-15,2603,0.15969416,0.059782608377173974
2025-10-16,2603,0.15554032,0.024258757789038743
2025-10-17,2603,0.17530456,0.005361932371886535
2025-10-20,2603,0.16063529,0.03523035420404885
2025-10-21,2603,0.16124198,0.049450550720062214
2025-10-22,2603,0.15775555,0.05479451795806578
2025-10-23,2603,0.16067076,0.024324322024499967
2025-10-27,2603,0.1594645,0.016172501317617494
2025-10-28,2603,0.15660042,-0.0026666676941091705
2025-10-29,2603,0.15464708,0.010526314176594553
2025-10-30,2603,0.17479211,-0.030612245683848127
2025-10-31,2603,0.15857236,-0.038759693680541885
2025-11-03,2603,0.1525182,-0.04663212556809748
2025-11-04,2603,0.1523888,-0.015957447205101616
2025-11-05,2603,0.15487811,0.016172501317617494
2025-11-06,2603,0.16372748,-0.007957557056822218
2025-11-07,2603,0.15310419,0.0026737978243880356
2025-11-10,2603,0.1537155,0.021917804819961306
2025-11-11,2603,0.1642569,0.03333332814180934
2025-11-12,2603,0.16594753,0.0
2025-11-13,2603,0.1755099,0.0053333296376072425
2025-11-14,2603,0.1711513,0.026954176612845826
2025-11-17,2603,0.15785247,0.057851238245614
2025-11-18,2603,0.16743535,0.09749303164377365
2025-11-19,2603,0.16391101,0.16991643378743526
2025-11-20,2603,0.17013043,0.18630136460232127
2025-11-21,2603,0.1603443,0.16388888582722094
2025-11-24,2603,0.16135459,0.16201116938169613
2025-11-25,2603,0.16316922,0.16620499094834296
2025-11-26,2603,0.16704881,0.156593407651334
2025-11-27,2603,0.15973471,0.13850415514120118
2025-11-28,2603,0.15886205,0.16991643378743526
2025-12-01,2603,0.16302319,0.16528925467634603
2025-12-02,2603,0.15824708,0.1432506905545472
2025-12-03,2603,0.1563198,0.19726027292046422
2025-12-04,2603,0.16030195,0.18157181562313096
2025-12-05,2603,0.15112232,0.1912568342715315
2025-09-04,2615,0.17173606,-0.04247573550586037
2025-09-05,2615,0.16887787,-0.042579070373600314
2025-09-08,2615,0.16351229,-0.04379561776597718
2025-09-09,2615,0.16464011,-0.03448276214572432
2025-09-10,2615,0.16936804,-0.03337453740013896
2025-09-11,2615,0.1723772,-0.0037974626519029497
2025-09-12,2615,0.1674508,-0.02374999463369354
2025-09-15,2615,0.16278985,-0.02010050270907182
2025-09-16,2615,0.16076271,-0.04975125039430839
2025-09-17,2615,0.16300908,-0.02743142328539172
2025-09-18,2615,0.15713638,-0.03337453740013896
2025-09-19,2615,0.16000094,-0.03680981173321718
2025-09-22,2615,0.16627543,-0.007566205954004701
2025-09-23,2615,0.1694268,0.024390251699256682
2025-09-24,2615,0.16812651,0.044270838997824136
2025-09-25,2615,0.17023236,0.043307089830720846
2025-09-26,2615,0.16892658,0.061994618662814416
2025-09-30,2615,0.16477019,0.07133243588203309
2025-10-01,2615,0.15627497,0.058029691347153634
2025-10-02,2615,0.15417129,0.06684857071711892
2025-10-03,2615,0.15664113,0.09523808313787385
2025-10-07,2615,0.15378653,0.07755101620189575
2025-10-08,2615,0.15268901,0.07317073410772612
2025-10-09,2615,0.1528325,0.07277628296189276
2025-10-13,2615,0.16002043,0.03543307225997894
2025-10-14,2615,0.14494054,-0.059665864029523674
2025-10-15,2615,0.18524523,-0.022360240697573475
2025-10-16,2615,0.18321727,-0.02893080899114986
2025-10-17,2615,0.21951717,-0.05236907611299135
2025-10-20,2615,0.1935398,-0.03404792025081471
2025-10-21,2615,0.19002096,-0.02313623879833615
2025-10-22,2615,0.20501038,-0.01668805433358922
2025-10-23,2615,0.18669178,-0.016883122920727356
2025-10-27,2615,0.1835315,-0.031047859190575955
2025-10-28,2615,0.1748921,-0.04884317672390204
2025-10-29,2615,0.18061385,-0.05786163103379649
2025-10-30,2615,0.15727344,-0.1498855803319571
2025-10-31,2615,0.16597131,-0.10475029485489118
2025-11-03,2615,0.19285995,-0.10365853612242992
2025-11-04,2615,0.17773536,-0.10353227831046119
2025-11-05,2615,0.17465495,-0.07063196686662843
2025-11-06,2615,0.18257415,-0.09770808506122874
2025-11-07,2615,0.17851275,-0.1053268693656354
2025-11-10,2615,0.17862989,-0.07749999614144742
2025-11-11,2615,0.18098462,-0.058154230750775526
2025-11-12,2615,0.20470649,-0.08088234602238731
2025-11-13,2615,0.18760282,-0.0894988084260755
2025-11-14,2615,0.21537909,-0.08242425218086535
2025-11-17,2615,0.2113111,-0.061425066498748127
2025-11-18,2615,0.22418052,-0.08283313331311459
2025-11-19,2615,0.22886842,-0.0315151626437995
2025-11-20,2615,0.21779639,0.06356967948442804
2025-11-21,2615,0.21970876,0.022584684625912566
2025-11-24,2615,0.22285242,-0.010062886679139904
2025-11-25,2615,0.20708707,0.0012738878423286248
2025-11-26,2615,0.18170297,-0.019347037712451276
2025-11-27,2615,0.18946302,-0.027027028749575077
2025-11-28,2615,0.18218508,-0.00992555198777123
2025-12-01,2615,0.1843718,-0.014778328459346235
2025-12-02,2615,0.18084235,-0.025990098374182646
2025-12-03,2615,0.17569491,-0.019875776669713296
2025-12-04,2615,0.19300875,-0.014906822835260236
2025-12-05,2615,0.18270956,0.0025094021702429803
2025-09-04,2880,0.12264077,0.04982817869415812
2025-09-05,2880,0.12294787,0.05317324185248706
2025-09-08,2880,0.11972338,0.04982817869415812
2025-09-09,2880,0.123896524,0.047700170357751315
2025-09-10,2880,0.118922025,0.045608108108108114
2025-09-11,2880,0.113247454,0.057627118644067776
2025-09-12,2880,0.10914466,0.06271186440677967
2025-09-15,2880,0.10177472,0.08717948717948731
2025-09-16,2880,0.10293384,0.0819112627986347
2025-09-17,2880,0.10121344,0.0905982905982905
2025-09-18,2880,0.10074693,0.0795262267343484
2025-09-19,2880,0.10690278,0.09401709401709413
2025-09-22,2880,0.09843744,0.09401709401709413
2025-09-23,2880,0.0963496,0.10598290598290605
2025-09-24,2880,0.0937255,0.10221465076660996
2025-09-25,2880,0.100390285,0.08219178082191791
2025-09-26,2880,0.09353739,0.05982905982905984
2025-09-30,2880,0.09936294,0.06418918918918903
2025-10-01,2880,0.09696716,0.07979626485568758
2025-10-02,2880,0.09913123,0.07300509337860794
2025-10-03,2880,0.09458855,0.0807560137457044
2025-10-07,2880,0.095822856,0.0862068965517242
2025-10-08,2880,0.09511651,0.09075342465753433
2025-10-09,2880,0.09821446,0.09743589743589753
2025-10-13,2880,0.10788971,0.09401709401709413
2025-10-14,2880,0.1135519,0.09830508474576272
2025-10-15,2880,0.1113331,0.1096121416526139
2025-10-16,2880,0.10869725,0.11241610738255026
2025-10-17,2880,0.1148801,0.11932773109243677
2025-10-20,2880,0.11235583,0.11279461279461267
2025-10-21,2880,0.1094808,0.12478920741989885
2025-10-22,2880,0.116044715,0.11577181208053688
2025-10-23,2880,0.113076895,0.10552763819095468
2025-10-27,2880,0.11551671,0.11596638655462188
2025-10-28,2880,0.111222565,0.12224108658743615
2025-10-29,2880,0.10998446,0.13367174280879857
2025-10-30,2880,0.11543791,0.15187713310580198
2025-10-31,2880,0.10503945,0.13356164383561642
2025-11-03,2880,0.10144237,0.11394557823129259
2025-11-04,2880,0.102591366,0.1182432432432432
2025-11-05,2880,0.105638385,0.11616161616161613
2025-11-06,2880,0.10313584,0.1351351351351351
2025-11-07,2880,0.10323197,0.13781512605042012
2025-11-10,2880,0.10276581,0.14502529510961226
2025-11-11,2880,0.10442783,0.1459731543624161
2025-11-12,2880,0.116638035,0.18290598290598292
2025-11-13,2880,0.09980264,0.2568493150684932
2025-11-14,2880,0.09831981,0.2879310344827586
2025-11-17,2880,0.09978959,0.28497409326424883
2025-11-18,2880,0.10637176,0.33450087565674247
2025-11-19,2880,0.0971878,0.29453262786596124
2025-11-20,2880,0.09102507,0.26736111111111116
2025-11-21,2880,0.10285577,0.1986301369863015
2025-11-24,2880,0.11244002,0.19999999999999996
2025-11-25,2880,0.10327399,0.21379310344827607
2025-11-26,2880,0.09399089,0.18493150684931514
2025-11-27,2880,0.0922028,0.17697594501718217
2025-11-28,2880,0.09662485,0.16129032258064524
2025-12-01,2880,0.09839411,0.1494057724957556
2025-12-02,2880,0.10853626,0.120860927152318
2025-12-03,2880,0.10894972,0.1074380165289257
2025-12-04,2880,0.11215925,0.08617886178861789
2025-12-05,2880,0.11681655,0.08441558441558428
2025-09-04,2881,0.07767618,0.13163785738068
2025-09-05,2881,0.08084874,0.13455939475986578
2025-09-08,2881,0.07495688,0.13464160400706016
2025-09-09,2881,0.076566905,0.12820230076393835
2025-09-10,2881,0.083242476,0.13263886118985702
2025-09-11,2881,0.09066704,0.12760844035684027
2025-09-12,2881,0.09011723,0.11185503877703962
2025-09-15,2881,0.09478493,0.12310427553715475
2025-09-16,2881,0.09685625,0.11733292460524147
2025-09-17,2881,0.10056995,0.12437045898512822
2025-09-18,2881,0.10189654,0.13991111865579886
2025-09-19,2881,0.09956691,0.1452352280555269
2025-09-22,2881,0.09902735,0.133737626195791
2025-09-23,2881,0.09959152,0.12470771315970186
2025-09-24,2881,0.10005361,0.13094552206469867
2025-09-25,2881,0.105273336,0.12790697534622497
2025-09-26,2881,0.091976464,0.11098265782642347
2025-09-30,2881,0.09294838,0.08267269792962062
2025-10-01,2881,0.092276976,0.11212815411409172
2025-10-02,2881,0.08710989,0.10297482623670229
2025-10-03,2881,0.0872214,0.11098265782642347
2025-10-07,2881,0.08834545,0.11622554945313501
2025-10-08,2881,0.08555107,0.08646188670312815
2025-10-09,2881,0.08931376,0.05790645138649153
2025-10-13,2881,0.07594177,0.0728929337486317
2025-10-14,2881,0.088431925,0.0634920729817765
2025-10-15,2881,0.09411825,0.050223219141028785
2025-10-16,2881,0.098135725,0.05790645138649153
2025-10-17,2881,0.092321515,0.06145251338563784
2025-10-20,2881,0.09670694,0.05499438595739603
2025-10-21,2881,0.098775,0.026490060254620307
2025-10-22,2881,0.0934279,0.01528384225256696
2025-10-23,2881,0.09506337,0.017410224567246724
2025-10-27,2881,0.09793174,0.011943543982356086
2025-10-28,2881,0.102105856,0.016501659324592133
2025-10-29,2881,0.09487988,0.00762527199989349
2025-10-30,2881,0.09674984,-0.0010822606250179279
2025-10-31,2881,0.09837076,-0.0032894800239665622
2025-11-03,2881,0.09726097,-0.016304345566192757
2025-11-04,2881,0.095205426,-0.007567567241301143
2025-11-05,2881,0.0978339,0.02317880700231334
2025-11-06,2881,0.09108098,0.01851851288707973
2025-11-07,2881,0.09090343,0.020994477511422138
2025-11-10,2881,0.092080444,0.03532009175154838
2025-11-11,2881,0.09736203,0.03846153671355523
2025-11-12,2881,0.094036445,0.038167937209899305
2025-11-13,2881,0.1013549,0.018085100930145037
2025-11-14,2881,0.09715529,0.008574488953554393
2025-11-17,2881,0.111965045,0.011982563849617156
2025-11-18,2881,0.09582852,0.05251396787446905
2025-11-19,2881,0.10788974,0.055618613158538555
2025-11-20,2881,0.13883734,0.042553196416249994
2025-11-21,2881,0.13377662,0.012401357395533719
2025-11-24,2881,0.1436469,-0.016304345566192757
2025-11-25,2881,0.13761908,-0.04413347683287516
2025-11-26,2881,0.13155696,-0.06437768440315483
2025-11-27,2881,0.13689943,-0.05963791014017661
2025-11-28,2881,0.10959922,-0.03671706270733632
2025-12-01,2881,0.11845116,-0.02614379614985074
2025-12-02,2881,0.13681754,-0.04343105473887088
2025-12-03,2881,0.14769347,-0.04618690327831454
2025-12-04,2881,0.15171194,-0.051742342146704035
2025-12-05,2881,0.14887778,-0.05690200309480187
2025-09-04,2882,0.042663418,0.07644306629274311
2025-09-05,2882,0.052080933,0.07120742512867961
2025-09-08,2882,0.06056493,0.07366771103896097
2025-09-09,2882,0.062798545,0.07956318386328065
2025-09-10,2882,0.071781725,0.08012327202282465
2025-09-11,2882,0.07642341,0.08850932890699492
2025-09-12,2882,0.078947246,0.07175572499771055
2025-09-15,2882,0.08122049,0.1192660466190516
2025-09-16,2882,0.08085175,0.1255673199396623
2025-09-17,2882,0.0915242,0.14916286146763436
2025-09-18,2882,0.09158549,0.17692307165257826
2025-09-19,2882,0.08632374,0.17099236561555675
2025-09-22,2882,0.08366831,0.15000000470779207
2025-09-23,2882,0.08187212,0.12990937765915156
2025-09-24,2882,0.08303191,0.15151514485766748
2025-09-25,2882,0.077531055,0.15981735044644396
2025-09-26,2882,0.07435359,0.1643625285123711
2025-09-30,2882,0.07319762,0.1463414711162574
2025-10-01,2882,0.06951204,0.17151607761646015
2025-10-02,2882,0.065242946,0.1692307579543535
2025-10-03,2882,0.05716511,0.16307691018258685
2025-10-07,2882,0.0603065,0.17177913983737758
2025-10-08,2882,0.058298465,0.1623277216969421
2025-10-09,2882,0.067613736,0.14608433319146874
2025-10-13,2882,0.07895978,0.1852986114957369
2025-10-14,2882,0.075598225,0.14045802195426504
2025-10-15,2882,0.07805425,0.1325301244284367
2025-10-16,2882,0.085899785,0.15805472330263037
2025-10-17,2882,0.07880366,0.18711655934951033
2025-10-20,2882,0.0662016,0.17304747555666689
2025-10-21,2882,0.068955764,0.1522069944197384
2025-10-22,2882,0.06448294,0.1506849200615381
2025-10-23,2882,0.071296856,0.16590563211494902
2025-10-27,2882,0.06993748,0.17351597237735827
2025-10-28,2882,0.071582556,0.17129630687779662
2025-10-29,2882,0.057138544,0.16975309258612858
2025-10-30,2882,0.054728176,0.18266253090669227
2025-10-31,2882,0.047681134,0.1781250085466657
2025-11-03,2882,0.035990845,0.16275429784147422
2025-11-04,2882,0.033507396,0.1563467464959749
2025-11-05,2882,0.031578045,0.18876755735671824
2025-11-06,2882,0.033925906,0.17465222651516288
2025-11-07,2882,0.026219279,0.19212597808738474
2025-11-10,2882,0.026131194,0.21003134740259743
2025-11-11,2882,0.048042353,0.20216049681168613
2025-11-12,2882,0.049681116,0.21417566023873214
2025-11-13,2882,0.05718516,0.2078907409751487
2025-11-14,2882,0.06723377,0.18484847923717695
2025-11-17,2882,0.07116534,0.17764165351642602
2025-11-18,2882,0.07249658,0.22993827414548496
2025-11-19,2882,0.066686735,0.2133956349353654
2025-11-20,2882,0.06746635,0.1993817538135656
2025-11-21,2882,0.062229637,0.15094338670133411
2025-11-24,2882,0.06932807,0.12366412819682493
2025-11-25,2882,0.06458253,0.12135177992989976
2025-11-26,2882,0.0660155,0.06382979694616653
2025-11-27,2882,0.07474184,0.08054712284393162
2025-11-28,2882,0.07347509,0.11838006155143521
2025-12-01,2882,0.062293377,0.1188271648102901
2025-12-02,2882,0.076921955,0.07657657797759154
2025-12-03,2882,0.0803778,0.07100590501157922
2025-12-04,2882,0.08525807,0.060869558691151404
2025-12-05,2882,0.08551471,0.06841340661145123
2025-09-04,2883,0.054072898,0.058823537369504075
2025-09-05,2883,0.053439226,0.06885246991890281
2025-09-08,2883,0.045285176,0.07540982538556462
2025-09-09,2883,0.05500001,0.11513164524142949
2025-09-10,2883,0.051720668,0.11803280557526219
2025-09-11,2883,0.0690293,0.14333330711576542
2025-09-12,2883,0.061158795,0.11764707473900793
2025-09-15,2883,0.05685554,0.14802634266544445
2025-09-16,2883,0.058686737,0.14521451852133183
2025-09-17,2883,0.051179927,0.1622516358851256
2025-09-18,2883,0.045666788,0.17161713962234804
2025-09-19,2883,0.06803493,0.1644736913774516
2025-09-22,2883,0.05306152,0.1622516358851256
2025-09-23,2883,0.05546697,0.15666666528679474
2025-09-24,2883,0.049850997,0.17333331125538143
2025-09-25,2883,0.05820335,0.17449669976738957
2025-09-26,2883,0.050979566,0.16554052093292682
2025-09-30,2883,0.046845276,0.15050169655035694
2025-10-01,2883,0.060310278,0.1711409712956513
2025-10-02,2883,0.047465112,0.1627907504470889
2025-10-03,2883,0.038030367,0.1711409712956513
2025-10-07,2883,0.042378675,0.181208087254219
2025-10-08,2883,0.039803308,0.16333330987550942
2025-10-09,2883,0.046945482,0.16501650142471802
2025-10-13,2883,0.057647828,0.16887419919160984
2025-10-14,2883,0.077935055,0.14379084657852625
2025-10-15,2883,0.081713006,0.11075949118353456
2025-10-16,2883,0.08612038,0.12341774307603348
2025-10-17,2883,0.08580044,0.14920634691177748
2025-10-20,2883,0.09069055,0.15286626555017446
2025-10-21,2883,0.0933131,0.1301587253609895
2025-10-22,2883,0.102259815,0.10591897378791293
2025-10-23,2883,0.100810125,0.10526313091337114
2025-10-27,2883,0.10666308,0.1366459647291849
2025-10-28,2883,0.10488102,0.13084107388859856
2025-10-29,2883,0.10339072,0.12812499777657327
2025-10-30,2883,0.10307591,0.13793103672014695
2025-10-31,2883,0.09787379,0.135220099996459
2025-11-03,2883,0.096852094,0.12149527829084161
2025-11-04,2883,0.09381735,0.14420067353760757
2025-11-05,2883,0.09629202,0.16825396846256568
2025-11-06,2883,0.090030506,0.1572327031744345
2025-11-07,2883,0.08195421,0.16190471747350954
2025-11-10,2883,0.08908878,0.17445482966479742
2025-11-11,2883,0.08890624,0.1775700518773835
2025-11-12,2883,0.09392026,0.19937692976548305
2025-11-13,2883,0.097329184,0.27244581844951266
2025-11-14,2883,0.09841603,0.30312500262768594
2025-11-17,2883,0.099819675,0.32278486650654914
2025-11-18,2883,0.09612787,0.4161290395810069
2025-11-19,2883,0.09045461,0.38235292526099207
2025-11-20,2883,0.07408124,0.3729903894353803
2025-11-21,2883,0.07940665,0.30921053706617774
2025-11-24,2883,0.07935782,0.3096774744922861
2025-11-25,2883,0.068609804,0.31189711017528277
2025-11-26,2883,0.07207692,0.23343849960464702
2025-11-27,2883,0.07506539,0.2515722730084542
2025-11-28,2883,0.07773104,0.27936507227276675
2025-12-01,2883,0.07566123,0.27795532058053807
2025-12-02,2883,0.07632972,0.2681387985841732
2025-12-03,2883,0.07680258,0.29337537372440736
2025-12-04,2883,0.083381146,0.2906249791806419
2025-12-05,2883,0.0857912,0.2866043123578821
2025-09-04,2884,0.07940507,-0.058823505967680156
2025-09-05,2884,0.087573096,-0.06413993929878514
2025-09-08,2884,0.07042081,-0.04464285409599267
2025-09-09,2884,0.081645906,-0.045722709283839924
2025-09-10,2884,0.0832293,-0.029585786772913347
2025-09-11,2884,0.08572833,-0.026548664947377287
2025-09-12,2884,0.086229816,-0.02658788005302526
2025-09-15,2884,0.078613535,-0.0014903107895138934
2025-09-16,2884,0.08220063,-0.004491042585057947
2025-09-17,2884,0.06880221,0.012066378998346838
2025-09-18,2884,0.07830499,-0.0014992482192833778
2025-09-19,2884,0.08423674,0.0
2025-09-22,2884,0.07196581,0.011922486316111591
2025-09-23,2884,0.07465765,0.03016593177399618
2025-09-24,2884,0.070116125,0.007485018961122192
2025-09-25,2884,0.06681548,0.02420574528681385
2025-09-26,2884,0.06600618,0.025835860290802648
2025-09-30,2884,0.077870116,0.02248878579959901
2025-10-01,2884,0.070308715,0.014992513448007783
2025-10-02,2884,0.06096423,0.02121212197785849
2025-10-03,2884,0.064406425,0.0199386535924444
2025-10-07,2884,0.07038121,0.0030580994913858017
2025-10-08,2884,0.07217084,0.001524388015478051
2025-10-09,2884,0.07711521,-0.01515152472323289
2025-10-13,2884,0.06567364,-0.0030769186360991574
2025-10-14,2884,0.07458413,-0.015243911934050058
2025-10-15,2884,0.07530831,-0.015174516381313063
2025-10-16,2884,0.07143207,0.007716038212019161
2025-10-17,2884,0.0650626,0.013824896893616545
2025-10-20,2884,0.05364706,0.024767798160883148
2025-10-21,2884,0.062603846,0.0261538404794599
2025-10-22,2884,0.062005974,0.027607386189067995
2025-10-23,2884,0.063338146,0.01837672834235149
2025-10-27,2884,0.122582346,0.11056106836746804
2025-10-28,2884,0.14413795,0.11999999861018673
2025-10-29,2884,0.14013956,0.10927153735062589
2025-10-30,2884,0.13212961,0.13087246584959145
2025-10-31,2884,0.13537177,0.12268910960761326
2025-11-03,2884,0.13934684,0.10447759852411487
2025-11-04,2884,0.13058762,0.10231025520621007
2025-11-05,2884,0.12068634,0.11221123099971941
2025-11-06,2884,0.11817591,0.13355590533686246
2025-11-07,2884,0.12210837,0.14864864531751265
2025-11-10,2884,0.11533785,0.1423728871052321
2025-11-11,2884,0.14489752,0.1210613569432899
2025-11-12,2884,0.118854046,0.13079471947294952
2025-11-13,2884,0.09987217,0.1578073218556446
2025-11-14,2884,0.08779083,0.15666664651437223
2025-11-17,2884,0.10825184,0.157284781812294
2025-11-18,2884,0.08636296,0.173913032868227
2025-11-19,2884,0.104868755,0.16333333819768026
2025-11-20,2884,0.110088125,0.15562915507328712
2025-11-21,2884,0.090650246,0.11980033168209148
2025-11-24,2884,0.11429013,0.10551946233443776
2025-11-25,2884,0.07543285,0.12956809101070754
2025-11-26,2884,0.123141855,0.09344262552800653
2025-11-27,2884,0.11366142,0.09868423985171604
2025-11-28,2884,0.11015692,0.09719933819236837
2025-12-01,2884,0.1174095,0.08183304285437276
2025-12-02,2884,0.1205025,0.071312801644557
2025-12-03,2884,0.105210766,0.059210543911029534
2025-12-04,2884,0.12179923,0.04707792125382637
2025-12-05,2884,0.1109959,0.052202275528103304
2025-09-04,2885,0.10502961,0.1299093655589123
2025-09-05,2885,0.10307346,0.13017751479289963
2025-09-08,2885,0.10460423,0.11309523809523792
2025-09-09,2885,0.105546296,0.10766961651917395
2025-09-10,2885,0.10718815,0.11911764705882355
2025-09-11,2885,0.11197695,0.1310751104565535
2025-09-12,2885,0.1079755,0.12138728323699399
2025-09-15,2885,0.11046164,0.1422351233671988
2025-09-16,2885,0.11577384,0.1376811594202898
2025-09-17,2885,0.12037423,0.17201166180758043
2025-09-18,2885,0.116051435,0.15606936416184958
2025-09-19,2885,0.12009604,0.16355810616929678
2025-09-22,2885,0.113593504,0.14082503556187764
2025-09-23,2885,0.11480206,0.13960113960113962
2025-09-24,2885,0.11518584,0.1369472182596292
2025-09-25,2885,0.12274334,0.14595375722543347
2025-09-26,2885,0.10857111,0.14078374455732923
2025-09-30,2885,0.1108353,0.1377331420373027
2025-10-01,2885,0.10840948,0.1341991341991342
2025-10-02,2885,0.10806501,0.17930029154518978
2025-10-03,2885,0.10225999,0.1806167400881058
2025-10-07,2885,0.103786245,0.19650655021834051
2025-10-08,2885,0.10103898,0.18432510885341058
2025-10-09,2885,0.10409607,0.1756168359941943
2025-10-13,2885,0.10919507,0.17732558139534893
2025-10-14,2885,0.110048145,0.19275362318840572
2025-10-15,2885,0.10888557,0.20953757225433534
2025-10-16,2885,0.10915753,0.21335268505079807
2025-10-17,2885,0.110695094,0.24889543446244455
2025-10-20,2885,0.10368222,0.22466960352422927
2025-10-21,2885,0.10522497,0.1950867052023122
2025-10-22,2885,0.10440241,0.19884726224783855
2025-10-23,2885,0.10464917,0.19225251076040162
2025-10-27,2885,0.11746298,0.22366522366522368
2025-10-28,2885,0.11081597,0.23144104803493426
2025-10-29,2885,0.10824184,0.2419825072886299
2025-10-30,2885,0.10628489,0.2540145985401461
2025-10-31,2885,0.103994936,0.24782608695652164
2025-11-03,2885,0.10179378,0.22318840579710164
2025-11-04,2885,0.10102995,0.2086330935251799
2025-11-05,2885,0.10551019,0.19605077574047947
2025-11-06,2885,0.10527097,0.20592383638928058
2025-11-07,2885,0.112765014,0.22381635581061676
2025-11-10,2885,0.10962407,0.26695526695526706
2025-11-11,2885,0.11172859,0.2762589928057555
2025-11-12,2885,0.11052647,0.2570224719101124
2025-11-13,2885,0.10881019,0.31683168316831667
2025-11-14,2885,0.11273867,0.35185185185185186
2025-11-17,2885,0.11383264,0.3423295454545454
2025-11-18,2885,0.12351249,0.3963068181818181
2025-11-19,2885,0.13239338,0.35386819484240695
2025-11-20,2885,0.118908525,0.3106796116504855
2025-11-21,2885,0.13260052,0.2622720897615709
2025-11-24,2885,0.13445072,0.2579750346740639
2025-11-25,2885,0.10147859,0.30212765957446797
2025-11-26,2885,0.11261329,0.22638888888888875
2025-11-27,2885,0.123212665,0.20136986301369864
2025-11-28,2885,0.12360273,0.2285318559556786
2025-12-01,2885,0.12747881,0.2377622377622377
2025-12-02,2885,0.13174206,0.1846785225718195
2025-12-03,2885,0.13144918,0.2202462380300958
2025-12-04,2885,0.13282986,0.19705093833780163
2025-12-05,2885,0.1279698,0.18278145695364234
2025-09-04,2886,0.016813543,-0.013381995133820102
2025-09-05,2886,0.021818116,-0.013333333333333308
2025-09-08,2886,0.015976239,-0.004895960832313362
2025-09-09,2886,0.017932057,-0.012077294685990392
2025-09-10,2886,0.015817754,-0.009626955475330878
2025-09-11,2886,0.018641293,-0.00120481927710836
2025-09-12,2886,0.020603228,-0.028880866425992635
2025-09-15,2886,0.018589716,-0.026537997587454787
2025-09-16,2886,0.014432624,-0.020606060606060628
2025-09-17,2886,0.015366536,-0.015757575757575748
2025-09-18,2886,0.015463177,-0.006031363088057851
2025-09-19,2886,0.021923095,-0.019161676646706538
2025-09-22,2886,0.027477767,-0.021634615384615308
2025-09-23,2886,0.022560053,-0.026378896882494063
2025-09-24,2886,0.025325198,-0.038140643623361226
2025-09-25,2886,0.032380674,-0.042908224076281365
2025-09-26,2886,0.02879225,-0.04761904761904767
2025-09-30,2886,0.0379877,-0.051764705882353046
2025-10-01,2886,0.03892018,-0.047281323877068515
2025-10-02,2886,0.039482836,-0.0356718192627824
2025-10-03,2886,0.038549773,-0.03468899521531088
2025-10-07,2886,0.03255071,-0.03345280764635605
2025-10-08,2886,0.024663076,-0.030989272943981017
2025-10-09,2886,0.026741989,-0.040476190476190554
2025-10-13,2886,0.0334576,-0.03001200480192079
2025-10-14,2886,0.03067873,-0.038004750593824244
2025-10-15,2886,0.044181157,-0.03214285714285714
2025-10-16,2886,0.03043748,-0.022700119474313052
2025-10-17,2886,0.019810397,-0.024067388688327362
2025-10-20,2886,0.01288683,-0.041916167664670656
2025-10-21,2886,0.008873012,-0.04784688995215314
2025-10-22,2886,0.01457281,-0.04790419161676651
2025-10-23,2886,0.009254515,-0.044524669073405354
2025-10-27,2886,0.033171732,-0.04004854368932054
2025-10-28,2886,0.015183758,-0.03663003663003661
2025-10-29,2886,0.011310965,-0.03194103194103204
2025-10-30,2886,0.021071713,-0.039072039072039155
2025-10-31,2886,0.018912654,-0.03960396039603964
2025-11-03,2886,0.015504271,-0.03960396039603964
2025-11-04,2886,0.0048780106,-0.043050430504305015
2025-11-05,2886,0.00872314,-0.0404411764705882
2025-11-06,2886,0.0075275376,-0.018541409147095123
2025-11-07,2886,1.4085323e-05,-0.012406947890818865
2025-11-10,2886,-0.000999026,-0.016069221260816002
2025-11-11,2886,0.000110615045,-0.011180124223602594
2025-11-12,2886,-0.0003525205,-0.003731343283582267
2025-11-13,2886,5.941838e-06,0.02375000000000016
2025-11-14,2886,0.0007806532,0.022556390977443552
2025-11-17,2886,0.0022932664,0.025284450063211228
2025-11-18,2886,-0.0014803223,0.02918781725888331
2025-11-19,2886,0.011064235,0.03209242618741981
2025-11-20,2886,0.007962305,0.018915510718789497
2025-11-21,2886,0.0020283312,-0.0151898734177216
2025-11-24,2886,0.04857802,-0.02602230483271384
2025-11-25,2886,0.017094724,-0.006321112515802807
2025-11-26,2886,0.028394718,-0.027295285359801302
2025-11-27,2886,0.02426425,-0.036991368680641235
2025-11-28,2886,0.016962163,-0.01995012468827939
2025-12-01,2886,0.01763628,-0.037220843672456594
2025-12-02,2886,0.012806188,-0.03606965174129362
2025-12-03,2886,0.012032166,-0.027431421446384108
2025-12-04,2886,0.016627196,-0.0295930949445129
2025-12-05,2886,0.01493787,-0.0379436964504285
2025-09-04,2887,0.16010419,0.10724637681159432
2025-09-05,2887,0.16347183,0.12573099415204658
2025-09-08,2887,0.16203372,0.11988304093567237
2025-09-09,2887,0.16411442,0.1191860465116279
2025-09-10,2887,0.1674462,0.12138728323699399
2025-09-11,2887,0.17123514,0.12500000000000022
2025-09-12,2887,0.16815083,0.15895953757225434
2025-09-15,2887,0.16637734,0.2177650429799427
2025-09-16,2887,0.16734727,0.21367521367521358
2025-09-17,2887,0.17023814,0.23342939481268
2025-09-18,2887,0.16369891,0.20797720797720798
2025-09-19,2887,0.16281042,0.20461095100864535
2025-09-22,2887,0.1566748,0.18571428571428572
2025-09-23,2887,0.1560297,0.16713881019830046
2025-09-24,2887,0.15645306,0.14929577464788735
2025-09-25,2887,0.17108208,0.1610169491525424
2025-09-26,2887,0.15558374,0.146067415730337
2025-09-30,2887,0.1600639,0.1333333333333333
2025-10-01,2887,0.16028067,0.15384615384615397
2025-10-02,2887,0.16294888,0.14835164835164827
2025-10-03,2887,0.16051199,0.14246575342465762
2025-10-07,2887,0.16377401,0.1277173913043479
2025-10-08,2887,0.16600834,0.13008130081300817
2025-10-09,2887,0.16222551,0.11170212765957444
2025-10-13,2887,0.17488009,0.13477088948787053
2025-10-14,2887,0.17607093,0.11842105263157898
2025-10-15,2887,0.16960907,0.09090909090909105
2025-10-16,2887,0.1841031,0.11195928753180673
2025-10-17,2887,0.19849798,0.177835051546392
2025-10-20,2887,0.18177052,0.1594936708860759
2025-10-21,2887,0.17819494,0.12182741116751283
2025-10-22,2887,0.1739662,0.11898734177215187
2025-10-23,2887,0.1723886,0.13589743589743586
2025-10-27,2887,0.18094106,0.18961038961038956
2025-10-28,2887,0.14877632,0.2210526315789474
2025-10-29,2887,0.14884043,0.2026315789473685
2025-10-30,2887,0.15333283,0.20899470899470907
2025-10-31,2887,0.14312926,0.213903743315508
2025-11-03,2887,0.15328029,0.17941952506596315
2025-11-04,2887,0.1452971,0.19736842105263164
2025-11-05,2887,0.15277797,0.206806282722513
2025-11-06,2887,0.14023662,0.21259842519685046
2025-11-07,2887,0.13616884,0.2321899736147759
2025-11-10,2887,0.14250529,0.2559366754617416
2025-11-11,2887,0.15721029,0.2409326424870466
2025-11-12,2887,0.14344561,0.2532637075718016
2025-11-13,2887,0.13989389,0.3315789473684212
2025-11-14,2887,0.13670066,0.3386243386243388
2025-11-17,2887,0.13199951,0.32095490716180364
2025-11-18,2887,0.13500406,0.38378378378378386
2025-11-19,2887,0.12838107,0.35054347826086985
2025-11-20,2887,0.12579662,0.3638814016172507
2025-11-21,2887,0.12698072,0.31607629427792894
2025-11-24,2887,0.1309635,0.327027027027027
2025-11-25,2887,0.11810528,0.31182795698924703
2025-11-26,2887,0.1113646,0.2911051212938005
2025-11-27,2887,0.114203975,0.3029490616621986
2025-11-28,2887,0.12133272,0.3490304709141274
2025-12-01,2887,0.11775872,0.34332425068119865
2025-12-02,2887,0.13601959,0.3164893617021276
2025-12-03,2887,0.11240445,0.32266666666666666
2025-12-04,2887,0.13662106,0.3080939947780681
2025-12-05,2887,0.12425354,0.2779220779220779
2025-09-04,2890,0.16462839,0.12295081967213117
2025-09-05,2890,0.15783063,0.12962962962962954
2025-09-08,2890,0.16525917,0.10909090909090913
2025-09-09,2890,0.16522636,0.09163346613545809
2025-09-10,2890,0.16634387,0.09523809523809534
2025-09-11,2890,0.1734635,0.1100000000000001
2025-09-12,2890,0.17452833,0.11309523809523814
2025-09-15,2890,0.1676017,0.1583166332665331
2025-09-16,2890,0.16856387,0.16096579476861161
2025-09-17,2890,0.19182213,0.1901840490797546
2025-09-18,2890,0.17002612,0.18145161290322576
2025-09-19,2890,0.16610721,0.18813905930470365
2025-09-22,2890,0.16584256,0.17515274949083515
2025-09-23,2890,0.16456175,0.17206477732793513
2025-09-24,2890,0.16505979,0.16532258064516125
2025-09-25,2890,0.16362762,0.17551020408163276
2025-09-26,2890,0.15547085,0.1697341513292434
2025-09-30,2890,0.1711312,0.15200000000000014
2025-10-01,2890,0.16281508,0.14970059880239517
2025-10-02,2890,0.16567498,0.12621359223300965
2025-10-03,2890,0.14686972,0.14201183431952646
2025-10-07,2890,0.17078936,0.13840155945419097
2025-10-08,2890,0.16958472,0.12307692307692308
2025-10-09,2890,0.17056502,0.09315589353612164
2025-10-13,2890,0.17436549,0.09751434034416828
2025-10-14,2890,0.17844766,0.09142857142857141
2025-10-15,2890,0.17514607,0.0964083175803403
2025-10-16,2890,0.17296712,0.12909441233140662
2025-10-17,2890,0.17496155,0.1245210727969348
2025-10-20,2890,0.16947715,0.11708253358925136
2025-10-21,2890,0.16868061,0.10727969348658983
2025-10-22,2890,0.1672695,0.11111111111111116
2025-10-23,2890,0.16171668,0.11111111111111116
2025-10-27,2890,0.17054227,0.1077504725897922
2025-10-28,2890,0.1584493,0.12355212355212375
2025-10-29,2890,0.15579721,0.1134615384615385
2025-10-30,2890,0.16829833,0.12548262548262556
2025-10-31,2890,0.16174482,0.11500974658869412
2025-11-03,2890,0.16697145,0.08333333333333348
2025-11-04,2890,0.16279793,0.08884688090737236
2025-11-05,2890,0.1631805,0.10566037735849054
2025-11-06,2890,0.16034606,0.11153119092627595
2025-11-07,2890,0.15995955,0.10902255639097747
2025-11-10,2890,0.16045487,0.13421550094517953
2025-11-11,2890,0.16316637,0.12825278810408935
2025-11-12,2890,0.15543218,0.1539888682745827
2025-11-13,2890,0.15143883,0.21641791044776126
2025-11-14,2890,0.15359105,0.21601489757914316
2025-11-17,2890,0.16003117,0.2335216572504708
2025-11-18,2890,0.16639724,0.2575757575757578
2025-11-19,2890,0.16757883,0.24196597353497173
2025-11-20,2890,0.16377933,0.22365988909426981
2025-11-21,2890,0.1672695,0.17228464419475653
2025-11-24,2890,0.18166609,0.16574585635359118
2025-11-25,2890,0.15951174,0.17439703153988861
2025-11-26,2890,0.15953837,0.14468864468864462
2025-11-27,2890,0.15521395,0.14862385321100913
2025-11-28,2890,0.15314823,0.17810760667903525
2025-12-01,2890,0.14928535,0.18587360594795532
2025-12-02,2890,0.15506855,0.15454545454545454
2025-12-03,2890,0.15267435,0.15596330275229353
2025-12-04,2890,0.15168032,0.15904936014625215
2025-12-05,2890,0.14960217,0.1654545454545453
2025-09-04,2891,0.091625914,0.0632458233890214
2025-09-05,2891,0.08894727,0.07407407407407418
2025-09-08,2891,0.09100063,0.0730538922155688
2025-09-09,2891,0.09166446,0.07261904761904758
2025-09-10,2891,0.09370834,0.10582639714625452
2025-09-11,2891,0.09536761,0.10650887573964507
2025-09-12,2891,0.09679742,0.08995327102803752
2025-09-15,2891,0.09927249,0.1344148319814602
2025-09-16,2891,0.10155983,0.13578826237054087
2025-09-17,2891,0.09945047,0.14849187935034802
2025-09-18,2891,0.10465787,0.16801853997682503
2025-09-19,2891,0.09558886,0.15463917525773185
2025-09-22,2891,0.076398745,0.16435185185185164
2025-09-23,2891,0.0877426,0.15144508670520218
2025-09-24,2891,0.093085736,0.16801853997682503
2025-09-25,2891,0.10660434,0.18117647058823527
2025-09-26,2891,0.10327539,0.17840375586854473
2025-09-30,2891,0.10107289,0.18414918414918402
2025-10-01,2891,0.0974486,0.1591173054587689
2025-10-02,2891,0.097002834,0.1606519208381838
2025-10-03,2891,0.10423727,0.165289256198347
2025-10-07,2891,0.10527636,0.1680473372781066
2025-10-08,2891,0.09934732,0.16941176470588237
2025-10-09,2891,0.10659635,0.1737089201877935
2025-10-13,2891,0.10788016,0.17793594306049831
2025-10-14,2891,0.106668144,0.164108618654073
2025-10-15,2891,0.10401268,0.18309859154929575
2025-10-16,2891,0.10215208,0.18544600938967126
2025-10-17,2891,0.10410397,0.2047058823529413
2025-10-20,2891,0.102154195,0.2028301886792454
2025-10-21,2891,0.1029803,0.1962174940898347
2025-10-22,2891,0.10855992,0.2080856123662307
2025-10-23,2891,0.105112985,0.20238095238095233
2025-10-27,2891,0.112586126,0.19577960140679962
2025-10-28,2891,0.10780533,0.2124105011933175
2025-10-29,2891,0.10169442,0.21904761904761916
2025-10-30,2891,0.09755765,0.2395709177592371
2025-10-31,2891,0.089107335,0.21624850657108707
2025-11-03,2891,0.08703908,0.21046373365041626
2025-11-04,2891,0.09086698,0.20518867924528306
2025-11-05,2891,0.08540872,0.21183431952662723
2025-11-06,2891,0.09299469,0.21504112808460651
2025-11-07,2891,0.085366026,0.23150357995226734
2025-11-10,2891,0.09323034,0.2264150943396226
2025-11-11,2891,0.09805411,0.1926182237600922
2025-11-12,2891,0.09723665,0.2125435540069689
2025-11-13,2891,0.11054836,0.2564102564102564
2025-11-14,2891,0.10820939,0.2599531615925057
2025-11-17,2891,0.108971864,0.26777251184834117
2025-11-18,2891,0.10890573,0.312206572769953
2025-11-19,2891,0.10439427,0.254079254079254
2025-11-20,2891,0.10112202,0.23556581986143188
2025-11-21,2891,0.105727226,0.16359447004608296
2025-11-24,2891,0.10940224,0.16780045351473927
2025-11-25,2891,0.1052203,0.1870669745958431
2025-11-26,2891,0.10906285,0.17511520737327202
2025-11-27,2891,0.10960156,0.1636363636363638
2025-11-28,2891,0.11376174,0.17836593785960875
2025-12-01,2891,0.109347254,0.1820276497695852
2025-12-02,2891,0.11313012,0.16326530612244894
2025-12-03,2891,0.12220305,0.18764302059496552
2025-12-04,2891,0.11908725,0.19278466741826383
2025-12-05,2891,0.1182909,0.19640852974186318
2025-09-04,2892,0.049957436,-0.04429301533219765
2025-09-05,2892,0.04825073,-0.042808219178082196
2025-09-08,2892,0.04799949,-0.04931972789115646
2025-09-09,2892,0.055913385,-0.05210084033613449
2025-09-10,2892,0.05733586,-0.05499999999999994
2025-09-11,2892,0.065441996,-0.04040404040404033
2025-09-12,2892,0.06107573,-0.03344481605351168
2025-09-15,2892,0.059278827,-0.011824324324324342
2025-09-16,2892,0.05369469,-0.006756756756756799
2025-09-17,2892,0.051594857,0.018707482993197244
2025-09-18,2892,0.04829129,0.016891891891891886
2025-09-19,2892,0.05773696,-0.0016835016835017313
2025-09-22,2892,0.04781075,-0.016778523489932917
2025-09-23,2892,0.04636257,-0.010067114093959773
2025-09-24,2892,0.0445018,-0.011725293132328396
2025-09-25,2892,0.0434502,0.0050675675675675436
2025-09-26,2892,0.041183315,0.0017035775127767216
2025-09-30,2892,0.051342957,-0.01005025125628145
2025-10-01,2892,0.0462338,-0.0016722408026754731
2025-10-02,2892,0.040389035,0.01864406779661021
2025-10-03,2892,0.03584129,0.01018675721561979
2025-10-07,2892,0.04519001,0.022413793103448265
2025-10-08,2892,0.03269441,0.01538461538461533
2025-10-09,2892,0.040423416,0.015544041450777257
2025-10-13,2892,0.044132832,0.012048192771084265
2025-10-14,2892,0.040935837,0.0017035775127767216
2025-10-15,2892,0.039338514,0.017064846416382284
2025-10-16,2892,0.034577377,0.013605442176870763
2025-10-17,2892,0.027648598,0.022336769759450092
2025-10-20,2892,0.031289835,0.01903114186851207
2025-10-21,2892,0.021835875,0.008620689655172376
2025-10-22,2892,0.025989376,0.0
2025-10-23,2892,0.023672301,0.005163511187607606
2025-10-27,2892,0.03259943,0.0017241379310344307
2025-10-28,2892,0.035611924,0.015734265734265618
2025-10-29,2892,0.022622254,0.013961605584642323
2025-10-30,2892,0.021785647,0.017452006980802848
2025-10-31,2892,0.015253026,0.008756567425569184
2025-11-03,2892,0.02087329,0.007029876977152849
2025-11-04,2892,0.009777967,0.015789473684210575
2025-11-05,2892,0.011627242,0.008726003490401313
2025-11-06,2892,0.004337445,0.01919720767888311
2025-11-07,2892,0.0017463006,0.024604569420035194
2025-11-10,2892,0.0023422725,0.021126760563380254
2025-11-11,2892,0.0036846288,0.02811950790861162
2025-11-12,2892,0.0020276457,0.0369718309859155
2025-11-13,2892,0.0030261166,0.05653710247349819
2025-11-14,2892,0.006337326,0.06951871657754016
2025-11-17,2892,0.0035623722,0.06216696269982247
2025-11-18,2892,0.0042671785,0.07360861759425474
2025-11-19,2892,0.0005875267,0.06283662477558338
2025-11-20,2892,0.0048686415,0.04946996466431086
2025-11-21,2892,0.0028727464,0.010600706713780994
2025-11-24,2892,0.04557385,0.013961605584642323
2025-11-25,2892,0.011363726,0.042553191489361764
2025-11-26,2892,0.005347371,0.03558718861209975
2025-11-27,2892,0.022315223,0.04129263913824044
2025-11-28,2892,0.0363289,0.05615942028985499
2025-12-01,2892,0.044782557,0.05291970802919721
2025-12-02,2892,0.04688894,0.04332129963898912
2025-12-03,2892,0.03431919,0.047186932849364815
2025-12-04,2892,0.03714664,0.048648648648648596
2025-12-05,2892,0.03595743,0.035778175313059046
2025-09-04,2912,0.03768311,-0.07722772277227719
2025-09-05,2912,0.03757032,-0.09108910891089106
2025-09-08,2912,0.039126135,-0.09683794466403162
2025-09-09,2912,0.03736877,-0.10059171597633132
2025-09-10,2912,0.037359778,-0.10588235294117643
2025-09-11,2912,0.035178374,-0.10474308300395252
2025-09-12,2912,0.0368923,-0.11045364891518739
2025-09-15,2912,0.037787426,-0.11729622266401596
2025-09-16,2912,0.03883518,-0.11399999999999999
2025-09-17,2912,0.03888523,-0.10399999999999998
2025-09-18,2912,0.033991028,-0.11576846307385225
2025-09-19,2912,0.050782878,-0.10685483870967738
2025-09-22,2912,0.046583176,-0.11222444889779559
2025-09-23,2912,0.03587218,-0.10799999999999998
2025-09-24,2912,0.03472685,-0.09999999999999998
2025-09-25,2912,0.034701828,-0.09879032258064513
2025-09-26,2912,0.033789393,-0.11576846307385225
2025-09-30,2912,0.033504356,-0.10685483870967738
2025-10-01,2912,0.029917791,-0.1108870967741935
2025-10-02,2912,0.029494938,-0.11693548387096775
2025-10-03,2912,0.03212852,-0.11290322580645162
2025-10-07,2912,0.036679033,-0.11359026369168357
2025-10-08,2912,0.033670343,-0.10162601626016265
2025-10-09,2912,0.035261583,-0.09898989898989896
2025-10-13,2912,0.039160382,-0.08588957055214719
2025-10-14,2912,0.06696737,-0.08230452674897115
2025-10-15,2912,0.09063126,-0.06458333333333333
2025-10-16,2912,0.0828197,-0.08141962421711901
2025-10-17,2912,0.07567833,-0.09958506224066388
2025-10-20,2912,0.07171188,-0.10860655737704916
2025-10-21,2912,0.056887005,-0.11428571428571432
2025-10-22,2912,0.05526555,-0.13737373737373737
2025-10-23,2912,0.04556006,-0.14717741935483875
2025-10-27,2912,0.04119767,-0.13008130081300817
2025-10-28,2912,0.037303735,-0.13524590163934425
2025-10-29,2912,0.035686906,-0.14373716632443534
2025-10-30,2912,0.04837301,-0.11203319502074693
2025-10-31,2912,0.05191709,-0.10482180293501053
2025-11-03,2912,0.08048664,-0.10169491525423724
2025-11-04,2912,0.09242913,-0.08528784648187637
2025-11-05,2912,0.087769195,-0.10647181628392488
2025-11-06,2912,0.07746337,-0.07006369426751591
2025-11-07,2912,0.0571441,-0.05084745762711862
2025-11-10,2912,0.045245744,-0.06765327695560253
2025-11-11,2912,0.043826688,-0.06512605042016806
2025-11-12,2912,0.043511797,-0.06889352818371608
2025-11-13,2912,0.05694122,-0.05907172995780585
2025-11-14,2912,0.04880037,-0.0573248407643312
2025-11-17,2912,0.04330685,-0.06118143459915615
2025-11-18,2912,0.060255237,-0.05708245243128962
2025-11-19,2912,0.061051816,-0.06144067796610164
2025-11-20,2912,0.061274733,-0.04487179487179482
2025-11-21,2912,0.07135154,-0.05793991416309008
2025-11-24,2912,0.097011566,-0.04761904761904767
2025-11-25,2912,0.07498291,-0.06823027718550112
2025-11-26,2912,0.08915964,-0.07203389830508478
2025-11-27,2912,0.08501981,-0.08995815899581594
2025-11-28,2912,0.07837689,-0.09603340292275575
2025-12-01,2912,0.07424103,-0.10416666666666663
2025-12-02,2912,0.06962673,-0.07415254237288138
2025-12-03,2912,0.05935974,-0.06581740976645434
2025-12-04,2912,0.05239433,-0.07172995780590719
2025-12-05,2912,0.054675624,-0.07966457023060791
2025-09-04,3008,0.033531047,-0.12317327736075045
2025-09-05,3008,0.033526033,-0.1392931393832333
2025-09-08,3008,0.03142973,-0.131249999896226
2025-09-09,3008,0.034753684,-0.12605042040978387
2025-09-10,3008,0.037894506,-0.1271186439063554
2025-09-11,3008,0.048383687,-0.11637931050618855
2025-09-12,3008,0.061621748,-0.1195652176955192
2025-09-15,3008,0.051326837,-0.12258064535976221
2025-09-16,3008,0.05390788,-0.11739130448496427
2025-09-17,3008,0.047632355,-0.10434782611013482
2025-09-18,3008,0.044789206,-0.03239740806149061
2025-09-19,3008,0.039933078,-0.04059829066173637
2025-09-22,3008,0.039621286,-0.046610169619944464
2025-09-23,3008,0.040332913,0.010593220289449867
2025-09-24,3008,0.04351143,0.07066381131673127
2025-09-25,3008,0.03979306,0.05106382980388591
2025-09-26,3008,0.048803348,0.07543103457103251
2025-09-30,3008,0.04018838,0.09999999986956043
2025-10-01,3008,0.038661387,0.07643312128164403
2025-10-02,3008,0.038124442,0.0911016950088166
2025-10-03,3008,0.040137507,0.06918239013110727
2025-10-07,3008,0.05176803,-0.01590457257349709
2025-10-08,3008,0.072119504,0.018108651659136665
2025-10-09,3008,0.0641433,0.008097165787577909
2025-10-13,3008,0.0666147,0.0474137932344354
2025-10-14,3008,0.09812789,0.08258928569494017
2025-10-15,3008,0.13259202,0.08333333329497838
2025-10-16,3008,0.13850075,0.08240534517813058
2025-10-17,3008,0.13391653,0.10859728513063449
2025-10-20,3008,0.123415336,0.09954751160091924
2025-10-21,3008,0.11025058,0.0820399112840915
2025-10-22,3008,0.101093024,0.054112553854051226
2025-10-23,3008,0.07067225,0.08370044021930001
2025-10-27,3008,0.053973723,0.08888888893934688
2025-10-28,3008,0.052653063,0.0968468464664074
2025-10-29,3008,0.04684953,0.09909909889177504
2025-10-30,3008,0.05228577,0.09728506798731962
2025-10-31,3008,0.040979348,0.08803611724403759
2025-11-03,3008,0.035766907,0.04899777250109527
2025-11-04,3008,0.037233625,0.06094808134637142
2025-11-05,3008,0.03839913,0.07500000020899944
2025-11-06,3008,0.038850583,0.04072398227074436
2025-11-07,3008,0.033995874,0.056689342130427534
2025-11-10,3008,0.03546887,0.02004454315108717
2025-11-11,3008,0.034364022,0.049661399683902374
2025-11-12,3008,0.03504285,0.02460850119118363
2025-11-13,3008,0.03529033,0.06040268465887433
2025-11-14,3008,0.035016283,0.10454545471012078
2025-11-17,3008,0.053407904,0.13380281716153108
2025-11-18,3008,0.0685633,0.2173913043049034
2025-11-19,3008,0.045866843,0.18313252990808793
2025-11-20,3008,0.037543096,0.14219114220779794
2025-11-21,3008,0.039172843,0.09761904733869642
2025-11-24,3008,0.030907983,0.10280373810356691
2025-11-25,3008,0.03314072,0.09930715944163548
2025-11-26,3008,0.034853987,0.03160270893169237
2025-11-27,3008,0.035477575,0.04308390029715903
2025-11-28,3008,0.03434675,0.08390022672374498
2025-12-01,3008,0.033926465,0.0802752289664943
2025-12-02,3008,0.033551946,0.07816091945491332
2025-12-03,3008,0.0322661,0.06712962960225455
2025-12-04,3008,0.032362346,0.11111111116367178
2025-12-05,3008,0.031484604,0.140186915682585
2025-09-04,3017,0.0788842,0.481283422459893
2025-09-05,3017,0.07973918,0.4936440677966101
2025-09-08,3017,0.11914688,0.47821576763485485
2025-09-09,3017,0.11256033,0.48803329864724243
2025-09-10,3017,0.11299358,0.4555669050051072
2025-09-11,3017,0.111718655,0.34634146341463423
2025-09-12,3017,0.14554268,0.28095238095238084
2025-09-15,3017,0.13066214,0.2822966507177034
2025-09-16,3017,0.11372742,0.3076923076923077
2025-09-17,3017,0.21172501,0.4427860696517414
2025-09-18,3017,0.16414885,0.3981042654028435
2025-09-19,3017,0.17450598,0.45192307692307687
2025-09-22,3017,0.21591611,0.4778325123152709
2025-09-23,3017,0.0842877,0.49753694581280783
2025-09-24,3017,0.23307286,0.5543259557344065
2025-09-25,3017,0.23738188,0.59375
2025-09-26,3017,0.21395427,0.6046758767268863
2025-09-30,3017,0.17132112,0.48318042813455664
2025-10-01,3017,0.16216975,0.41463414634146334
2025-10-02,3017,0.11494225,0.2954545454545454
2025-10-03,3017,0.10195801,0.18025751072961382
2025-10-07,3017,0.16069746,0.17826086956521747
2025-10-08,3017,0.10842891,0.20087336244541487
2025-10-09,3017,0.115001395,0.15811965811965822
2025-10-13,3017,0.11079611,0.15948275862068972
2025-10-14,3017,0.120855376,0.22943722943722933
2025-10-15,3017,0.21034285,0.13114754098360648
2025-10-16,3017,0.15132341,0.13807531380753146
2025-10-17,3017,0.1791017,0.11304347826086958
2025-10-20,3017,0.12024401,0.13596491228070184
2025-10-21,3017,0.061701383,0.10822510822510822
2025-10-22,3017,0.06850174,0.15319148936170213
2025-10-23,3017,0.08393796,0.17521367521367526
2025-10-27,3017,0.07778792,0.15126050420168058
2025-10-28,3017,0.20617175,0.0923076923076922
2025-10-29,3017,0.13100255,0.10150375939849621
2025-10-30,3017,0.21907419,0.06028368794326244
2025-10-31,3017,0.115548745,0.024561403508772006
2025-11-03,3017,0.18363774,-0.0033444816053511683
2025-11-04,3017,0.12435429,0.13937282229965153
2025-11-05,3017,0.059710983,0.15916955017301038
2025-11-06,3017,0.21903071,0.09030100334448155
2025-11-07,3017,0.10229479,0.0887372013651877
2025-11-10,3017,0.16312827,0.032258064516129004
2025-11-11,3017,0.12696706,0.051948051948051965
2025-11-12,3017,0.094282806,0.06644518272425248
2025-11-13,3017,0.1265438,0.01672240802675584
2025-11-14,3017,0.18040787,0.09154929577464799
2025-11-17,3017,0.083133176,0.1795774647887325
2025-11-18,3017,0.18903343,0.2883211678832116
2025-11-19,3017,0.198513,0.3171641791044777
2025-11-20,3017,0.09783113,0.34456928838951306
2025-11-21,3017,0.1588719,0.41129032258064524
2025-11-24,3017,0.054929283,0.4618473895582329
2025-11-25,3017,0.13761266,0.4030418250950569
2025-11-26,3017,0.20044947,0.20216606498194944
2025-11-27,3017,0.11122236,0.21505376344086025
2025-11-28,3017,0.17358845,0.3527272727272728
2025-12-01,3017,0.23720305,0.39925373134328357
2025-12-02,3017,0.23807149,0.41825095057034223
2025-12-03,3017,0.16310087,0.35055350553505527
2025-12-04,3017,0.24231666,0.4377358490566037
2025-12-05,3017,0.16374847,0.3357400722021662
2025-09-04,3034,-0.0025888495,-0.12100456621004563
2025-09-05,3034,-0.003218662,-0.1345496009122007
2025-09-08,3034,-0.004269708,-0.12471395881006864
2025-09-09,3034,-0.0047451667,-0.12615740740740744
2025-09-10,3034,-0.003381487,-0.12131919905771493
2025-09-11,3034,-0.0025260933,-0.10924369747899154
2025-09-12,3034,-0.00959938,-0.10191846522781778
2025-09-15,3034,-0.0107043795,-0.1055753262158956
2025-09-16,3034,-0.011144001,-0.10545023696682465
2025-09-17,3034,-0.010593154,-0.1132075471698113
2025-09-18,3034,0.017076682,-0.1402508551881414
2025-09-19,3034,0.03976119,-0.16499442586399105
2025-09-22,3034,0.0038286634,-0.13631156930125998
2025-09-23,3034,0.036625925,-0.15688487584650113
2025-09-24,3034,0.01895218,-0.14722536806342013
2025-09-25,3034,0.016536552,-0.14982973893303064
2025-09-26,3034,0.00688095,-0.1392405063291139
2025-09-30,3034,0.020835403,-0.13950762016412666
2025-10-01,3034,0.025710028,-0.12740384615384615
2025-10-02,3034,-0.001379706,-0.09569377990430628
2025-10-03,3034,-0.0058184415,-0.03942652329749108
2025-10-07,3034,-0.0026266798,-0.09411764705882353
2025-10-08,3034,-0.0027385987,-0.10588235294117643
2025-10-09,3034,-0.0009124428,-0.09669811320754718
2025-10-13,3034,0.0072464272,-0.0688405797101449
2025-10-14,3034,0.0072790235,-0.06012269938650305
2025-10-15,3034,-0.00022023544,-0.06642066420664205
2025-10-16,3034,-0.0011516623,-0.0791717417783191
2025-10-17,3034,0.0011607595,-0.04685573366214546
2025-10-20,3034,0.0035790391,-0.0531400966183575
2025-10-21,3034,0.0018795431,-0.09472422062350117
2025-10-22,3034,0.0015998073,-0.08799048751486327
2025-10-23,3034,0.001438722,-0.054151624548736454
2025-10-27,3034,0.0029494837,-0.04347826086956519
2025-10-28,3034,0.0037903637,-0.027093596059113323
2025-10-29,3034,0.0014813207,-0.02481389578163773
2025-10-30,3034,0.0025071576,-0.04234122042341215
2025-10-31,3034,0.012864377,-0.04580152671755722
2025-11-03,3034,-0.0051362924,-0.06472081218274117
2025-11-04,3034,-0.0066378005,-0.05681818181818177
2025-11-05,3034,-0.001101967,-0.06607369758576875
2025-11-06,3034,0.0006439574,-0.06476683937823835
2025-11-07,3034,0.024385829,-0.04073587385019706
2025-11-10,3034,0.005401049,-0.029986962190352018
2025-11-11,3034,0.0025760718,-0.03209242618741981
2025-11-12,3034,-0.0015968569,-0.03969270166453265
2025-11-13,3034,-0.0011541545,-0.0357142857142857
2025-11-14,3034,-0.0014995374,-0.012820512820512775
2025-11-17,3034,-0.00045559183,-0.016518424396442133
2025-11-18,3034,-0.0019337572,0.0025510204081633514
2025-11-19,3034,-0.0021813847,-0.014030612244897989
2025-11-20,3034,-0.0027466603,-0.03435114503816794
2025-11-21,3034,-0.0031280927,-0.046272493573264795
2025-11-24,3034,-0.0030644238,-0.038510911424903704
2025-11-25,3034,-0.00215948,-0.04580152671755722
2025-11-26,3034,0.00012217835,-0.04292929292929293
2025-11-27,3034,-0.00070210174,-0.02287166454891998
2025-11-28,3034,-0.0010088868,-0.0025673940949936247
2025-12-01,3034,0.00088692084,-0.007643312101910826
2025-12-02,3034,0.003963046,-0.025125628140703515
2025-12-03,3034,0.002845455,-0.029487179487179493
2025-12-04,3034,0.0054922886,-0.00910273081924573
2025-12-05,3034,0.0014047474,-0.011627906976744207
2025-09-04,3045,0.021829125,-0.014084510493233893
2025-09-05,3045,0.02051146,-0.01415093707927395
2025-09-08,3045,0.022636987,-0.023364478824613122
2025-09-09,3045,0.021941073,-0.013953491804328588
2025-09-10,3045,0.022661775,-0.01401868534377071
2025-09-11,3045,0.021365888,-0.014084510493233893
2025-09-12,3045,0.021851733,-0.02325581643734309
2025-09-15,3045,0.019574959,-0.023364478824613122
2025-09-16,3045,0.020838935,-0.018779340790455734
2025-09-17,3045,0.022339046,0.0
2025-09-18,3045,0.01896999,0.004694830297221841
2025-09-19,3045,0.024693526,0.009478672001102861
2025-09-22,3045,0.019795015,0.023584908261475412
2025-09-23,3045,0.02504687,0.05188679226703741
2025-09-24,3045,0.023804441,0.0281690111856836
2025-09-25,3045,0.027772948,0.04245283093185015
2025-09-26,3045,0.025694236,0.01401869509875664
2025-09-30,3045,0.027192213,-0.0091743109602207
2025-10-01,3045,0.02412745,-0.013824888206219299
2025-10-02,3045,0.023361657,-0.013824888206219299
2025-10-03,3045,0.030267999,-0.018348631496436618
2025-10-07,3045,0.037738014,-0.02727273391498586
2025-10-08,3045,0.03551742,-0.027149318574215986
2025-10-09,3045,0.039268386,-0.027149318574215986
2025-10-13,3045,0.03995553,-0.03167420972625423
2025-10-14,3045,0.03591888,-0.027149318574215986
2025-10-15,3045,0.03487003,-0.0091743109602207
2025-10-16,3045,0.028326966,-0.01818181628403004
2025-10-17,3045,0.024705246,-0.02690582695174404
2025-10-20,3045,0.024260394,-0.035874435935658755
2025-10-21,3045,0.027345661,-0.031531532971700305
2025-10-22,3045,0.029399324,-0.04017857196943497
2025-10-23,3045,0.03191416,-0.044444440114675965
2025-10-27,3045,0.026932385,-0.031531532971700305
2025-10-28,3045,0.029379725,-0.04484304491957336
2025-10-29,3045,0.031329192,-0.045045049789130376
2025-10-30,3045,0.032613404,-0.04090909138353793
2025-10-31,3045,0.029881619,-0.036529676709083914
2025-11-03,3045,0.03260876,-0.04977375544239815
2025-11-04,3045,0.031640183,-0.04977375544239815
2025-11-05,3045,0.030148547,-0.045662095886354837
2025-11-06,3045,0.031656094,-0.0454545501990159
2025-11-07,3045,0.029551392,-0.04954954912597054
2025-11-10,3045,0.02795459,-0.04977375544239815
2025-11-11,3045,0.025754744,-0.04090909138353793
2025-11-12,3045,0.026315738,-0.04054054104883542
2025-11-13,3045,0.033499867,-0.009216588930771485
2025-11-14,3045,0.026191466,-0.004608289655323561
2025-11-17,3045,0.026992831,0.004629624305116931
2025-11-18,3045,0.029178724,0.004672901617914116
2025-11-19,3045,0.027942806,0.018779340790455734
2025-11-20,3045,0.0278795,0.004629624305116931
2025-11-21,3045,0.025623169,0.009345803235828454
2025-11-24,3045,0.028021228,-0.004629633969778668
2025-11-25,3045,0.024398915,0.004651167171314086
2025-11-26,3045,0.028877184,-0.013761471228328714
2025-11-27,3045,0.02703571,-0.01843317786154275
2025-11-28,3045,0.024661008,-0.018518526214452935
2025-12-01,3045,0.023157056,-0.009345793480842413
2025-12-02,3045,0.023521513,0.0
2025-12-03,3045,0.026538316,0.018867932517388608
2025-12-04,3045,0.02694159,0.03791468800441078
2025-12-05,3045,0.02558966,0.04761905282613088
2025-09-04,3231,0.21334103,0.31858408029524643
2025-09-05,3231,0.19180459,0.29437229748068194
2025-09-08,3231,0.16512421,0.28820960251927574
2025-09-09,3231,0.20099011,0.2413793078795088
2025-09-10,3231,0.20422266,0.19583333084965293
2025-09-11,3231,0.20804526,0.18907562933702904
2025-09-12,3231,0.18884075,0.15833333095763868
2025-09-15,3231,0.17871577,0.15481171392039106
2025-09-16,3231,0.17958559,0.1822033817524895
2025-09-17,3231,0.1909779,0.21008402775698531
2025-09-18,3231,0.1831872,0.22083333365729163
2025-09-19,3231,0.19300592,0.19834711296086338
2025-09-22,3231,0.17295042,0.19753086988568813
2025-09-23,3231,0.22225706,0.19591836323654044
2025-09-24,3231,0.17979358,0.20164609527511046
2025-09-25,3231,0.20843369,0.17131474271424274
2025-09-26,3231,0.21075457,0.17578124920908622
2025-09-30,3231,0.12019849,0.10320284474318542
2025-10-01,3231,-0.015490841,0.061643835373272005
2025-10-02,3231,0.061607298,0.03344481510266473
2025-10-03,3231,0.10430159,0.03257328895634615
2025-10-07,3231,0.13071361,-0.032051281241918694
2025-10-08,3231,0.12363213,-0.00996677507444732
2025-10-09,3231,0.16699553,-0.03311258191760591
2025-10-13,3231,0.12500614,-0.013745708360316966
2025-10-14,3231,0.1248575,0.05797101601694332
2025-10-15,3231,0.14193875,0.03985507069461969
2025-10-16,3231,0.16775899,0.03942652907739297
2025-10-17,3231,0.1344496,0.014652011202440196
2025-10-20,3231,0.16089728,-0.042253518556172875
2025-10-21,3231,0.17913783,-0.06315789458368748
2025-10-22,3231,0.15737891,-0.05574913048048025
2025-10-23,3231,0.14644484,-0.04545454215935596
2025-10-27,3231,0.17760105,-0.06825938387836017
2025-10-28,3231,0.17029747,-0.09121621614522468
2025-10-29,3231,0.18571186,-0.1180327867960943
2025-10-30,3231,0.2134327,-0.14516128978321186
2025-10-31,3231,0.13503921,-0.13289036876671712
2025-11-03,3231,0.1378837,-0.10801393398479209
2025-11-04,3231,0.15358499,-0.07553956579671506
2025-11-05,3231,0.17465338,-0.06181818244874926
2025-11-06,3231,0.13891888,-0.10211267410269143
2025-11-07,3231,0.14431196,-0.06181818244874926
2025-11-10,3231,0.16672467,-0.05415162695365072
2025-11-11,3231,0.19147213,-0.10380623249450249
2025-11-12,3231,0.13369751,-0.05395682951563918
2025-11-13,3231,0.19123334,-0.10069444284465034
2025-11-14,3231,0.15820506,-0.06761566453354617
2025-11-17,3231,0.16189358,0.0
2025-11-18,3231,0.16753818,-0.007299268360772215
2025-11-19,3231,0.16569978,-0.014598544288454307
2025-11-20,3231,0.14735426,-0.0804195762625719
2025-11-21,3231,0.15029567,-0.10071942354829799
2025-11-24,3231,0.16328022,-0.07553956579671506
2025-11-25,3231,0.15270196,-0.06451612903225801
2025-11-26,3231,0.17000687,-0.10526315521452767
2025-11-27,3231,0.18772365,-0.11340206369197348
2025-11-28,3231,0.1855855,-0.07958477776750772
2025-12-01,3231,0.13691661,-0.06028368846469834
2025-12-02,3231,0.18069349,-0.06293706283567257
2025-12-03,3231,0.18241155,-0.06896552241854947
2025-12-04,3231,0.1727236,-0.082191782864515
2025-12-05,3231,0.20049673,-0.13576159204099236
2025-09-04,3653,0.09388745,0.24024640657084184
2025-09-05,3653,0.099498674,0.22406639004149387
2025-09-08,3653,0.10146414,0.1894093686354379
2025-09-09,3653,0.10107614,0.19348268839103877
2025-09-10,3653,0.11787698,0.1956087824351298
2025-09-11,3653,0.099872455,0.18737270875763756
2025-09-12,3653,0.019427687,0.22943722943722933
2025-09-15,3653,0.047936972,0.17353579175704992
2025-09-16,3653,0.06857109,0.120253164556962
2025-09-17,3653,0.08493157,0.12633832976445403
2025-09-18,3653,0.0918185,0.09523809523809534
2025-09-19,3653,0.037462544,0.1778741865509761
2025-09-22,3653,0.08203709,0.1982570806100219
2025-09-23,3653,0.089688376,0.16348195329087045
2025-09-24,3653,0.04926996,0.21111111111111103
2025-09-25,3653,0.065221086,0.25454545454545463
2025-09-26,3653,0.059538234,0.2505694760820045
2025-09-30,3653,-0.036410674,0.07468879668049788
2025-10-01,3653,0.019132372,0.059304703476482645
2025-10-02,3653,0.07348572,0.06882591093117418
2025-10-03,3653,0.07375142,0.044117647058823595
2025-10-07,3653,0.08719815,0.053879310344827624
2025-10-08,3653,0.09431501,0.1056034482758621
2025-10-09,3653,0.119127885,0.10217391304347823
2025-10-13,3653,0.14995253,0.07415730337078652
2025-10-14,3653,0.119343504,0.11617312072892938
2025-10-15,3653,0.0068230443,-0.004184100418409997
2025-10-16,3653,0.10823348,0.029914529914529808
2025-10-17,3653,0.08383128,0.08724832214765099
2025-10-20,3653,0.105018735,0.08609271523178808
2025-10-21,3653,0.1325378,0.0401785714285714
2025-10-22,3653,0.1413738,0.145413870246085
2025-10-23,3653,0.1461443,0.2704545454545455
2025-10-27,3653,0.15815648,0.28337236533957855
2025-10-28,3653,0.119973436,0.2909930715935334
2025-10-29,3653,0.1589979,0.3286052009456264
2025-10-30,3653,0.12655117,0.3496503496503496
2025-10-31,3653,0.14837766,0.33333333333333326
2025-11-03,3653,0.1508381,0.3776223776223777
2025-11-04,3653,0.109536946,0.5544554455445545
2025-11-05,3653,0.1173919,0.5358024691358025
2025-11-06,3653,0.040750783,0.36986301369863006
2025-11-07,3653,0.14217255,0.36238532110091737
2025-11-10,3653,0.118772596,0.41031390134529144
2025-11-11,3653,0.14843744,0.5158371040723981
2025-11-12,3653,0.14081979,0.4150110375275937
2025-11-13,3653,0.053539414,0.24444444444444446
2025-11-14,3653,0.114133075,0.13953488372093026
2025-11-17,3653,0.11783624,0.2250489236790607
2025-11-18,3653,0.16324171,0.2530120481927711
2025-11-19,3653,0.15314217,0.24285714285714288
2025-11-20,3653,0.055076484,0.14500941619585683
2025-11-21,3653,0.15501872,0.13163064833005889
2025-11-24,3653,0.1338323,0.20537428023032622
2025-11-25,3653,0.13552807,0.3159922928709056
2025-11-26,3653,0.12510043,0.206831119544592
2025-11-27,3653,0.13093671,0.28729281767955794
2025-11-28,3653,0.076044336,0.19965576592082623
2025-12-01,3653,0.15812029,0.22857142857142865
2025-12-02,3653,0.113396525,0.15892857142857153
2025-12-03,3653,0.1230599,0.21942446043165464
2025-12-04,3653,0.13156956,0.33752244165170553
2025-12-05,3653,0.015540641,0.30065359477124187
2025-09-04,3661,0.08594088,-0.18961038961038956
2025-09-05,3661,0.09998819,-0.17884130982367763
2025-09-08,3661,0.099107325,-0.1522012578616352
2025-09-09,3661,0.097146764,-0.15836526181353772
2025-09-10,3661,0.100879714,-0.18274111675126903
2025-09-11,3661,0.10462536,-0.19235668789808913
2025-09-12,3661,0.09524879,-0.20448548812664913
2025-09-15,3661,0.098553136,-0.14093959731543626
2025-09-16,3661,0.09835157,-0.13858695652173914
2025-09-17,3661,0.09729503,-0.14494680851063835
2025-09-18,3661,0.09325671,-0.13306451612903225
2025-09-19,3661,0.09084147,-0.1413333333333333
2025-09-22,3661,0.092347756,-0.1542553191489362
2025-09-23,3661,0.094286144,-0.13108108108108107
2025-09-24,3661,0.060703572,-0.0058651026392961825
2025-09-25,3661,0.06875521,0.03412462908011871
2025-09-26,3661,0.07192543,0.07175572519083961
2025-09-30,3661,0.08020137,0.04906204906204903
2025-10-01,3661,0.07572889,0.07511045655375548
2025-10-02,3661,0.07460405,0.13698630136986312
2025-10-03,3661,0.0759864,0.1117824773413898
2025-10-07,3661,0.08906843,0.040462427745664664
2025-10-08,3661,0.084021,0.036284470246734424
2025-10-09,3661,0.090722665,0.03271692745376953
2025-10-13,3661,0.092447445,0.09050445103857574
2025-10-14,3661,0.05766313,0.12520325203252036
2025-10-15,3661,0.070894614,0.07792207792207795
2025-10-16,3661,0.077246085,0.07915993537964461
2025-10-17,3661,0.07985957,0.11345218800648293
2025-10-20,3661,0.090730995,0.04945904173106652
2025-10-21,3661,0.092515334,-0.03427719821162445
2025-10-22,3661,0.0900038,0.017080745341614856
2025-10-23,3661,0.10097645,0.0888888888888888
2025-10-27,3661,0.10761809,0.14845024469820545
2025-10-28,3661,0.100657865,0.11908646003262646
2025-10-29,3661,0.10025425,0.036923076923076836
2025-10-30,3661,0.09755568,-0.025335320417287588
2025-10-31,3661,0.091747925,-0.10586552217453504
2025-11-03,3661,0.09296733,-0.08985507246376812
2025-11-04,3661,0.10015401,-0.036284470246734424
2025-11-05,3661,0.106913164,0.013473053892215647
2025-11-06,3661,0.08383496,-0.11580381471389645
2025-11-07,3661,0.0925118,-0.12622720897615713
2025-11-10,3661,0.1028599,-0.11574697173620463
2025-11-11,3661,0.11285451,-0.09215955983493807
2025-11-12,3661,0.11935143,-0.03977272727272729
2025-11-13,3661,0.12016916,-0.05531914893617018
2025-11-14,3661,0.118261844,-0.022792022792022748
2025-11-17,3661,0.11781883,-0.03601108033240996
2025-11-18,3661,0.06136438,0.0738461538461539
2025-11-19,3661,0.08988866,0.03614457831325302
2025-11-20,3661,0.058260623,0.0910569105691057
2025-11-21,3661,0.068716794,0.04347826086956519
2025-11-24,3661,0.06800559,0.101010101010101
2025-11-25,3661,0.068827316,0.12203389830508482
2025-11-26,3661,0.07967363,-0.036977491961414755
2025-11-27,3661,0.08531499,-0.06849315068493156
2025-11-28,3661,0.090586066,0.018154311649016597
2025-12-01,3661,0.09132689,0.0075987841945288626
2025-12-02,3661,0.09774566,-0.06725146198830412
2025-12-03,3661,0.060614567,-0.020376175548589393
2025-12-04,3661,0.077396005,0.006309148264984188
2025-12-05,3661,0.090624526,0.045958795562599075
2025-09-04,3665,0.08558874,0.42924528214363633
2025-09-05,3665,0.08611408,0.367441859958894
2025-09-08,3665,0.11735995,0.4055299534286845
2025-09-09,3665,0.122834444,0.4082568809334459
2025-09-10,3665,0.13209149,0.35242290758685657
2025-09-11,3665,0.11961977,0.3111111115693508
2025-09-12,3665,0.10821664,0.30909090939099615
2025-09-15,3665,0.11937514,0.31050228236055655
2025-09-16,3665,0.1215321,0.29147982128495387
2025-09-17,3665,0.100858554,0.30909090939099615
2025-09-18,3665,0.134083,0.3111111115693508
2025-09-19,3665,0.10143018,0.3094170403465748
2025-09-22,3665,0.10932773,0.3839285708657221
2025-09-23,3665,0.09381224,0.4239631333835181
2025-09-24,3665,0.11830127,0.374429222873645
2025-09-25,3665,0.015296672,0.5080160309501884
2025-09-26,3665,0.053747606,0.5447154476294838
2025-09-30,3665,0.08472881,0.48058252402465573
2025-10-01,3665,0.09576525,0.5144230771049205
2025-10-02,3665,0.08933793,0.536585365565651
2025-10-03,3665,0.11084302,0.349056603333725
2025-10-07,3665,0.09530477,0.3689320386352988
2025-10-08,3665,0.107652634,0.35071090022019713
2025-10-09,3665,0.114151165,0.26244343964921035
2025-10-13,3665,0.10914922,0.2968036525137858
2025-10-14,3665,0.10416567,0.3288888895782409
2025-10-15,3665,0.071380556,0.24050632930785953
2025-10-16,3665,0.08637957,0.14754098295600593
2025-10-17,3665,0.053751722,0.015444015642489983
2025-10-20,3665,0.088366136,0.03875968962548737
2025-10-21,3665,0.09565164,0.007751938081473675
2025-10-22,3665,0.08413409,0.07575757597754684
2025-10-23,3665,0.083235234,0.045112781778125166
2025-10-27,3665,0.08886002,0.04379562024986994
2025-10-28,3665,0.08467606,-0.017301037936690022
2025-10-29,3665,0.076130286,-0.01369862962595425
2025-10-30,3665,0.0385156,-0.024999999963977615
2025-10-31,3665,0.07896933,-0.06810035820006977
2025-11-03,3665,0.10402264,-0.08934707879720072
2025-11-04,3665,0.03318556,0.021739129974005067
2025-11-05,3665,0.08777389,-0.025454545414533847
2025-11-06,3665,0.08580658,-0.08029197107161434
2025-11-07,3665,0.11024484,-0.09187279195266185
2025-11-10,3665,0.04444354,-0.1824104231616822
2025-11-11,3665,0.08499347,-0.10967741883005933
2025-11-12,3665,0.054812696,-0.09000000014120768
2025-11-13,3665,0.06796467,-0.19626168194345972
2025-11-14,3665,0.019420996,-0.14802631599683924
2025-11-17,3665,0.014142672,-0.17230769263809187
2025-11-18,3665,0.06486902,-0.10191082805002949
2025-11-19,3665,0.09278563,-0.047468354717242645
2025-11-20,3665,0.025652088,-0.020833333295810053
2025-11-21,3665,0.035093807,0.0031152651518546737
2025-11-24,3665,0.042394217,0.10576923116711079
2025-11-25,3665,-0.0020658784,0.1456310681830013
2025-11-26,3665,-0.035988513,0.06333333313384948
2025-11-27,3665,-0.013956506,0.01623376677388899
2025-11-28,3665,0.04940224,0.027950310595972194
2025-12-01,3665,0.112724215,0.021874999960600494
2025-12-02,3665,0.009091139,0.035830619023069055
2025-12-03,3665,0.05302074,0.07868852494363021
2025-12-04,3665,0.08211288,0.13725490170226173
2025-12-05,3665,0.11152083,0.1081967217148172
2025-09-04,3711,0.014595035,0.5422077976117372
2025-09-05,3711,0.017011844,0.5384615309975327
2025-09-08,3711,0.009713955,0.42565597152988865
2025-09-09,3711,0.031922337,0.4640718511312154
2025-09-10,3711,0.017997801,0.44082839976992005
2025-09-11,3711,0.018282361,0.4054054078625118
2025-09-12,3711,0.02328996,0.37125748090497224
2025-09-15,3711,0.024199028,0.3723723753026993
2025-09-16,3711,0.028086673,0.3097345197021064
2025-09-17,3711,0.02850084,0.3579881660161328
2025-09-18,3711,0.025076035,0.36470588493688183
2025-09-19,3711,0.018840648,0.37941176275046806
2025-09-22,3711,0.020506114,0.35942028605677945
2025-09-23,3711,0.01355882,0.37822349571857616
2025-09-24,3711,0.01443509,0.4593023298793548
2025-09-25,3711,0.015972462,0.4476744182635435
2025-09-26,3711,0.020985108,0.5135951662368274
2025-09-30,3711,0.022747915,0.5731707332831504
2025-10-01,3711,0.020018157,0.616564417291859
2025-10-02,3711,0.0185019,0.6504559247022694
2025-10-03,3711,0.01796801,0.6616314194606205
2025-10-07,3711,0.017110944,0.5763688722254863
2025-10-08,3711,0.008775346,0.5587392559588282
2025-10-09,3711,0.013075117,0.5810055863717134
2025-10-13,3711,0.023667458,0.6734104068327793
2025-10-14,3711,0.014470957,0.7374631333592392
2025-10-15,3711,0.017893694,0.6769662900805105
2025-10-16,3711,0.017965171,0.5848563969218761
2025-10-17,3711,0.009448554,0.5255102038977528
2025-10-20,3711,0.013510395,0.47999999959634665
2025-10-21,3711,0.0481586,0.4923076905561392
2025-10-22,3711,0.03640033,0.5440414566289795
2025-10-23,3711,0.039729293,0.568877548721908
2025-10-27,3711,0.03983621,0.5407407401132047
2025-10-28,3711,0.034016896,0.5098522131857379
2025-10-29,3711,0.028656952,0.4208144811049832
2025-10-30,3711,0.035564665,0.3777777774787754
2025-10-31,3711,0.02047823,0.19999999673815427
2025-11-03,3711,-0.020031158,0.18699187048566568
2025-11-04,3711,0.007235743,0.2635983280911589
2025-11-05,3711,0.018603656,0.28723404392367624
2025-11-06,3711,0.03231873,0.2136752122008423
2025-11-07,3711,0.03826351,0.3326039380737176
2025-11-10,3711,0.033718765,0.43107220979506033
2025-11-11,3711,0.031096227,0.5087719288927666
2025-11-12,3711,0.025049303,0.5616740088986996
2025-11-13,3711,0.033693682,0.5075593955308275
2025-11-14,3711,0.029058758,0.7146067425106959
2025-11-17,3711,0.02531429,0.7681818197038583
2025-11-18,3711,0.02705643,0.8023255816136579
2025-11-19,3711,0.026799187,0.7684964186452081
2025-11-20,3711,0.044175383,0.6157303394839593
2025-11-21,3711,0.01807617,0.5669856460600775
2025-11-24,3711,0.004900016,0.6793349154981518
2025-11-25,3711,0.0126667805,0.6132075495947495
2025-11-26,3711,0.033506505,0.4712643651496009
2025-11-27,3711,0.061623093,0.45553145265949335
2025-11-28,3711,0.041632626,0.5054466214076494
2025-12-01,3711,0.027406376,0.4922048994769468
2025-12-02,3711,0.03626961,0.4945295399692209
2025-12-03,3711,0.038833298,0.4737991272052293
2025-12-04,3711,0.03975628,0.4999999999999998
2025-12-05,3711,0.04037783,0.5476190491792416
2025-09-04,4904,0.017832372,0.008264465342948668
2025-09-05,4904,0.02372057,0.016587682827259753
2025-09-08,4904,0.01830376,0.018934917059829193
2025-09-09,4904,0.019092668,0.03567181748629267
2025-09-10,4904,0.018598735,0.0308788693779547
2025-09-11,4904,0.019274805,0.04166666666666674
2025-09-12,4904,0.016953323,0.040047114266467565
2025-09-15,4904,0.017984003,0.022144516742037545
2025-09-16,4904,0.0130295195,0.020979015223893782
2025-09-17,4904,0.024321664,0.02923976281475249
2025-09-18,4904,0.033476282,0.02810304087999671
2025-09-19,4904,0.05947991,0.0427553452675713
2025-09-22,4904,0.05016925,0.019883046972740015
2025-09-23,4904,0.061812453,0.03143189496588694
2025-09-24,4904,0.05713253,0.03352600961772789
2025-09-25,4904,0.060360022,0.03360370607126861
2025-09-26,4904,0.06888598,0.013777259692888233
2025-09-30,4904,0.06708269,0.005656110324745667
2025-10-01,4904,0.065948725,0.004504505874050713
2025-10-02,4904,0.069539614,0.002247191692934969
2025-10-03,4904,0.07071145,0.0033707875394024533
2025-10-07,4904,0.07004347,-0.016556296324483077
2025-10-08,4904,0.070685774,-0.017543853656445507
2025-10-09,4904,0.07449576,-0.021978017338339262
2025-10-13,4904,0.07743274,-0.026315786177711686
2025-10-14,4904,0.07637806,-0.02510916665477292
2025-10-15,4904,0.075136796,-0.008714599611460039
2025-10-16,4904,0.07446943,-0.01619870900825815
2025-10-17,4904,0.06908664,-0.019459454131629084
2025-10-20,4904,0.067521155,-0.026939652121753088
2025-10-21,4904,0.06546205,-0.036480686527913586
2025-10-22,4904,0.06076767,-0.05201698959654244
2025-10-23,4904,0.056261644,-0.05496828246732366
2025-10-27,4904,0.069227725,-0.018398262742672755
2025-10-28,4904,0.058291364,-0.033513512445520255
2025-10-29,4904,0.05526912,-0.03567567526304205
2025-10-30,4904,0.048910975,-0.03365906520403361
2025-10-31,4904,0.04767049,-0.04000000089808531
2025-11-03,4904,0.05016182,-0.041445272301743774
2025-11-04,4904,0.051070433,-0.03510638240287289
2025-11-05,4904,0.05134231,-0.04255319313464878
2025-11-06,4904,0.051378533,-0.02566845689485453
2025-11-07,4904,0.05902697,-0.03455497346903047
2025-11-10,4904,0.05561621,-0.015957451568090808
2025-11-11,4904,0.051443215,-0.017094022214387605
2025-11-12,4904,0.054767173,-0.02545069685645307
2025-11-13,4904,0.07465789,0.03493449717304453
2025-11-14,4904,0.055114936,0.044808745550777074
2025-11-17,4904,0.053980045,0.03060110227285162
2025-11-18,4904,0.06070443,0.0
2025-11-19,4904,0.053544607,0.01849837343460936
2025-11-20,4904,0.05119958,0.011866238756147007
2025-11-21,4904,0.04899747,0.008752737914675235
2025-11-24,4904,0.050846618,-0.012944987733978564
2025-11-25,4904,0.035585973,0.04494382219115867
2025-11-26,4904,0.028903846,0.028089884494146178
2025-11-27,4904,0.02417466,0.022497194683853472
2025-11-28,4904,0.022679836,0.03972758268083454
2025-12-01,4904,0.023518372,0.0429864267213349
2025-12-02,4904,0.022905983,0.04318181963001555
2025-12-03,4904,0.02627654,0.07594936587853218
2025-12-04,4904,0.02568189,0.07505773523900072
2025-12-05,4904,0.025489252,0.08796296535556425
2025-09-04,5880,0.026481114,0.0
2025-09-05,5880,0.027161494,-0.004132231404958553
2025-09-08,5880,0.025714152,0.006237006237006071
2025-09-09,5880,0.025354695,0.004123711340206171
2025-09-10,5880,0.022993334,0.004106776180698102
2025-09-11,5880,0.017616764,0.010266940451745477
2025-09-12,5880,0.017384473,0.006134969325153561
2025-09-15,5880,0.014197387,0.01851851851851838
2025-09-16,5880,0.017775338,0.016460905349794164
2025-09-17,5880,0.019603394,0.024844720496894457
2025-09-18,5880,0.018824276,0.02263374485596703
2025-09-19,5880,0.016125299,0.02268041237113394
2025-09-22,5880,0.016790356,0.010288065843621297
2025-09-23,5880,0.019243035,0.008230452674897082
2025-09-24,5880,0.0192918,0.008213552361396204
2025-09-25,5880,0.01928376,0.006185567010309256
2025-09-26,5880,0.018263005,0.004132231404958775
2025-09-30,5880,0.020926833,-0.016227180527383256
2025-10-01,5880,0.01661269,-0.018181818181818188
2025-10-02,5880,0.017382082,-0.006134969325153339
2025-10-03,5880,0.018646054,-0.012320328542094527
2025-10-07,5880,0.022060126,-0.004149377593361092
2025-10-08,5880,0.017187718,0.0020790020790020236
2025-10-09,5880,0.01919099,-0.004158004158004269
2025-10-13,5880,0.024907425,0.0062893081761006275
2025-10-14,5880,0.016755532,0.0
2025-10-15,5880,0.015740052,0.0041753653444676075
2025-10-16,5880,0.018898055,-0.006224066390041583
2025-10-17,5880,0.020296015,-0.006211180124223503
2025-10-20,5880,0.02095903,-0.006249999999999978
2025-10-21,5880,0.020997725,-0.01455301455301461
2025-10-22,5880,0.021490686,-0.01863354037267073
2025-10-23,5880,0.021434829,-0.018595041322314043
2025-10-27,5880,0.020959727,-0.008333333333333304
2025-10-28,5880,0.019128129,-0.01043841336116913
2025-10-29,5880,0.019221067,-0.0062893081761007386
2025-10-30,5880,0.018445063,-0.006249999999999978
2025-10-31,5880,0.018486287,-0.008421052631578885
2025-11-03,5880,0.01686772,-0.023012552301255096
2025-11-04,5880,0.016165785,-0.014675052410901501
2025-11-05,5880,0.016971562,-0.012578616352201255
2025-11-06,5880,0.0154810585,-0.0021008403361344463
2025-11-07,5880,0.014122684,-0.008385744234800985
2025-11-10,5880,0.014961254,-0.008350730688935215
2025-11-11,5880,0.016485948,-0.004166666666666763
2025-11-12,5880,0.01656599,-0.004166666666666763
2025-11-13,5880,0.016586848,0.008316008316008316
2025-11-14,5880,0.017305512,-0.0020746887966804906
2025-11-17,5880,0.0155264065,-0.006224066390041583
2025-11-18,5880,0.018658146,0.004184100418409997
2025-11-19,5880,0.0203485,0.006302521008403339
2025-11-20,5880,0.01944879,-0.0020790020790021346
2025-11-21,5880,0.017249,-0.022916666666666696
2025-11-24,5880,0.020788878,-0.03703703703703709
2025-11-25,5880,0.012388665,-0.018867924528301994
2025-11-26,5880,0.014768012,-0.039665970772442605
2025-11-27,5880,0.015734632,-0.03144654088050314
2025-11-28,5880,0.01620663,-0.023060796645702375
2025-12-01,5880,0.017058138,-0.02941176470588236
2025-12-02,5880,0.017314527,-0.03563941299790363
2025-12-03,5880,0.018074933,-0.031512605042016806
2025-12-04,5880,0.020279631,-0.029288702928870314
2025-12-05,5880,0.02160421,-0.03131524008350728
2025-09-04,6505,0.14986008,0.30050506198347104
2025-09-05,6505,0.14522325,0.2978453793453628
2025-09-08,6505,0.13433596,0.25883837809917365
2025-09-09,6505,0.13115938,0.20570013691872369
2025-09-10,6505,0.13519356,0.22152692696283394
2025-09-11,6505,0.14962615,0.2921492691106593
2025-09-12,6505,0.14046393,0.26444161821031176
2025-09-15,6505,0.14093295,0.24355669960428372
2025-09-16,6505,0.15354559,0.24285716638556276
2025-09-17,6505,0.13856721,0.25096523998802023
2025-09-18,6505,0.14396495,0.2499999868205247
2025-09-19,6505,0.14280187,0.26735215859602524
2025-09-22,6505,0.15227926,0.24107142787258984
2025-09-23,6505,0.14980108,0.2407643298160722
2025-09-24,6505,0.15200868,0.25641026447911064
2025-09-25,6505,0.15465245,0.22042340246562087
2025-09-26,6505,0.15547192,0.19053549082681132
2025-09-30,6505,0.15512992,0.14778323361070744
2025-10-01,6505,0.15818594,0.1572481359476421
2025-10-02,6505,0.1674658,0.1783919520512569
2025-10-03,6505,0.17814422,0.24218748897205722
2025-10-07,6505,0.1621083,0.17241378094260096
2025-10-08,6505,0.16140734,0.13333331872294374
2025-10-09,6505,0.17664966,0.15320666058309929
2025-10-13,6505,0.18943897,0.1593137379621803
2025-10-14,6505,0.18123594,0.1740196287936131
2025-10-15,6505,0.18193042,0.21506681801538896
2025-10-16,6505,0.18781589,0.12587412487385463
2025-10-17,6505,0.21292397,0.10285714232282017
2025-10-20,6505,0.21848059,0.057012531802502986
2025-10-21,6505,0.2095986,0.05287356624509054
2025-10-22,6505,0.20749971,0.060742407509675855
2025-10-23,6505,0.2138894,0.02150535907987261
2025-10-27,6505,0.25595516,0.13973799692208222
2025-10-28,6505,0.23475984,0.13282106260442528
2025-10-29,6505,0.21131465,0.1646408981882561
2025-10-30,6505,0.21004131,0.15038419743346876
2025-10-31,6505,0.20397252,0.1946308557456462
2025-11-03,6505,0.1854269,0.1104783791724826
2025-11-04,6505,0.18938857,0.09550562843591837
2025-11-05,6505,0.20689225,0.1054383914200423
2025-11-06,6505,0.2255015,0.03761755459092653
2025-11-07,6505,0.2709185,-0.028000002209090824
2025-11-10,6505,0.29807758,-0.03660886733704116
2025-11-11,6505,0.31283218,-0.06666666277056288
2025-11-12,6505,0.33490816,-0.10036167002375818
2025-11-13,6505,0.31846362,-0.060000005950413215
2025-11-14,6505,0.3515306,-0.015037589648677407
2025-11-17,6505,0.34644488,0.02003643815201195
2025-11-18,6505,0.3904095,0.007393713210411157
2025-11-19,6505,0.37777784,0.056074760102112986
2025-11-20,6505,0.35451728,0.04626334124527531
2025-11-21,6505,0.33262908,0.13773585393540255
2025-11-24,6505,0.34729674,0.01621621611660795
2025-11-25,6505,0.37247843,0.19001919468687478
2025-11-26,6505,0.32940513,0.35856574029849453
2025-11-27,6505,0.32840976,0.1807692498318989
2025-11-28,6505,0.3292805,0.10325047756279138
2025-12-01,6505,0.3110126,0.12404578960751378
2025-12-02,6505,0.31190625,0.07421150098756746
2025-12-03,6505,0.31158897,0.0881801011582799
2025-12-04,6505,0.2811369,0.06179775958757516
2025-12-05,6505,0.27800876,0.1067961001165394
2025-09-04,6669,0.054726657,0.5775127769251132
2025-09-05,6669,0.055941854,0.4942148757007767
2025-09-08,6669,0.06257339,0.4479999997392201
2025-09-09,6669,0.065268055,0.5016611292239872
2025-09-10,6669,0.06541341,0.33081570986929787
2025-09-11,6669,0.07764071,0.296072507495581
2025-09-12,6669,0.0748401,0.2839506172408224
2025-09-15,6669,0.06835875,0.2965838508721328
2025-09-16,6669,0.07062653,0.30468749992966093
2025-09-17,6669,0.06323333,0.35601265808976845
2025-09-18,6669,0.06463588,0.3281249998995157
2025-09-19,6669,0.06078499,0.31733746121450435
2025-09-22,6669,0.06822589,0.35679999985933697
2025-09-23,6669,0.056386005,0.3694267514358147
2025-09-24,6669,0.058007758,0.41233766212072864
2025-09-25,6669,0.05261716,0.4200323099515908
2025-09-26,6669,0.05120858,0.47049180298114424
2025-09-30,6669,0.069970906,0.35143288071870815
2025-10-01,6669,0.07356289,0.37575757560072764
2025-10-02,6669,0.071820244,0.3921568625685987
2025-10-03,6669,0.078473136,0.34776334764722105
2025-10-07,6669,0.07588801,0.32478632469863
2025-10-08,6669,0.075578436,0.2343522562050666
2025-10-09,6669,0.086421564,0.21513353119985323
2025-10-13,6669,0.085644275,0.13702623920261892
2025-10-14,6669,0.09690422,0.1282051283479455
2025-10-15,6669,0.082448766,0.039525691927873474
2025-10-16,6669,0.08362016,-0.009067357767438278
2025-10-17,6669,0.08203533,-0.01717305150048043
2025-10-20,6669,0.08247417,-0.05412371153363549
2025-10-21,6669,0.08596304,-0.11316113172122244
2025-10-22,6669,0.08368251,-0.07380073816710231
2025-10-23,6669,0.07673156,-0.09987819744582394
2025-10-27,6669,0.08560556,-0.05302096196206618
2025-10-28,6669,0.07996875,-0.09424724615522084
2025-10-29,6669,0.077863425,-0.0985401461124068
2025-10-30,6669,0.08420952,-0.13488372100814205
2025-10-31,6669,0.07617836,-0.18098510884257224
2025-11-03,6669,0.07269189,-0.16454229436440848
2025-11-04,6669,0.07032588,-0.13372093031185883
2025-11-05,6669,0.08405773,-0.1164465787346618
2025-11-06,6669,0.08155167,-0.16435185189430623
2025-11-07,6669,0.081333786,-0.10552147251192001
2025-11-10,6669,0.10077834,-0.15483119912279042
2025-11-11,6669,0.08779943,-0.2192796611661315
2025-11-12,6669,0.08369081,-0.17982456142627168
2025-11-13,6669,0.09318699,-0.14349775791271158
2025-11-14,6669,0.09902707,-0.10397196273225362
2025-11-17,6669,0.0964891,-0.06666666658781917
2025-11-18,6669,0.086806744,-0.03147699753948108
2025-11-19,6669,0.08754064,0.0
2025-11-20,6669,0.09926325,-0.031542056036850896
2025-11-21,6669,0.07864398,-0.04517704512028642
2025-11-24,6669,0.09097563,0.047146401924923254
2025-11-25,6669,0.089109555,0.010791366893160736
2025-11-26,6669,0.10184379,-0.11685393244917064
2025-11-27,6669,0.09110384,-0.11011235942325692
2025-11-28,6669,0.09589948,-0.08315098458910386
2025-12-01,6669,0.07941437,-0.07787810374702764
2025-12-02,6669,0.09264229,-0.0915178570377585
2025-12-03,6669,0.08803259,-0.12934782594228922
2025-12-04,6669,0.07894626,-0.12761276113167364
2025-12-05,6669,0.08729714,-0.1835645677875255
2025-09-04,6919,0.3476368,-0.3135245901639344
2025-09-05,6919,0.36375564,-0.3294117647058824
2025-09-08,6919,0.3375321,-0.3514563106796117
2025-09-09,6919,0.4749954,-0.35686274509803917
2025-09-10,6919,0.40170556,-0.27450980392156865
2025-09-11,6919,0.34323657,-0.22705314009661837
2025-09-12,6919,0.14448403,-0.23913043478260865
2025-09-15,6919,0.44149435,-0.2596153846153846
2025-09-16,6919,0.5289486,-0.23737373737373735
2025-09-17,6919,0.39988092,-0.19191919191919193
2025-09-18,6919,0.3783991,-0.17091836734693877
2025-09-19,6919,0.03494418,-0.11538461538461542
2025-09-22,6919,0.45821273,-0.1923076923076923
2025-09-23,6919,0.44883978,-0.17811704834605602
2025-09-24,6919,0.32293856,-0.1892583120204604
2025-09-25,6919,0.33131704,-0.18085106382978722
2025-09-26,6919,0.34139538,-0.15989159891598914
2025-09-30,6919,0.31334078,-0.1725067385444744
2025-10-01,6919,0.3009555,-0.19210526315789478
2025-10-02,6919,0.29836184,-0.18598382749326148
2025-10-03,6919,0.35769922,-0.20728291316526615
2025-10-07,6919,0.47514683,-0.1597633136094675
2025-10-08,6919,0.37348247,-0.0950920245398773
2025-10-09,6919,0.47301966,-0.03594771241830064
2025-10-13,6919,0.45965785,-0.11280487804878048
2025-10-14,6919,0.450121,-0.05362776025236593
2025-10-15,6919,0.258455,0.03125
2025-10-16,6919,0.26075357,0.03658536585365857
2025-10-17,6919,0.24677321,0.012345679012345734
2025-10-20,6919,0.2432624,0.02515723270440251
2025-10-21,6919,0.22065264,0.0
2025-10-22,6919,0.21035594,-0.03039513677811545
2025-10-23,6919,0.1868169,0.033742331288343586
2025-10-27,6919,0.19197136,-0.036363636363636376
2025-10-28,6919,0.20165235,0.024691358024691468
2025-10-29,6919,0.16353402,0.08940397350993368
2025-10-30,6919,0.17885166,0.12671232876712324
2025-10-31,6919,0.20667031,0.09966777408637872
2025-11-03,6919,0.20294318,0.11564625850340127
2025-11-04,6919,0.18849504,0.1317567567567568
2025-11-05,6919,0.20461756,0.15753424657534243
2025-11-06,6919,0.18286058,0.14383561643835607
2025-11-07,6919,0.15414415,0.24817518248175174
2025-11-10,6919,0.24350943,0.2586872586872586
2025-11-11,6919,0.2092631,0.19123505976095623
2025-11-12,6919,0.15818766,0.29032258064516125
2025-11-13,6919,0.15719622,0.2913385826771653
2025-11-14,6919,0.12581624,0.31854838709677424
2025-11-17,6919,0.15501764,0.28685258964143423
2025-11-18,6919,0.13481161,0.34285714285714275
2025-11-19,6919,0.16653569,0.17472118959107807
2025-11-20,6919,0.183424,0.17716535433070857
2025-11-21,6919,0.17261189,0.1200000000000001
2025-11-24,6919,0.1926733,0.036363636363636376
2025-11-25,6919,0.20352162,-0.07615894039735094
2025-11-26,6919,0.18003196,-0.16293929712460065
2025-11-27,6919,0.25277188,-0.1352201257861635
2025-11-28,6919,0.24308687,-0.14012738853503182
2025-12-01,6919,0.2067647,-0.19426751592356684
2025-12-02,6919,0.25078768,-0.2365930599369085
2025-12-03,6919,0.24634859,-0.26126126126126126
2025-12-04,6919,0.26890823,-0.33606557377049184
2025-12-05,6919,0.19419959,-0.30746268656716413
