date,stock_id,predicted,actual
2024-11-28,1101,0.053096324,0.040419175222588866
2024-11-29,1101,0.05279174,0.038805962578078335
2024-12-02,1101,0.051296424,0.03603605203976956
2024-12-03,1101,0.050511748,-0.011834324610400682
2024-12-04,1101,0.046031114,0.0014792786435542382
2024-12-05,1101,0.04319035,0.0029761998124595568
2024-12-06,1101,0.04233868,-0.0029673683313881094
2024-12-09,1101,0.04022859,0.0029806352477870224
2024-12-10,1101,0.045276728,0.016591255164083885
2024-12-11,1101,0.042895816,0.006006024822516887
2024-12-12,1101,0.037863456,-0.0015060449779690233
2024-12-13,1101,0.04355096,0.0
2024-12-16,1101,0.030742545,0.018490009360662363
2024-12-17,1101,0.026243452,0.027820697716062437
2024-12-18,1101,0.022500072,0.010769214629794188
2024-12-19,1101,0.013054069,-0.004658383018521395
2024-12-20,1101,0.014422245,0.017268449126639496
2024-12-23,1101,0.015001424,0.004651160619068451
2024-12-24,1101,0.01486288,-0.07596901236148523
2024-12-25,1101,0.015414096,-0.08062017298055368
2024-12-26,1101,0.015379034,-0.11214954711466951
2024-12-27,1101,0.01565297,-0.03605015177226101
2024-12-30,1101,0.015564907,-0.053627758004726744
2024-12-31,1101,0.016734488,-0.05678234198401921
2025-01-02,1101,0.013376053,-0.053797466631087754
2025-01-03,1101,0.009622533,-0.06349209004856105
2025-01-06,1101,0.014625084,-0.07849294443584087
2025-01-07,1101,0.013108697,-0.08095241054390678
2025-01-08,1101,0.011676788,-0.0874403644860372
2025-01-09,1101,0.018140055,-0.07142858390002493
2025-01-10,1101,0.030670673,-0.03305784741971274
2025-01-13,1101,0.035917513,-0.04098357649664841
2025-01-14,1101,0.025876481,-0.04084967796945982
2025-01-15,1101,0.024502818,-0.04707794617050276
2025-01-16,1101,0.026162386,-0.04684978175784438
2025-01-17,1101,0.037466057,-0.06466878496792572
2025-01-20,1101,0.032763526,-0.05965461480841472
2025-01-21,1101,0.02871589,-0.03773586501035586
2025-01-22,1101,0.03102962,-0.04081631894984783
2025-02-03,1101,0.032546554,-0.028346443889681328
2025-02-04,1101,0.027892683,-0.022400000936148357
2025-02-05,1101,0.027611095,-0.011254037029015063
2025-02-06,1101,0.029422775,-0.009523839115335386
2025-02-07,1101,0.023726307,-0.0032051037871940746
2025-02-10,1101,0.02112224,-0.025682194180734252
2025-02-11,1101,0.024432428,-0.04444444596195851
2025-02-12,1101,0.031886257,-0.056426306922183866
2025-02-13,1101,0.0452599,-0.10911809116634597
2025-02-14,1101,0.05891411,-0.08774585199429985
2025-02-17,1101,0.06778027,-0.09552239658925343
2025-02-18,1101,0.073012225,-0.10313899917844316
2025-02-19,1101,0.07981884,-0.09984873149793694
2025-02-20,1101,0.087131016,-0.12076582879339548
2025-02-21,1101,0.092497446,-0.14181288246270563
2025-02-24,1101,0.089880906,-0.1441176555254302
2025-02-25,1101,0.09610221,-0.16022890652696253
2025-02-26,1101,0.09995545,-0.21418438050069122
2025-02-27,1101,0.10223863,-0.23504271893598327
2025-03-03,1101,0.107192144,-0.2285714074996601
2025-03-04,1101,0.10719471,-0.2052023283100728
2025-03-05,1101,0.10421847,-0.21621622117813943
2025-03-06,1101,0.10095325,-0.2183908063739235
2025-03-07,1101,0.0977896,-0.2130434721614093
2024-11-28,1216,-0.008981653,-0.03492433155918029
2024-11-29,1216,-0.010398686,-0.022485204833555872
2024-12-02,1216,-0.0074403286,-0.02920559841347581
2024-12-03,1216,-0.009140484,-0.044134734606042225
2024-12-04,1216,-0.010580495,-0.047398836344819895
2024-12-05,1216,-0.01195484,-0.047897188671285895
2024-12-06,1216,-0.0062427744,-0.04976852435658452
2024-12-09,1216,-0.0006527379,-0.044917253391823175
2024-12-10,1216,-0.001134228,-0.043529412597691164
2024-12-11,1216,-0.00270354,-0.03864169565824693
2024-12-12,1216,0.0012972355,-0.027283512451983127
2024-12-13,1216,0.0019587502,-0.021352316233536395
2024-12-16,1216,0.002603449,-0.03967328324541408
2024-12-17,1216,0.002787169,-0.007177038659530566
2024-12-18,1216,0.0007638857,-0.021403094667889144
2024-12-19,1216,0.0053245723,-0.02660217063989967
2024-12-20,1216,0.0053142495,0.013580237440221854
2024-12-23,1216,0.0010077506,-0.014440431094321693
2024-12-24,1216,-0.006388936,-0.10671462443356017
2024-12-25,1216,-0.0058057792,-0.06563246203134199
2024-12-26,1216,-0.0026229247,-0.08980582674039772
2024-12-27,1216,-0.0026619434,-0.053140097647547124
2024-12-30,1216,-0.00084983185,-0.04761905003230693
2024-12-31,1216,0.0047363974,-0.05438813443355617
2025-01-02,1216,0.013198558,-0.05381727791219637
2025-01-03,1216,0.01254718,-0.03517587854540705
2025-01-06,1216,0.016360544,-0.06551298157067209
2025-01-07,1216,0.021452926,-0.05786163797830335
2025-01-08,1216,0.026325047,-0.05082591818749316
2025-01-09,1216,0.0076496527,-0.04071245814946334
2025-01-10,1216,0.003750898,-0.01273884946190329
2025-01-13,1216,0.014972135,-0.019230776393972526
2025-01-14,1216,0.014699563,-0.035443037309635494
2025-01-15,1216,0.009295203,-0.011582999981651021
2025-01-16,1216,0.014434293,-0.02664974574170431
2025-01-17,1216,0.0035787746,-0.021656046728907086
2025-01-20,1216,0.0029766448,0.0038560372396339027
2025-01-21,1216,0.0010154583,0.030612253946527224
2025-01-22,1216,0.0010658652,0.029336736196345026
2025-02-03,1216,0.00946065,0.01893938793452632
2025-02-04,1216,0.005172454,0.029336736196345026
2025-02-05,1216,0.0048549324,0.025252530347564583
2025-02-06,1216,0.0057292283,0.006265662139881334
2025-02-07,1216,0.0031036213,-0.01130653425183703
2025-02-10,1216,0.0042441934,-0.011335014207450533
2025-02-11,1216,0.004068285,0.005056880509902495
2025-02-12,1216,0.003735207,-0.00499999066122947
2025-02-13,1216,0.0071074367,0.025957972377864014
2025-02-14,1216,0.002651792,0.007416569033483977
2025-02-17,1216,0.0060773566,-0.00369003317975658
2025-02-18,1216,0.00078088045,-0.007407412721344597
2025-02-19,1216,0.0021178164,-0.01963190323083397
2025-02-20,1216,0.002371613,-0.02804878173778902
2025-02-21,1216,0.005458817,-0.024154581864949898
2025-02-24,1216,0.008955702,-0.014545452487323307
2025-02-25,1216,0.0059114695,-0.03045066044722322
2025-02-26,1216,0.006470952,-0.04589371556892341
2025-02-27,1216,0.0099984,-0.026993871716818996
2025-03-03,1216,0.0168644,-0.057416272040317295
2025-03-04,1216,0.009313025,-0.02208589272616235
2025-03-05,1216,0.011372305,-0.0400485409537632
2025-03-06,1216,0.011518665,-0.046987942122176385
2025-03-07,1216,0.012818541,-0.025862068304543184
2024-11-28,1301,0.13218057,-0.0854801050758176
2024-11-29,1301,0.15413958,-0.0568319059055703
2024-12-02,1301,0.1588715,-0.07281551974601941
2024-12-03,1301,0.1605013,-0.10885166758023213
2024-12-04,1301,0.15941453,-0.035024156381409655
2024-12-05,1301,0.15833831,0.0
2024-12-06,1301,0.16105774,0.014943972566026753
2024-12-09,1301,0.1678246,-0.0012437969647197678
2024-12-10,1301,0.16935202,0.002456983482249653
2024-12-11,1301,0.17153421,-0.023749996192643397
2024-12-12,1301,0.17693579,-0.005148018104212393
2024-12-13,1301,0.1749118,0.006578950559017693
2024-12-16,1301,0.17647642,0.03908356059210982
2024-12-17,1301,0.1832934,0.05842390794037078
2024-12-18,1301,0.18891314,-0.017038010818214877
2024-12-19,1301,0.19597346,-0.04313724356546833
2024-12-20,1301,0.18622777,0.031335159669585666
2024-12-23,1301,0.19001567,0.02550335112996538
2024-12-24,1301,0.19883034,-0.08388815621412948
2024-12-25,1301,0.2010231,-0.06283423228443996
2024-12-26,1301,0.1922256,-0.14227643517097055
2024-12-27,1301,0.19329774,-0.05945947082700509
2024-12-30,1301,0.18333134,-0.01971830222259574
2024-12-31,1301,0.18464488,-0.004225348416256547
2025-01-02,1301,0.18575504,0.04727792422806143
2025-01-03,1301,0.1899156,0.037681165441536546
2025-01-06,1301,0.19018978,-0.02068966510633552
2025-01-07,1301,0.19410333,0.026049210784966803
2025-01-08,1301,0.19036925,0.04060152992084354
2025-01-09,1301,0.19052854,0.08281250134977203
2025-01-10,1301,0.1909822,0.13354532140207587
2025-01-13,1301,0.19668478,0.05255023746456011
2025-01-14,1301,0.1778552,-0.024320446188195288
2025-01-15,1301,0.17016992,-0.04781997717686648
2025-01-16,1301,0.18064529,-0.024011316469399246
2025-01-17,1301,0.17837709,-0.08602150300884026
2025-01-20,1301,0.18599987,-0.056910574068388176
2025-01-21,1301,0.19046241,0.0027777848086885104
2025-01-22,1301,0.20000046,-0.0013792997096878645
2025-02-03,1301,0.19851431,0.06531201728564673
2025-02-04,1301,0.20574081,0.048529429123710166
2025-02-05,1301,0.21364707,0.07069219147223005
2025-02-06,1301,0.2177423,0.06376809873846723
2025-02-07,1301,0.22091258,0.0746268716015821
2025-02-10,1301,0.21655631,0.09985096069911248
2025-02-11,1301,0.21561909,0.07941175478645124
2025-02-12,1301,0.19934592,0.03786815733575466
2025-02-13,1301,0.18739474,-0.016021347653752183
2025-02-14,1301,0.18483448,-0.0390624922929691
2025-02-17,1301,0.1810736,-0.06590619549240506
2025-02-18,1301,0.17963311,-0.06127771310744945
2025-02-19,1301,0.1761781,-0.06794871855453266
2025-02-20,1301,0.17795429,-0.07207206898564567
2025-02-21,1301,0.17669106,-0.09438775916632691
2025-02-24,1301,0.17411152,-0.10201510039061956
2025-02-25,1301,0.17183885,-0.1400247941207008
2025-02-26,1301,0.1727165,-0.16267340149430187
2025-02-27,1301,0.15029263,-0.14046391711772221
2025-03-03,1301,0.16108173,-0.10978837902757088
2025-03-04,1301,0.15890312,-0.08165997469406694
2025-03-05,1301,0.15588477,-0.09718670940624918
2025-03-06,1301,0.15773934,-0.08549223120888272
2025-03-07,1301,0.14987147,-0.07503234591291308
2024-11-28,1303,0.05672423,-0.13885348418189758
2024-11-29,1303,0.056659173,-0.12919897444684114
2024-12-02,1303,0.060195617,-0.12932139444901225
2024-12-03,1303,0.0630722,-0.1878940706527662
2024-12-04,1303,0.06510445,-0.13307495085930998
2024-12-05,1303,0.07171695,-0.09102903631897197
2024-12-06,1303,0.08006896,-0.07466667288639472
2024-12-09,1303,0.083826825,-0.07588076538237265
2024-12-10,1303,0.09702439,-0.058583107451201544
2024-12-11,1303,0.08643639,-0.08472224155565444
2024-12-12,1303,0.1026044,-0.06340057995813952
2024-12-13,1303,0.10049568,-0.046130949509861074
2024-12-16,1303,0.10804116,-0.030120477820078984
2024-12-17,1303,0.11020253,-0.027272717634718835
2024-12-18,1303,0.13022293,-0.07046477899582948
2024-12-19,1303,0.13579097,-0.08814587992499634
2024-12-20,1303,0.13421065,0.003220618106679396
2024-12-23,1303,0.13535362,0.009646287675594944
2024-12-24,1303,0.13077536,-0.09728866770312761
2024-12-25,1303,0.12460225,-0.0678513710341101
2024-12-26,1303,0.117839605,-0.13106794790933352
2024-12-27,1303,0.12177136,-0.04838709034964139
2024-12-30,1303,0.11905017,0.0
2024-12-31,1303,0.11979581,0.030100323628827752
2025-01-02,1303,0.12803832,0.06521737933402205
2025-01-03,1303,0.121212356,0.05414551530847711
2025-01-06,1303,0.13295221,-0.01599999815603359
2025-01-07,1303,0.1356079,0.02337229775640748
2025-01-08,1303,0.13146374,0.02559728394802452
2025-01-09,1303,0.12776712,0.06468533242320884
2025-01-10,1303,0.12482934,0.10424026540468967
2025-01-13,1303,0.14151216,0.05749129294637223
2025-01-14,1303,0.1461998,-0.0016420392876932421
2025-01-15,1303,0.16415983,-0.016155086758257386
2025-01-16,1303,0.16713884,-0.017460318445501888
2025-01-17,1303,0.1650193,-0.07132016403901309
2025-01-20,1303,0.16433239,-0.04636784616580614
2025-01-21,1303,0.15430036,-0.014040556563632234
2025-01-22,1303,0.15152076,-0.017001546774960907
2025-02-03,1303,0.1457533,0.017600001264434173
2025-02-04,1303,0.13462585,0.014754092995812096
2025-02-05,1303,0.13497701,0.03284071816771794
2025-02-06,1303,0.1315197,0.029268316025679475
2025-02-07,1303,0.12255811,0.0450751088617507
2025-02-10,1303,0.123505436,0.0561983540231894
2025-02-11,1303,0.117109165,0.0413907407182148
2025-02-12,1303,0.12235757,0.024193561771580496
2025-02-13,1303,0.11837068,-0.03358778779455607
2025-02-14,1303,0.12712091,-0.04696969422947883
2025-02-17,1303,0.12685156,-0.0523951880426603
2025-02-18,1303,0.12246901,-0.06969697971293909
2025-02-19,1303,0.12006492,-0.08618129099177796
2025-02-20,1303,0.117340475,-0.10014945558716692
2025-02-21,1303,0.11417895,-0.1281295781179319
2025-02-24,1303,0.11109897,-0.13576641401558687
2025-02-25,1303,0.11237403,-0.16956521803969693
2025-02-26,1303,0.11732256,-0.1935483987777784
2025-02-27,1303,0.11016867,-0.18074075252976762
2025-03-03,1303,0.10744662,-0.14459665034938207
2025-03-04,1303,0.102137,-0.09859154657409486
2025-03-05,1303,0.100478634,-0.15072463162949457
2025-03-06,1303,0.10994961,-0.12388059100918303
2025-03-07,1303,0.10763837,-0.11061285404184107
2024-11-28,2002,0.0091197975,0.13563218390804588
2024-11-29,2002,0.00604013,0.14622641509433953
2024-12-02,2002,0.00810574,0.13915094339622636
2024-12-03,2002,0.009093758,0.09976798143851506
2024-12-04,2002,0.009114753,0.12240184757505768
2024-12-05,2002,0.0047556907,0.13679245283018848
2024-12-06,2002,0.0044099465,0.14184397163120566
2024-12-09,2002,0.0029971264,0.14761904761904754
2024-12-10,2002,0.005517833,0.1595238095238094
2024-12-11,2002,0.006074045,0.14423076923076916
2024-12-12,2002,0.0063353702,0.15609756097560967
2024-12-13,2002,0.006814085,0.14074074074074083
2024-12-16,2002,0.01807445,0.14567901234567904
2024-12-17,2002,0.01277297,0.17249999999999988
2024-12-18,2002,0.013633281,0.1471321695760599
2024-12-19,2002,0.020148344,0.12280701754385959
2024-12-20,2002,0.026616953,0.1532663316582914
2024-12-23,2002,0.022071563,0.14250000000000007
2024-12-24,2002,0.01731474,0.03258145363408538
2024-12-25,2002,0.012492936,0.025062656641603898
2024-12-26,2002,0.008449815,-0.050000000000000155
2024-12-27,2002,0.011295088,0.04499999999999993
2024-12-30,2002,0.010766327,0.030226700251889227
2024-12-31,2002,0.014492366,0.07633587786259532
2025-01-02,2002,0.03188152,0.10909090909090913
2025-01-03,2002,0.04152866,0.10000000000000009
2025-01-06,2002,0.048892483,0.06217616580310903
2025-01-07,2002,0.05528655,0.07651715039577844
2025-01-08,2002,0.062766224,0.058201058201058364
2025-01-09,2002,0.0635712,0.08602150537634423
2025-01-10,2002,0.06627675,0.12841530054644812
2025-01-13,2002,0.079015724,0.13259668508287303
2025-01-14,2002,0.07604363,0.10626702997275217
2025-01-15,2002,0.08290484,0.09358288770053491
2025-01-16,2002,0.07751367,0.09259259259259256
2025-01-17,2002,0.08167345,0.056265984654731316
2025-01-20,2002,0.07593425,0.05882352941176472
2025-01-21,2002,0.08038643,0.05223880597014907
2025-01-22,2002,0.079808034,0.08684863523573205
2025-02-03,2002,0.08109966,0.0774999999999999
2025-02-04,2002,0.07169192,0.08418367346938771
2025-02-05,2002,0.071262665,0.08673469387755106
2025-02-06,2002,0.06969757,0.07286432160804002
2025-02-07,2002,0.056480967,0.08905852417302795
2025-02-10,2002,0.06757185,0.07231920199501252
2025-02-11,2002,0.058801677,0.07035175879396971
2025-02-12,2002,0.061765287,0.04477611940298498
2025-02-13,2002,0.029860117,-0.0365296803652968
2025-02-14,2002,0.04319993,-0.06881720430107541
2025-02-17,2002,0.045131493,-0.07877461706783384
2025-02-18,2002,0.06605154,-0.08705357142857151
2025-02-19,2002,0.06762909,-0.0917225950782996
2025-02-20,2002,0.07125217,-0.10816777041942593
2025-02-21,2002,0.07198425,-0.13043478260869557
2025-02-24,2002,0.07253629,-0.13577586206896552
2025-02-25,2002,0.071005575,-0.17364016736401666
2025-02-26,2002,0.072634116,-0.19327731092436973
2025-02-27,2002,0.072381765,-0.20944558521560575
2025-03-03,2002,0.081088424,-0.20000000000000007
2025-03-04,2002,0.08250896,-0.17796610169491534
2025-03-05,2002,0.07940111,-0.1887966804979253
2025-03-06,2002,0.08345582,-0.20206185567010315
2025-03-07,2002,0.080169275,-0.20000000000000007
2024-11-28,2207,-0.007381052,-0.035313000959834806
2024-11-29,2207,-0.0020941645,-0.022801302679598234
2024-12-02,2207,-0.008272078,-0.029315961341593866
2024-12-03,2207,-0.009202305,-0.041533546347917616
2024-12-04,2207,0.0045775436,-0.021035599581766817
2024-12-05,2207,-0.0053002946,-0.006493507164937462
2024-12-06,2207,0.0007590875,-0.004878048848991123
2024-12-09,2207,0.005735662,0.009836065707229613
2024-12-10,2207,-0.0019614846,0.01800327299854043
2024-12-11,2207,-0.001481764,0.009852216888488252
2024-12-12,2207,-0.004944317,0.0032840717052651236
2024-12-13,2207,-0.003463909,0.006535948392654811
2024-12-16,2207,-0.004346341,0.01141924857226817
2024-12-17,2207,0.0003564693,0.014754098560844753
2024-12-18,2207,-0.0060970113,-0.003278689748934749
2024-12-19,2207,0.0036593862,0.001663892336203343
2024-12-20,2207,0.005215697,0.031986533057424715
2024-12-23,2207,-0.0025498234,0.0016393431046801688
2024-12-24,2207,-0.0030317456,-0.09656301052257688
2024-12-25,2207,-0.0016146936,-0.0750407828733719
2024-12-26,2207,-6.037578e-05,-0.12540716561691923
2024-12-27,2207,0.0005851351,-0.04560260535919647
2024-12-30,2207,0.007914659,-0.029459900467207034
2024-12-31,2207,0.012149695,-0.03231017930070301
2025-01-02,2207,0.016547546,-0.022988505482241295
2025-01-03,2207,-0.001076661,-0.03940886755395234
2025-01-06,2207,0.013560586,-0.05910543100962262
2025-01-07,2207,0.00074155256,-0.04707792212628781
2025-01-08,2207,0.0016064309,-0.024630542221220297
2025-01-09,2207,0.0052329116,-0.006655574733681946
2025-01-10,2207,0.00052595884,0.01833333299746709
2025-01-13,2207,0.0035391785,0.010000000143942644
2025-01-14,2207,-0.004516501,0.02000000028788529
2025-01-15,2207,-0.0042080097,0.026755852009593406
2025-01-16,2207,-0.003977962,0.020033389282518854
2025-01-17,2207,-0.0034488402,0.033388983339056155
2025-01-20,2207,-0.00080531463,0.03505843124440777
2025-01-21,2207,0.0011860952,0.029654034869633694
2025-01-22,2207,0.0016818717,0.06382978817387785
2025-02-03,2207,0.002156511,0.047308319790701825
2025-02-04,2207,0.001796905,0.05813953515480219
2025-02-05,2207,0.00034894794,0.0729684913272639
2025-02-06,2207,0.0054993033,0.07794361577663045
2025-02-07,2207,0.0021213666,0.06953642300656004
2025-02-10,2207,0.0030494854,0.07119205276410945
2025-02-11,2207,0.0013455153,0.03654485164224175
2025-02-12,2207,3.8057566e-05,0.044850499009125855
2025-02-13,2207,0.0007676035,0.011513158656963673
2025-02-14,2207,0.00039680302,0.009917355519373006
2025-02-17,2207,0.004353661,0.05400982076251215
2025-02-18,2207,0.0036047325,0.040584414961350346
2025-02-19,2207,0.0017000958,0.02287581672828698
2025-02-20,2207,0.003073994,0.02287581672828698
2025-02-21,2207,0.0035465732,0.0016207461498178866
2025-02-24,2207,0.010792188,0.021346468743262292
2025-02-25,2207,0.0050847232,0.049342105993260166
2025-02-26,2207,0.006663535,-0.009724473399490119
2025-02-27,2207,0.0010163933,-0.032258064403790865
2025-03-03,2207,-0.004405137,-0.048231510243885944
2025-03-04,2207,0.001817584,-0.026446280195385863
2025-03-05,2207,-0.0025765672,-0.024875622246832152
2025-03-06,2207,0.00028786436,-0.026490067183952304
2025-03-07,2207,0.00042949617,-0.01990049779746561
2024-11-28,2301,0.05723449,0.02403846755752803
2024-11-29,2301,0.05741995,0.009615393130161909
2024-12-02,2301,0.06517669,0.014218006910764247
2024-12-03,2301,0.063321345,0.0
2024-12-04,2301,0.06097714,0.009569386472390251
2024-12-05,2301,0.05926431,0.028846159033316887
2024-12-06,2301,0.060987808,0.023923450986150785
2024-12-09,2301,0.06078645,0.004761903897763764
2024-12-10,2301,0.056275286,0.01939862357379285
2024-12-11,2301,0.05387146,0.03936210425347242
2024-12-12,2301,0.06269207,-0.005036486673738794
2024-12-13,2301,0.04334481,0.00428559035560494
2024-12-16,2301,0.0384536,0.0345640440791386
2024-12-17,2301,0.045523874,0.041820508421895664
2024-12-18,2301,0.046978377,-0.001110574498396244
2024-12-19,2301,0.04438974,-0.06884649241436813
2024-12-20,2301,0.045073546,-0.029163690383828156
2024-12-23,2301,0.046810105,-0.02889600906104417
2024-12-24,2301,0.046473898,-0.12953921401719704
2024-12-25,2301,0.04593972,-0.22005788925725234
2024-12-26,2301,0.04887045,-0.28093151456555154
2024-12-27,2301,0.045978844,-0.20573378496740935
2024-12-30,2301,0.04245221,-0.127500666189863
2024-12-31,2301,0.04351023,-0.1022595336792268
2025-01-02,2301,0.048982233,-0.08672966751093014
2025-01-03,2301,0.045654297,-0.09936464147895818
2025-01-06,2301,0.049676254,-0.11522440087453478
2025-01-07,2301,0.04582446,-0.10178280445838317
2025-01-08,2301,0.04836192,-0.10380126807423051
2025-01-09,2301,0.05414156,-0.1253445030946917
2025-01-10,2301,0.042079985,-0.1059128165013119
2025-01-13,2301,0.047316983,-0.09714725742527308
2025-01-14,2301,0.056809604,-0.09678030102735813
2025-01-15,2301,0.036888905,-0.05169588336246933
2025-01-16,2301,0.03780535,-0.10617648359810916
2025-01-17,2301,0.056707703,-0.08093790022336278
2025-01-20,2301,0.0637641,-0.046765598525572716
2025-01-21,2301,0.05503232,-0.037856867387958903
2025-01-22,2301,0.06669743,-0.060209813008460844
2025-02-03,2301,0.057719894,-0.05376679186907396
2025-02-04,2301,0.056661405,-0.048729374728399
2025-02-05,2301,0.066745766,-0.05115838301438114
2025-02-06,2301,0.058843978,-0.04643777285810813
2025-02-07,2301,0.056613974,-0.032802915177460035
2025-02-10,2301,0.06403317,-0.027555351745878198
2025-02-11,2301,0.057391055,-0.023053293983439027
2025-02-12,2301,0.060343914,-0.032538213839972574
2025-02-13,2301,0.0676409,-0.0679144047978637
2025-02-14,2301,0.04917351,-0.050811910750078404
2025-02-17,2301,0.06841016,-0.03561441237095053
2025-02-18,2301,0.061513685,-0.05831338445831569
2025-02-19,2301,0.062911816,-0.0679144047978637
2025-02-20,2301,0.062309094,-0.06750057136821175
2025-02-21,2301,0.05897814,-0.07166351449845376
2025-02-24,2301,0.058697022,-0.0537197862564045
2025-02-25,2301,0.062289216,-0.06750057136821175
2025-02-26,2301,0.062757045,-0.07623659611767486
2025-02-27,2301,0.05082707,-0.01392295256246534
2025-03-03,2301,0.052043885,-0.008371164500817097
2025-03-04,2301,0.056486182,-0.0038224091698428886
2025-03-05,2301,0.056981124,-0.0038224091698428886
2025-03-06,2301,0.05430218,0.005313227842634216
2025-03-07,2301,0.05516982,0.029180547388476086
2024-11-28,2303,0.05201122,0.026195908087454756
2024-11-29,2303,0.044031512,0.029850739217944122
2024-12-02,2303,0.04152082,0.0044843095052169435
2024-12-03,2303,0.041289184,-0.024553560099204397
2024-12-04,2303,0.033118464,0.010123714256329741
2024-12-05,2303,0.033476353,0.011467889167777967
2024-12-06,2303,0.023076974,0.022988504030463153
2024-12-09,2303,0.019519903,0.0056753685083636984
2024-12-10,2303,0.012367647,0.03318075557902045
2024-12-11,2303,0.013998654,0.04651162439334122
2024-12-12,2303,0.030552957,0.055294103229903024
2024-12-13,2303,0.054955494,0.08202654373260443
2024-12-16,2303,0.05453529,0.07478891366741847
2024-12-17,2303,0.07091923,0.052878962154679465
2024-12-18,2303,0.073665634,0.019450789462025497
2024-12-19,2303,0.063366234,0.038372075015873364
2024-12-20,2303,0.055983506,0.0850059128774272
2024-12-23,2303,0.046746142,0.05477856660417291
2024-12-24,2303,0.06876547,-0.07386363091055914
2024-12-25,2303,0.058649004,-0.05334847872711446
2024-12-26,2303,0.04286199,-0.08695653466662467
2024-12-27,2303,0.033177994,0.0057339445838890946
2024-12-30,2303,0.02696576,0.02320185463297353
2024-12-31,2303,0.02928923,0.029036002600898225
2025-01-02,2303,0.035589367,0.02288329338012285
2025-01-03,2303,0.029136896,0.042923446144579325
2025-01-06,2303,0.023535341,0.01612903628209228
2025-01-07,2303,0.027495638,0.04604486627933024
2025-01-08,2303,0.019552067,0.022248247390138642
2025-01-09,2303,0.018727817,0.06490384696723672
2025-01-10,2303,0.012561798,0.09200967323215625
2025-01-13,2303,0.012307007,0.061124690492816214
2025-01-14,2303,0.013459172,0.056804713983592325
2025-01-15,2303,0.01432693,0.08323281105635427
2025-01-16,2303,0.010774553,0.08182912599337411
2025-01-17,2303,0.009978563,0.09708739930851529
2025-01-20,2303,0.014000639,0.06783623695842
2025-01-21,2303,0.014809661,0.04889404883520787
2025-01-22,2303,0.046874344,0.12935323155276457
2025-02-03,2303,0.056689225,0.12962961923251393
2025-02-04,2303,0.042077936,0.12967580677028145
2025-02-05,2303,0.028001267,0.1359102202976783
2025-02-06,2303,0.019134622,0.15835411979715897
2025-02-07,2303,0.005483307,0.15940224206420806
2025-02-10,2303,0.0058028176,0.16915424038013183
2025-02-11,2303,0.006752938,0.17574257903395174
2025-02-12,2303,0.008133955,0.19201994204425077
2025-02-13,2303,0.017556489,0.1533816485768278
2025-02-14,2303,0.011341624,0.15579709690071253
2025-02-17,2303,0.011340667,0.1797618857026726
2025-02-18,2303,0.011800006,0.17878428264358526
2025-02-19,2303,0.02295255,0.12925968526699383
2025-02-20,2303,0.025385778,0.09534881993392741
2025-02-21,2303,0.02822788,0.055045877939144505
2025-02-24,2303,0.026334748,0.08036738820533218
2025-02-25,2303,0.02626416,0.07967667378737664
2025-02-26,2303,0.027075011,0.076834872324828
2025-02-27,2303,0.03408805,0.08123568654389679
2025-03-03,2303,0.031509645,0.053899093989272284
2025-03-04,2303,0.029091079,0.03899082813735011
2025-03-05,2303,0.030956894,0.022727271049402864
2025-03-06,2303,0.026407942,0.03749998246625963
2025-03-07,2303,0.025883839,0.050962648932040056
2024-11-28,2308,0.03906554,-0.022135415983232654
2024-11-29,2308,0.033950754,-0.027559054589501808
2024-12-02,2308,0.04092127,-0.0025740026451779308
2024-12-03,2308,0.037985317,-0.006393860768292625
2024-12-04,2308,0.039327033,-0.04177215179381644
2024-12-05,2308,0.035839677,0.006385697539433632
2024-12-06,2308,0.03606806,0.002506265734852242
2024-12-09,2308,0.029845968,-0.03580247139378878
2024-12-10,2308,0.031252466,-0.023573202920232128
2024-12-11,2308,0.009872794,-0.04463208688438025
2024-12-12,2308,0.027858287,-0.059952037680911396
2024-12-13,2308,0.022752523,-0.07328605171783964
2024-12-16,2308,0.024386153,-0.0633802811150932
2024-12-17,2308,0.03170695,-0.06555423184681997
2024-12-18,2308,0.039004005,-0.11515863555000905
2024-12-19,2308,0.03663612,-0.1356542618521278
2024-12-20,2308,0.045143075,-0.09951456110570711
2024-12-23,2308,0.03594581,-0.12023809509889649
2024-12-24,2308,0.04330281,-0.21739130246605032
2024-12-25,2308,0.04110837,-0.27810651056653635
2024-12-26,2308,0.052382357,-0.3446261673530149
2024-12-27,2308,0.048482195,-0.28505214264902834
2024-12-30,2308,0.045170598,-0.22899884775086754
2024-12-31,2308,0.038775027,-0.2334494759690373
2025-01-02,2308,0.031810947,-0.2074340527313171
2025-01-03,2308,0.03445319,-0.2258454111473468
2025-01-06,2308,0.03179097,-0.24611708441200864
2025-01-07,2308,0.031184107,-0.26041666814686204
2025-01-08,2308,0.04415343,-0.2710280379863743
2025-01-09,2308,0.027530149,-0.2574850310700211
2025-01-10,2308,0.028417647,-0.2154761906849887
2025-01-13,2308,-0.0017588288,-0.1837500013332416
2025-01-14,2308,0.01139833,-0.1939024385922612
2025-01-15,2308,0.025081217,-0.14981273337438494
2025-01-16,2308,0.014703721,-0.18757467305207942
2025-01-17,2308,0.024483882,-0.20971563985064223
2025-01-20,2308,0.031593166,-0.17096018747707953
2025-01-21,2308,0.037566222,-0.15065243235557857
2025-01-22,2308,0.004331857,-0.17942857082723274
2025-02-03,2308,-0.05106023,-0.08897243230516283
2025-02-04,2308,0.021227397,-0.06297229397658477
2025-02-05,2308,0.025068112,-0.07768187522178083
2025-02-06,2308,0.025588185,-0.11270983054569295
2025-02-07,2308,0.045281917,-0.11325301046800684
2025-02-10,2308,0.026844256,-0.08034610737646197
2025-02-11,2308,0.029549815,-0.07835820987638098
2025-02-12,2308,0.027395532,-0.07481296712930341
2025-02-13,2308,0.036156893,-0.10370370405924301
2025-02-14,2308,0.03165076,-0.0885286795131317
2025-02-17,2308,0.03329754,-0.0677339907653639
2025-02-18,2308,0.03110139,-0.03324808279841762
2025-02-19,2308,0.02667068,-0.04719387760095628
2025-02-20,2308,0.03487888,-0.05000000013116801
2025-02-21,2308,0.03297133,-0.07196969772325112
2025-02-24,2308,0.028666556,-0.06447534569895308
2025-02-25,2308,0.027543716,-0.048346057364115125
2025-02-26,2308,0.032967925,-0.07894736936575364
2025-02-27,2308,0.037696287,-0.05597014954812185
2025-03-03,2308,0.016897619,-0.0025641026380947007
2025-03-04,2308,0.03254856,0.05430463595184376
2025-03-05,2308,0.02990938,0.04623513866613771
2025-03-06,2308,0.03504709,0.03650586536912459
2025-03-07,2308,0.023848794,0.0720000021608107
2024-11-28,2317,0.068899445,-0.12020460323154247
2024-11-29,2317,0.066194676,-0.13810741601422516
2024-12-02,2317,0.06890024,-0.130102039607925
2024-12-03,2317,0.07050861,-0.14503816810476022
2024-12-04,2317,0.077654935,-0.1542288530271161
2024-12-05,2317,0.06392031,-0.1557788969515863
2024-12-06,2317,0.05975356,-0.15404040308766975
2024-12-09,2317,0.05286751,-0.15897436116342856
2024-12-10,2317,0.05867254,-0.13541666904047445
2024-12-11,2317,0.06283307,-0.126984125012365
2024-12-12,2317,0.059606142,-0.13527851862841644
2024-12-13,2317,0.0647659,-0.11528149678428068
2024-12-16,2317,0.06529025,-0.08791209036061531
2024-12-17,2317,0.06636451,-0.12295081732995616
2024-12-18,2317,0.066028245,-0.1653116520506217
2024-12-19,2317,0.05681953,-0.19337016642991978
2024-12-20,2317,0.05040557,-0.16022099268354373
2024-12-23,2317,0.07273249,-0.17250673769161173
2024-12-24,2317,0.055367142,-0.25336927152389344
2024-12-25,2317,0.052850842,-0.32975870968506116
2024-12-26,2317,0.05545198,-0.40000000113831613
2024-12-27,2317,0.043275967,-0.3378016057410502
2024-12-30,2317,0.03782875,-0.2729729770109188
2024-12-31,2317,0.036795788,-0.24728260752937914
2025-01-02,2317,0.046091817,-0.23561644021455264
2025-01-03,2317,0.047218807,-0.2486187854098968
2025-01-06,2317,0.063095115,-0.27100271112436014
2025-01-07,2317,0.071019076,-0.28684210694816537
2025-01-08,2317,0.049561173,-0.27393616634795326
2025-01-09,2317,0.04115947,-0.2786885223913874
2025-01-10,2317,0.051311977,-0.23415978241651147
2025-01-13,2317,0.08707576,-0.20408163252606992
2025-01-14,2317,0.092016585,-0.2034383944516971
2025-01-15,2317,0.07692205,-0.16666666666666674
2025-01-16,2317,0.080125235,-0.17579251161832887
2025-01-17,2317,0.06992781,-0.1844380392290974
2025-01-20,2317,0.07901669,-0.17134831362997194
2025-01-21,2317,0.06716981,-0.2016806747809039
2025-01-22,2317,0.0668476,-0.18888889244612694
2025-02-03,2317,0.058369942,-0.12386706779156964
2025-02-04,2317,0.0862497,-0.1151515190321385
2025-02-05,2317,0.10081119,-0.14035087522221357
2025-02-06,2317,0.08903587,-0.11560693698669322
2025-02-07,2317,0.09187342,-0.11235955110070517
2025-02-10,2317,0.065468065,-0.06321839341295676
2025-02-11,2317,0.08602904,-0.10893854953437898
2025-02-12,2317,0.07313832,-0.10734463651533244
2025-02-13,2317,0.0763813,-0.1444444468159365
2025-02-14,2317,0.064322025,-0.1348314589227083
2025-02-17,2317,0.08152371,-0.15068492902365827
2025-02-18,2317,0.074176356,-0.16621253822756232
2025-02-19,2317,0.06815205,-0.15846994376187495
2025-02-20,2317,0.06232871,-0.15934066304566796
2025-02-21,2317,0.06531793,-0.16939890439518746
2025-02-24,2317,0.06525665,-0.17391304272175945
2025-02-25,2317,0.058274545,-0.12112676152872492
2025-02-26,2317,0.062776916,-0.15512465519721697
2025-02-27,2317,0.06197445,-0.12931034207823444
2025-03-03,2317,0.07072606,-0.08235294494295797
2025-03-04,2317,0.08702973,-0.08797653975463815
2025-03-05,2317,0.07563346,-0.11815562397480806
2025-03-06,2317,0.062875435,-0.10951009021319569
2025-03-07,2317,0.05392515,-0.09593023329762751
2024-11-28,2327,-0.0048900805,0.033464569273432554
2024-11-29,2327,-0.013755754,0.015564202525454318
2024-12-02,2327,-0.012198977,0.03269230997626793
2024-12-03,2327,-0.01057981,-0.007619047664775502
2024-12-04,2327,-0.007903762,-0.04036697656479915
2024-12-05,2327,-0.011200599,-0.029520295317363332
2024-12-06,2327,-0.010496236,0.007462686625657744
2024-12-09,2327,-0.010307454,-0.011214949454717793
2024-12-10,2327,-0.009505149,0.0
2024-12-11,2327,-0.0075938217,0.00946969903427175
2024-12-12,2327,-0.0073582344,-0.005703428066375693
2024-12-13,2327,-0.0025017262,0.013592231108872532
2024-12-16,2327,-0.006519858,0.01923076534648316
2024-12-17,2327,-0.005982809,0.0037950704374798416
2024-12-18,2327,-0.003913749,-0.04672896653171377
2024-12-19,2327,-0.0041748025,-0.08555133313692398
2024-12-20,2327,-0.0049252287,-0.06952380694018745
2024-12-23,2327,-0.0041663535,-0.020599256917985143
2024-12-24,2327,-0.003341172,-0.10964083638202793
2024-12-25,2327,-0.002612006,-0.19793621031618813
2024-12-26,2327,0.0014923364,-0.288213627878643
2024-12-27,2327,-0.0017654188,-0.21150278109479892
2024-12-30,2327,-0.0016767085,-0.18283581840954466
2024-12-31,2327,-0.0018207915,-0.16451016925817263
2025-01-02,2327,-0.0033892542,-0.13940520414163926
2025-01-03,2327,-0.0014311373,-0.17733089941786806
2025-01-06,2327,-0.0025812387,-0.19683655645029663
2025-01-07,2327,-0.010322496,-0.19182948669165734
2025-01-08,2327,-0.012271628,-0.21631206207340714
2025-01-09,2327,-0.008545913,-0.19557196035321878
2025-01-10,2327,-0.008319195,-0.15205223901800946
2025-01-13,2327,-0.0038450658,-0.13662790910690426
2025-01-14,2327,-0.006316934,-0.12977099340686937
2025-01-15,2327,-0.0053412206,-0.12428298604778176
2025-01-16,2327,-0.0051883757,-0.12095238467919855
2025-01-17,2327,-0.0036332011,-0.11900192413740673
2025-01-20,2327,-0.0023272075,-0.11954459122862238
2025-01-21,2327,-0.0015872568,-0.1512287343601353
2025-01-22,2327,4.6987087e-05,-0.15549348615533698
2025-02-03,2327,0.0025875308,-0.13294798024758103
2025-02-04,2327,-0.000111438334,-0.1310861467715062
2025-02-05,2327,0.0034862123,-0.1836555342763091
2025-02-06,2327,-0.0034172907,-0.15061295742614755
2025-02-07,2327,-0.0074208193,-0.15849386542250588
2025-02-10,2327,-0.008986052,-0.14782609013326564
2025-02-11,2327,-0.004248768,-0.14956521510404863
2025-02-12,2327,-0.00033724308,-0.13840830600731935
2025-02-13,2327,0.0014703125,-0.1905564951951798
2025-02-14,2327,-0.003953822,-0.1904761918371376
2025-02-17,2327,-0.005236611,-0.16552900664199444
2025-02-18,2327,-0.0025593266,-0.17706576999702073
2025-02-19,2327,-0.003929816,-0.18474575934459336
2025-02-20,2327,-0.00234266,-0.19243697031009244
2025-02-21,2327,-0.0027007908,-0.19899665585909576
2025-02-24,2327,-0.005270593,-0.183501680143889
2025-02-25,2327,-0.0037139803,-0.15662650619833884
2025-02-26,2327,-0.0068563633,-0.1783876516926458
2025-02-27,2327,-0.0021178685,-0.1395759714298198
2025-03-03,2327,0.0025352612,-0.06481481337405903
2025-03-04,2327,-0.0053780116,-0.09420289926769809
2025-03-05,2327,-0.004886735,-0.09945255646529183
2025-03-06,2327,-0.0057690516,-0.07366482575848032
2025-03-07,2327,-0.0041820966,-0.07102803415399195
2024-11-28,2330,0.040684827,-0.0031494779808648454
2024-11-29,2330,0.052750513,-0.021354389721456424
2024-12-02,2330,0.13416564,-0.041742657211938705
2024-12-03,2330,0.059670404,-0.08179339081435866
2024-12-04,2330,0.036281586,-0.10029446860325986
2024-12-05,2330,0.02995979,-0.09420726873778273
2024-12-06,2330,0.05288799,-0.08049384839438412
2024-12-09,2330,0.049568124,-0.10687241834230354
2024-12-10,2330,0.058797315,-0.06723629312376533
2024-12-11,2330,0.037026517,-0.06193055206811082
2024-12-12,2330,0.06789837,-0.07874500446828281
2024-12-13,2330,0.045682825,-0.06608996273623813
2024-12-16,2330,0.015179373,-0.09256444084961801
2024-12-17,2330,0.049293585,-0.10468368002475936
2024-12-18,2330,0.033055693,-0.11849117119182428
2024-12-19,2330,0.0493033,-0.1455688544959448
2024-12-20,2330,-0.015228547,-0.0836716982313036
2024-12-23,2330,0.17199945,-0.12371252631811147
2024-12-24,2330,0.056154177,-0.21115522502460848
2024-12-25,2330,0.05274407,-0.24442100455176274
2024-12-26,2330,0.042969435,-0.27312559865728847
2024-12-27,2330,0.011776261,-0.20456672605008341
2024-12-30,2330,0.016597092,-0.1806023407739198
2024-12-31,2330,0.038901903,-0.19159852081310724
2025-01-02,2330,0.02482552,-0.17268777444882577
2025-01-03,2330,-0.0032283738,-0.2009442029557732
2025-01-06,2330,0.04282865,-0.24360204886281844
2025-01-07,2330,-0.012653343,-0.2442817004662573
2025-01-08,2330,0.027323425,-0.2408219311172468
2025-01-09,2330,0.00871595,-0.25472435454076636
2025-01-10,2330,0.01095774,-0.20266465857131444
2025-01-13,2330,0.014378581,-0.1925330889322695
2025-01-14,2330,0.006411031,-0.1815240478638509
2025-01-15,2330,-0.0022307523,-0.15382090534853854
2025-01-16,2330,0.044818684,-0.17990584707896862
2025-01-17,2330,0.016510673,-0.18550713901449
2025-01-20,2330,0.0047768727,-0.14783235989325705
2025-01-21,2330,0.017882966,-0.1585965819777051
2025-01-22,2330,-0.019691944,-0.1856493982597649
2025-02-03,2330,-0.0043216217,-0.12866801886710688
2025-02-04,2330,0.03260169,-0.15773642741685412
2025-02-05,2330,0.0036530793,-0.14106027339746008
2025-02-06,2330,0.005838357,-0.13770369179630104
2025-02-07,2330,0.00492429,-0.13465216616304643
2025-02-10,2330,0.02491118,-0.09171390339753416
2025-02-11,2330,0.014233179,-0.10123588140687578
2025-02-12,2330,0.034701243,-0.08849865842633087
2025-02-13,2330,0.034431256,-0.09304016066477616
2025-02-14,2330,0.015254103,-0.07305824562955099
2025-02-17,2330,0.0069262907,-0.08330489497188631
2025-02-18,2330,0.016380347,-0.10311190630361555
2025-02-19,2330,0.032567173,-0.09304016066477616
2025-02-20,2330,0.02444236,-0.09208431630880665
2025-02-21,2330,0.00061460584,-0.11461399972716757
2025-02-24,2330,0.023281954,-0.09627256600125567
2025-02-25,2330,0.018605888,-0.07914029257432742
2025-02-26,2330,0.008513033,-0.10338762803179224
2025-02-27,2330,0.018475235,-0.08228100289752882
2025-03-03,2330,0.032328665,-0.024888050057136346
2025-03-04,2330,0.039865807,0.0026514765697402964
2025-03-05,2330,0.053992502,-0.019963241565987055
2025-03-06,2330,0.036708474,0.004660796970564984
2025-03-07,2330,0.060822092,0.044647296651084245
2024-11-28,2345,0.048978157,0.003091189474123013
2024-11-29,2345,0.022920989,-0.03500761088049775
2024-12-02,2345,0.09451281,-0.09232954529510706
2024-12-03,2345,0.014734767,-0.08192090436305433
2024-12-04,2345,0.05568923,-0.13061224444226327
2024-12-05,2345,0.038953133,-0.07898448476920017
2024-12-06,2345,0.003135778,-0.053900708280207654
2024-12-09,2345,0.008372776,-0.10555555512562209
2024-12-10,2345,0.03102044,-0.09065155812649983
2024-12-11,2345,0.017219722,-0.09178082123532438
2024-12-12,2345,0.0397818,-0.09691011242349956
2024-12-13,2345,0.061990038,-0.11662198444394445
2024-12-16,2345,0.014584713,-0.11005434865458552
2024-12-17,2345,-0.0045441017,-0.1432432427733341
2024-12-18,2345,0.0064226016,-0.17006802697647294
2024-12-19,2345,-0.014753692,-0.22371967715341023
2024-12-20,2345,-0.023959465,-0.22192866584610516
2024-12-23,2345,0.009651832,-0.22804718201726604
2024-12-24,2345,0.025134929,-0.29668874159211467
2024-12-25,2345,0.014938049,-0.3710526318841342
2024-12-26,2345,0.034950383,-0.4230769226635056
2024-12-27,2345,0.039581418,-0.38416988441152145
2024-12-30,2345,0.036924377,-0.33114323259394707
2024-12-31,2345,0.011750184,-0.32082794301448636
2025-01-02,2345,0.0338308,-0.2758620690581799
2025-01-03,2345,0.0007581338,-0.3198433425976912
2025-01-06,2345,0.0006791726,-0.32428940491362634
2025-01-07,2345,0.025335044,-0.3146214102307284
2025-01-08,2345,-0.023306496,-0.34114583349478744
2025-01-09,2345,-0.020119056,-0.34858680983608514
2025-01-10,2345,-0.02202914,-0.3045267492971687
2025-01-13,2345,0.035465527,-0.2618025752317019
2025-01-14,2345,0.08249781,-0.2510176398998619
2025-01-15,2345,0.01698295,-0.23342541425254382
2025-01-16,2345,-0.00095083565,-0.18194254456012537
2025-01-17,2345,-0.004547961,-0.19073569450698002
2025-01-20,2345,0.0039650872,-0.1562500009893356
2025-01-21,2345,-0.00021190196,-0.1763122470354217
2025-01-22,2345,0.017437138,-0.16382699838485215
2025-02-03,2345,0.031175986,-0.11484593761225559
2025-02-04,2345,0.029199533,-0.11716621206395861
2025-02-05,2345,0.05089668,-0.12252964460642046
2025-02-06,2345,0.009812616,-0.11198945963617235
2025-02-07,2345,0.014124259,-0.12015503909452174
2025-02-10,2345,0.01631885,-0.049006621914066906
2025-02-11,2345,0.015990175,-0.06338939212510997
2025-02-12,2345,0.010395393,-0.02185792317206836
2025-02-13,2345,-0.022896402,-0.02758620685800417
2025-02-14,2345,-0.002363585,-0.02896551692143412
2025-02-17,2345,0.064265706,-0.03034300839339843
2025-02-18,2345,0.013156094,-0.01978891816877726
2025-02-19,2345,0.046634834,0.018232819606412543
2025-02-20,2345,-0.004488252,0.029745042129097232
2025-02-21,2345,0.055737138,0.0
2025-02-24,2345,0.049488075,0.0439716322920809
2025-02-25,2345,0.083907224,0.09558823515170811
2025-02-26,2345,0.032743536,0.04316546756297823
2025-02-27,2345,0.08636447,0.07578008869227992
2025-03-03,2345,0.057092264,0.11737804956206865
2025-03-04,2345,0.059651766,0.07635829742432021
2025-03-05,2345,0.02063556,0.05240174630632399
2025-03-06,2345,0.015936375,0.06043165546277063
2025-03-07,2345,0.09769369,0.1873111780951635
2024-11-28,2357,0.013677143,0.12564543972324027
2024-11-29,2357,0.017220356,0.112244898774154
2024-12-02,2357,0.03539668,-0.0033222596668910365
2024-12-03,2357,0.034340926,0.021848739227337433
2024-12-04,2357,0.04105866,0.011647254578802668
2024-12-05,2357,0.03342147,0.040000000819968795
2024-12-06,2357,0.031695426,0.09698996514189129
2024-12-09,2357,0.04270088,0.060855263699324036
2024-12-10,2357,0.040857792,0.07438016417424786
2024-12-11,2357,0.04268139,0.07615893956368702
2024-12-12,2357,0.048206605,0.03782894790380098
2024-12-13,2357,0.051720105,0.02601626068881968
2024-12-16,2357,0.04152643,0.07321131502689315
2024-12-17,2357,0.037239842,0.07563025290622272
2024-12-18,2357,0.05363068,0.05418719159364782
2024-12-19,2357,0.039000437,0.011627906976744207
2024-12-20,2357,0.03928361,0.02166666641197934
2024-12-23,2357,0.05072747,-0.01788617808724291
2024-12-24,2357,0.042383976,-0.11544715476126022
2024-12-25,2357,0.043852538,-0.20065252792324728
2024-12-26,2357,0.049037248,-0.28409090909090917
2024-12-27,2357,0.05344046,-0.22275640994340384
2024-12-30,2357,0.04783255,-0.1701782819656672
2024-12-31,2357,0.051262602,-0.12012986935194381
2025-01-02,2357,0.050102346,-0.06942148754831912
2025-01-03,2357,0.05866643,-0.1123595505617978
2025-01-06,2357,0.048558645,-0.13672496079699215
2025-01-07,2357,0.05409337,-0.16203703715686513
2025-01-08,2357,0.04481118,-0.17801857650515684
2025-01-09,2357,0.04211823,-0.1911532389065833
2025-01-10,2357,0.046331704,-0.13258786085442287
2025-01-13,2357,0.041093618,-0.10673234863623715
2025-01-14,2357,0.03959562,-0.027960525272252235
2025-01-15,2357,0.029329129,-0.013536379277914734
2025-01-16,2357,0.035804152,-0.023333333345757157
2025-01-17,2357,0.03489822,-0.033333333084858086
2025-01-20,2357,0.04678636,-0.032786884975456676
2025-01-21,2357,0.033484317,-0.040066776928653125
2025-01-22,2357,0.04604689,-0.03294892891399015
2025-02-03,2357,0.02806922,-0.08474576250745669
2025-02-04,2357,0.039258756,-0.08191653879394467
2025-02-05,2357,0.04751324,-0.08371385061436487
2025-02-06,2357,0.04470844,-0.07515337421471702
2025-02-07,2357,0.056469545,-0.0857142859544876
2025-02-10,2357,0.051256634,-0.07025411018564665
2025-02-11,2357,0.05116657,-0.05563909822476454
2025-02-12,2357,0.061055914,-0.0607407421174786
2025-02-13,2357,0.058265544,-0.08541973537476921
2025-02-14,2357,0.057243913,-0.0678466069788124
2025-02-17,2357,0.06059125,-0.07782672630554133
2025-02-18,2357,0.06881048,-0.09455587305339652
2025-02-19,2357,0.051526584,-0.09985528201471261
2025-02-20,2357,0.056434415,-0.09523809592958521
2025-02-21,2357,0.06426297,-0.14245416140154155
2025-02-24,2357,0.047529437,-0.11318051466688628
2025-02-25,2357,0.051817037,-0.09551374731053075
2025-02-26,2357,0.056584507,-0.10888252131096032
2025-02-27,2357,0.043881275,-0.06451612945535501
2025-03-03,2357,0.03964571,-0.04633781671639525
2025-03-04,2357,0.04488249,-0.04179104479604623
2025-03-05,2357,0.05129321,-0.048672565911956234
2025-03-06,2357,0.045325525,-0.04154302668654053
2025-03-07,2357,0.040943347,0.0
2024-11-28,2379,0.008047551,0.17285259842403744
2024-11-29,2379,0.013709411,0.17647058979173913
2024-12-02,2379,0.02902142,0.12601625959893603
2024-12-03,2379,0.023917548,0.09795918298279505
2024-12-04,2379,0.03562177,0.0590551174351035
2024-12-05,2379,0.03516005,0.0428849900260857
2024-12-06,2379,0.030150928,0.043893127951489364
2024-12-09,2379,0.025061153,0.04238920976599592
2024-12-10,2379,0.029915206,0.06333973198584908
2024-12-11,2379,0.0307874,0.06261859647543044
2024-12-12,2379,0.029065855,0.059047618864838114
2024-12-13,2379,0.042111628,0.05243445739996355
2024-12-16,2379,0.034262933,0.05253283144309262
2024-12-17,2379,0.034794644,0.0
2024-12-18,2379,0.03039787,0.0
2024-12-19,2379,0.035810754,-0.022429905893012192
2024-12-20,2379,0.035673596,-0.007561436459185611
2024-12-23,2379,0.03805241,-0.013035382827802366
2024-12-24,2379,0.034817234,-0.10338345903970558
2024-12-25,2379,0.041508526,-0.15794392483211772
2024-12-26,2379,0.043348677,-0.20433996408760913
2024-12-27,2379,0.040090196,-0.1326164882911689
2024-12-30,2379,0.03694556,-0.09397163259476982
2024-12-31,2379,0.024133638,-0.11971831001530886
2025-01-02,2379,0.0074352175,-0.0752293579960458
2025-01-03,2379,0.019311473,-0.07076350175365997
2025-01-06,2379,0.029426306,-0.059259259475218595
2025-01-07,2379,0.03413564,-0.06998158276499622
2025-01-08,2379,0.031134717,-0.06111111175898931
2025-01-09,2379,0.032610543,-0.062381851284292855
2025-01-10,2379,0.026431046,-0.017142857154280877
2025-01-13,2379,0.02529759,-0.017475728139510927
2025-01-14,2379,0.019643582,0.011560692285639718
2025-01-15,2379,0.021917894,0.005758158735223562
2025-01-16,2379,0.027459681,-0.013307983906995502
2025-01-17,2379,0.031673253,-0.02602230312117848
2025-01-20,2379,0.02375666,-0.06133828871543512
2025-01-21,2379,0.028873287,-0.07592592614188531
2025-01-22,2379,0.029547505,-0.07841328492600497
2025-02-03,2379,0.030111395,-0.049149337976730934
2025-02-04,2379,0.033207703,-0.10544815518570394
2025-02-05,2379,0.026922084,-0.09363957559824043
2025-02-06,2379,-8.6046755e-05,-0.053803338459106675
2025-02-07,2379,0.004866034,-0.05967450335770963
2025-02-10,2379,0.027365655,-0.06642728949502597
2025-02-11,2379,0.033434153,-0.07513416875193224
2025-02-12,2379,0.035374336,-0.07001795272257905
2025-02-13,2379,0.036517337,-0.07567567625834015
2025-02-14,2379,0.035497434,-0.052919706987686777
2025-02-17,2379,0.036428757,-0.04545454649543412
2025-02-18,2379,0.035358466,-0.04174228692767046
2025-02-19,2379,0.03488224,-0.06329113883208826
2025-02-20,2379,0.03355252,-0.04504504606726334
2025-02-21,2379,0.042179532,-0.07950530038611936
2025-02-24,2379,0.036082022,-0.05105633882845784
2025-02-25,2379,0.03745451,-0.033928571816802644
2025-02-26,2379,0.037835233,-0.06583629936105662
2025-02-27,2379,0.031868212,-0.01272727378203986
2025-03-03,2379,0.03446234,-0.025225225419446717
2025-03-04,2379,0.030287571,-0.0036496339740160755
2025-03-05,2379,0.030168273,-0.02162162286872793
2025-03-06,2379,0.03082072,-0.012567324122906398
2025-03-07,2379,0.03059753,0.0
2024-11-28,2382,0.0759585,-0.0937500001136834
2024-11-29,2382,0.08270591,-0.12542955153247015
2024-12-02,2382,0.0810403,-0.11433447109959771
2024-12-03,2382,0.0757752,-0.12116041074010797
2024-12-04,2382,0.07352117,-0.12755102258997586
2024-12-05,2382,0.07274512,-0.13265306064267313
2024-12-06,2382,0.069929756,-0.12626262514019826
2024-12-09,2382,0.060897328,-0.14358107917379048
2024-12-10,2382,0.059714794,-0.12286689565023556
2024-12-11,2382,0.060106665,-0.10801393963536865
2024-12-12,2382,0.061150827,-0.12762237940920151
2024-12-13,2382,0.058969326,-0.12609457247706424
2024-12-16,2382,0.07340397,-0.08363636527113205
2024-12-17,2382,0.05976639,-0.10545454668754883
2024-12-18,2382,0.06342405,-0.12681159164469913
2024-12-19,2382,0.06949757,-0.18214936426395767
2024-12-20,2382,0.063690774,-0.15675675518532473
2024-12-23,2382,0.08330224,-0.19377162457901864
2024-12-24,2382,0.053874426,-0.27835051635472974
2024-12-25,2382,0.047675356,-0.3441780827078681
2024-12-26,2382,0.042438395,-0.38659793818144716
2024-12-27,2382,0.06122125,-0.3264604824111298
2024-12-30,2382,0.06887233,-0.25173611047322086
2024-12-31,2382,0.06754113,-0.2055749123068813
2025-01-02,2382,0.05758892,-0.1857142849659239
2025-01-03,2382,0.07700137,-0.21453286994015341
2025-01-06,2382,0.085314125,-0.2176870768905328
2025-01-07,2382,0.05851961,-0.21996615869250047
2025-01-08,2382,0.054946102,-0.21355932344247808
2025-01-09,2382,0.052934073,-0.22395833562594902
2025-01-10,2382,0.062084615,-0.17107583536349402
2025-01-13,2382,0.085590415,-0.14972273621162968
2025-01-14,2382,0.1018877,-0.12639404885925543
2025-01-15,2382,0.087190025,-0.057692308699717754
2025-01-16,2382,0.09345794,-0.06730769482621746
2025-01-17,2382,0.07924514,-0.08445297622908166
2025-01-20,2382,0.10277193,-0.05992509519079903
2025-01-21,2382,0.0853443,-0.0836431204540713
2025-01-22,2382,0.08782312,-0.057513912161210934
2025-02-03,2382,0.07156761,0.0452674926217862
2025-02-04,2382,0.15396518,0.07021276353856831
2025-02-05,2382,0.1341004,0.06874999770814227
2025-02-06,2382,0.11000601,0.06597938334963693
2025-02-07,2382,0.13315895,0.03968254179431874
2025-02-10,2382,0.09252268,0.09722222095185495
2025-02-11,2382,0.11841932,0.07558139513634954
2025-02-12,2382,0.09379739,0.06589147518197302
2025-02-13,2382,0.095765725,0.02307692267395889
2025-02-14,2382,0.08970671,0.02499999989925894
2025-02-17,2382,0.08245284,0.044145872201197145
2025-02-18,2382,0.08156032,0.011342156806540382
2025-02-19,2382,0.09790032,-0.02040816263059697
2025-02-20,2382,0.07517246,-0.003752345805832058
2025-02-21,2382,0.07875403,-0.014814813291400886
2025-02-24,2382,0.08005856,0.01509433805611704
2025-02-25,2382,0.09645593,0.06679764053550041
2025-02-26,2382,0.07576013,0.04230769089731812
2025-02-27,2382,0.102376126,0.09780439421457787
2025-03-03,2382,0.09538032,0.11776447304476179
2025-03-04,2382,0.10637539,0.088974856837301
2025-03-05,2382,0.078541085,0.053435110840720945
2025-03-06,2382,0.059707567,0.05950095696016389
2025-03-07,2382,0.065804,0.0988372087120819
2024-11-28,2395,0.024150357,0.15182481583103935
2024-11-29,2395,0.018134251,0.17734724243359556
2024-12-02,2395,0.037018955,0.1253602299045362
2024-12-03,2395,0.013158388,0.08149171316106507
2024-12-04,2395,0.02006156,0.06111111020905713
2024-12-05,2395,0.02666853,0.06527777655525724
2024-12-06,2395,0.031656336,0.09243697650377802
2024-12-09,2395,0.029304765,0.0886075969450093
2024-12-10,2395,0.019301027,0.11456859966787603
2024-12-11,2395,0.019262556,0.1014084516562801
2024-12-12,2395,0.008896165,0.10937499840677134
2024-12-13,2395,0.007343132,0.11773049724619322
2024-12-16,2395,0.0020128526,0.13532763478659238
2024-12-17,2395,-0.0046488903,0.1266002847398735
2024-12-18,2395,0.00636369,0.08077994289723622
2024-12-19,2395,0.0029663108,0.06382978822440832
2024-12-20,2395,0.0030174255,0.13274336186812463
2024-12-23,2395,0.009274967,0.1095305847378576
2024-12-24,2395,-0.001124993,0.0071736015868428815
2024-12-25,2395,0.002196595,-0.05547652792402846
2024-12-26,2395,-0.0024262853,-0.122126438229615
2024-12-27,2395,0.0012635142,-0.042735042410416924
2024-12-30,2395,-0.007485751,-0.03617944929488626
2024-12-31,2395,-0.004839331,-0.023088023284473902
2025-01-02,2395,-0.006892968,0.0072674422980951725
2025-01-03,2395,-0.011967529,-0.011594202993324365
2025-01-06,2395,0.0003891401,-0.08474576212266982
2025-01-07,2395,0.00394487,-0.08194444478864915
2025-01-08,2395,-0.011873633,-0.1402116395082842
2025-01-09,2395,-0.008384585,-0.10972222422810551
2025-01-10,2395,0.002773121,-0.08677685853521022
2025-01-13,2395,0.012988061,-0.08391608323406019
2025-01-14,2395,0.0032660812,-0.06722688860794024
2025-01-15,2395,-0.0011842139,-0.033994331742876915
2025-01-16,2395,0.014227398,-0.0534979411364207
2025-01-17,2395,0.001017563,-0.07671232676578588
2025-01-20,2395,-0.0067296103,-0.07113543294312397
2025-01-21,2395,-0.0024459586,-0.07629427862200955
2025-01-22,2395,0.0019122027,-0.08970976196897862
2025-02-03,2395,0.017486371,-0.09078771655013196
2025-02-04,2395,0.01618389,-0.08666666641143284
2025-02-05,2395,0.08728901,-0.17212121294386662
2025-02-06,2395,0.0398058,-0.15347137723139848
2025-02-07,2395,0.059511125,-0.1567436213806095
2025-02-10,2395,0.03937056,-0.1515892422254399
2025-02-11,2395,0.036962338,-0.15892420499276028
2025-02-12,2395,0.04579082,-0.15318627385063577
2025-02-13,2395,0.06663588,-0.1453416141124223
2025-02-14,2395,0.056950606,-0.13749999820538716
2025-02-17,2395,0.056239605,-0.12951432010553698
2025-02-18,2395,0.052137136,-0.15705521615665996
2025-02-19,2395,0.044185564,-0.15744157343209353
2025-02-20,2395,0.045278437,-0.15903614254191545
2025-02-21,2395,0.039669,-0.17942583824791036
2025-02-24,2395,0.03199549,-0.1674698784968961
2025-02-25,2395,0.02278658,-0.1576354693738652
2025-02-26,2395,0.04414004,-0.16971916865509018
2025-02-27,2395,0.021329984,-0.15517241453343733
2025-03-03,2395,0.031607836,-0.13732834012216089
2025-03-04,2395,0.0209556,-0.11757269163023965
2025-03-05,2395,0.031607926,-0.1294871810075522
2025-03-06,2395,0.01984591,-0.15770171203397942
2025-03-07,2395,0.0206097,-0.1240506346071284
2024-11-28,2412,0.005196821,0.03643724180011665
2024-11-29,2412,0.0029835515,0.036585369597347706
2024-12-02,2412,0.004350297,0.04065040579098134
2024-12-03,2412,0.0055241846,0.04048582907536247
2024-12-04,2412,0.0073549002,0.03212851336022049
2024-12-05,2412,0.00593213,0.032258063954826
2024-12-06,2412,0.00786417,0.03614457319762043
2024-12-09,2412,0.007870872,0.03212851336022049
2024-12-10,2412,0.007864423,0.03614457319762043
2024-12-11,2412,0.0049281865,0.05263157343026159
2024-12-12,2412,0.004004795,0.04453440761518923
2024-12-13,2412,0.0051837526,0.04453440761518923
2024-12-16,2412,0.0043531023,0.04878048694917769
2024-12-17,2412,0.0029076524,0.05263157343026159
2024-12-18,2412,0.0033039004,0.04838709593223922
2024-12-19,2412,0.0041502006,0.04048582907536247
2024-12-20,2412,0.00547741,0.05691056810737405
2024-12-23,2412,0.0070052594,0.04417670153767572
2024-12-24,2412,0.003656596,0.004048578539826764
2024-12-25,2412,0.0047287457,0.0241935479661195
2024-12-26,2412,0.005035106,0.016129031977413
2024-12-27,2412,0.005261082,0.0200803165175103
2024-12-30,2412,0.002707243,0.03629032629927709
2024-12-31,2412,0.00023568049,0.032388663260289885
2025-01-02,2412,0.0051827803,0.04878048694917769
2025-01-03,2412,-0.00037792325,0.04897959075835967
2025-01-06,2412,0.0024363212,0.03643724180011665
2025-01-07,2412,-0.00049833953,0.04065040579098134
2025-01-08,2412,-0.00061420724,0.028340075985044066
2025-01-09,2412,-0.0028548427,0.04065040579098134
2025-01-10,2412,-0.0012838915,0.036585369597347706
2025-01-13,2412,-0.00061893836,0.0325203246327852
2025-01-14,2412,-0.0026240684,0.024291497445217525
2025-01-15,2412,-0.0027776882,0.03643724180011665
2025-01-16,2412,-0.002356276,0.0403225799435325
2025-01-17,2412,-0.0037482157,0.04435484228798359
2025-01-20,2412,-0.002883315,0.04048582907536247
2025-01-21,2412,-0.0015312284,0.04858299489043483
2025-01-22,2412,-0.001330521,0.04417670153767572
2025-02-03,2412,-0.0005257316,0.04382469595529881
2025-02-04,2412,-0.0124158785,0.036000003693894334
2025-02-05,2412,-0.0014226958,0.03968253900300822
2025-02-06,2412,-0.0009526871,0.03968253900300822
2025-02-07,2412,0.0057207234,0.03174603120240649
2025-02-10,2412,0.005795989,0.031872509275202354
2025-02-11,2412,0.0054382607,0.04382469595529881
2025-02-12,2412,0.0070361793,0.03968253900300822
2025-02-13,2412,0.0010338686,0.04382469595529881
2025-02-14,2412,-0.0015631467,0.04780876391280375
2025-02-17,2412,0.004660312,0.05158730498495934
2025-02-18,2412,0.0056040697,0.051383393849831815
2025-02-19,2412,0.0010266937,0.051383393849831815
2025-02-20,2412,-0.001620084,0.051383393849831815
2025-02-21,2412,0.0036985353,0.03543307451149613
2025-02-24,2412,0.003292121,0.03937007807128512
2025-02-25,2412,0.0008952841,0.02371541451413517
2025-02-26,2412,0.0072199963,0.03137254835597125
2025-02-27,2412,-0.0062475763,0.01562499973661513
2025-03-03,2412,-0.009040356,0.007782101003978248
2025-03-04,2412,-0.015768118,0.023622046842771027
2025-03-05,2412,-0.007900022,0.01960783849179859
2025-03-06,2412,-0.0041774027,0.03515625362154151
2025-03-07,2412,-0.0020928867,0.039062499341537826
2024-11-28,2454,0.038765058,0.13481140335325947
2024-11-29,2454,0.033348456,0.12667655484285456
2024-12-02,2454,0.03516406,0.09885661374926613
2024-12-03,2454,0.033936754,0.07915109828650557
2024-12-04,2454,0.033898845,0.08279767357766765
2024-12-05,2454,0.03633199,0.09797435234126639
2024-12-06,2454,0.039655656,0.15391738958341006
2024-12-09,2454,0.038284503,0.12879468486046486
2024-12-10,2454,0.035018533,0.12301587277424852
2024-12-11,2454,0.031206504,0.11923467427517886
2024-12-12,2454,0.024318121,0.09490348568515716
2024-12-13,2454,0.024152122,0.10419033246820875
2024-12-16,2454,0.02762895,0.11675027719978992
2024-12-17,2454,0.02938103,0.06390977416290333
2024-12-18,2454,0.030720018,0.053276730534857375
2024-12-19,2454,0.034417383,-0.0006452858017121921
2024-12-20,2454,0.0381298,0.0723369355954524
2024-12-23,2454,0.03894659,0.03902500193522118
2024-12-24,2454,0.038255304,-0.05900643481845447
2024-12-25,2454,0.04199069,-0.08768536420983897
2024-12-26,2454,0.04338233,-0.1480321322592968
2024-12-27,2454,0.042063475,-0.07188770836641423
2024-12-30,2454,0.042218357,-0.004240087191532571
2024-12-31,2454,0.044057682,0.010101009925734594
2025-01-02,2454,0.042364396,0.025925926264439347
2025-01-03,2454,0.035288252,0.0
2025-01-06,2454,0.025286987,-0.05964912273749978
2025-01-07,2454,-0.011574246,-0.08389261789946734
2025-01-08,2454,0.044552214,-0.08503401337316951
2025-01-09,2454,0.042042673,-0.09722222202051267
2025-01-10,2454,0.031134091,-0.06484641610697883
2025-01-13,2454,0.015736409,-0.043165467734140206
2025-01-14,2454,0.024074614,-0.014285714573805008
2025-01-15,2454,0.034072123,-0.049295775259810326
2025-01-16,2454,0.030937478,-0.06164383577832078
2025-01-17,2454,0.04328145,-0.05594405633779642
2025-01-20,2454,0.04306882,-0.10034602078628518
2025-01-21,2454,0.042142324,-0.11604095551446891
2025-01-22,2454,0.041173607,-0.12627986339596697
2025-02-03,2454,0.040924005,-0.14999999972115663
2025-02-04,2454,0.030364811,-0.13422818779700374
2025-02-05,2454,0.029781781,-0.13114754091616254
2025-02-06,2454,0.038269617,-0.1377049177562667
2025-02-07,2454,0.038817592,-0.11147540971017011
2025-02-10,2454,0.041227914,-0.0810810806227924
2025-02-11,2454,0.029042281,-0.09271523160463802
2025-02-12,2454,0.044166945,-0.08080808103568471
2025-02-13,2454,0.036953665,-0.13815789508533594
2025-02-14,2454,0.04780992,-0.12624584726610266
2025-02-17,2454,0.035116516,-0.13268608427600326
2025-02-18,2454,0.04369521,-0.1368078179312927
2025-02-19,2454,0.04383199,-0.146103895854782
2025-02-20,2454,0.041697115,-0.14666666684326735
2025-02-21,2454,0.036336176,-0.152317880790116
2025-02-24,2454,0.033158645,-0.1715210358374487
2025-02-25,2454,0.04052829,-0.18709677420660553
2025-02-26,2454,0.03697844,-0.19230769215300858
2025-02-27,2454,0.054902226,-0.1584158413313106
2025-03-03,2454,0.045590363,-0.1326530608905978
2025-03-04,2454,0.024814613,-0.17275747505997374
2025-03-05,2454,0.040872462,-0.1495016615104342
2025-03-06,2454,0.04659556,-0.14046822715105534
2025-03-07,2454,0.047052555,-0.08873720140172836
2024-11-28,2603,0.005553566,0.03456221584556207
2024-11-29,2603,-0.0048089847,0.04377880177737947
2024-12-02,2603,0.02015502,0.033936649638371286
2024-12-03,2603,0.02979698,0.00655021687222912
2024-12-04,2603,0.010232873,-0.04347825852175613
2024-12-05,2603,0.02797965,0.019911505506864158
2024-12-06,2603,0.011206932,0.017543857546644892
2024-12-09,2603,-0.012906693,-0.029723991955316165
2024-12-10,2603,0.02982562,-0.006493505062078242
2024-12-11,2603,0.022335641,0.00220264085794164
2024-12-12,2603,0.015395917,0.004405287187208895
2024-12-13,2603,0.005012192,-0.002173910766103515
2024-12-16,2603,0.024421297,0.017699112953026397
2024-12-17,2603,-0.0042961612,-0.019480520562818793
2024-12-18,2603,0.016992964,-0.024017469096227928
2024-12-19,2603,0.0054178163,-0.039215688396755044
2024-12-20,2603,-0.0061303303,-0.017353582495145625
2024-12-23,2603,0.014133714,-0.004385965748493481
2024-12-24,2603,-0.017210104,-0.11853448151256851
2024-12-25,2603,-0.0051638708,-0.17926565801729333
2024-12-26,2603,-0.009159096,-0.25974025624897124
2024-12-27,2603,0.00946819,-0.1681415922881243
2024-12-30,2603,0.0016699806,-0.08425720569551165
2024-12-31,2603,0.009578966,-0.06666666850665326
2025-01-02,2603,-0.002100058,-0.057268722491063184
2025-01-03,2603,-0.009783842,-0.07991360871908337
2025-01-06,2603,0.017606832,-0.09803921558016226
2025-01-07,2603,0.016329832,-0.09190372133971347
2025-01-08,2603,0.013798945,-0.1200873400575988
2025-01-09,2603,0.0017597452,-0.05660377281114848
2025-01-10,2603,0.0068776533,-0.039719625069861264
2025-01-13,2603,0.02881328,0.0
2025-01-14,2603,0.031142138,-0.019184650035452666
2025-01-15,2603,0.027646251,0.009852212499193769
2025-01-16,2603,0.017127834,0.02722771873924601
2025-01-17,2603,0.010590695,0.019753090236021453
2025-01-20,2603,0.013793983,0.05263157337716762
2025-01-21,2603,0.0151249245,0.027363186231513126
2025-01-22,2603,0.007913806,0.022004891148633465
2025-02-03,2603,0.02301126,0.017283950889874555
2025-02-04,2603,0.007880539,0.058823531280263186
2025-02-05,2603,0.027597703,0.02926829229872996
2025-02-06,2603,0.024305455,0.06097561248980776
2025-02-07,2603,0.022238642,0.12864077438690535
2025-02-10,2603,0.022702642,0.17149758446859975
2025-02-11,2603,0.0049439445,0.15529411207743848
2025-02-12,2603,0.025042228,0.22588234909057459
2025-02-13,2603,0.023465924,0.1809744783192786
2025-02-14,2603,0.031984426,0.21749409023710786
2025-02-17,2603,0.012116067,0.18749999820313823
2025-02-18,2603,0.023653977,0.19266055359479228
2025-02-19,2603,0.035295926,0.17701149099734437
2025-02-20,2603,0.031739324,0.18501171366171376
2025-02-21,2603,0.031115554,0.1877934283798104
2025-02-24,2603,0.0014398694,0.1241534976562313
2025-02-25,2603,0.03047271,0.10884354166816279
2025-02-26,2603,0.03088963,0.12528473632676462
2025-02-27,2603,0.02550722,0.1689814761707562
2025-03-03,2603,0.017491348,0.1536697288998099
2025-03-04,2603,0.024710007,0.08675799058272538
2025-03-05,2603,0.026794039,0.07517083726944018
2025-03-06,2603,0.023735031,0.05882352941176472
2025-03-07,2603,-0.0034188405,0.04185022007149497
2024-11-28,2609,0.12310145,0.02068964953266761
2024-11-29,2609,0.12637526,0.006830599248763614
2024-12-02,2609,0.11446612,-0.018842525270826527
2024-12-03,2609,0.10697952,-0.01717306212890879
2024-12-04,2609,0.09817127,-0.022397901104453166
2024-12-05,2609,0.0853745,0.01606426834049346
2024-12-06,2609,0.09418984,0.023809532962541846
2024-12-09,2609,0.12666887,-0.07108433243882417
2024-12-10,2609,0.12306382,-0.03105590654106183
2024-12-11,2609,0.13192949,-0.030303022296787052
2024-12-12,2609,0.12699705,-0.01781170009272237
2024-12-13,2609,0.1456486,-0.03109453327987921
2024-12-16,2609,0.13890573,-0.01901140180207972
2024-12-17,2609,0.12225462,-0.026683601545646085
2024-12-18,2609,0.112562805,-0.046894805845719256
2024-12-19,2609,0.10773664,-0.048593352246610766
2024-12-20,2609,0.099612676,-0.033877030001493
2024-12-23,2609,0.10253308,-0.01901140180207972
2024-12-24,2609,0.09366233,-0.11548223234179877
2024-12-25,2609,0.08564857,-0.1886304850181446
2024-12-26,2609,0.0884969,-0.26205997821247573
2024-12-27,2609,0.08808803,-0.1783355471378344
2024-12-30,2609,0.088251,-0.090425523609866
2024-12-31,2609,0.09338667,-0.02774109091177135
2025-01-02,2609,0.09816725,-0.044386426027616444
2025-01-03,2609,0.10128822,-0.06330749144431236
2025-01-06,2609,0.08261789,-0.07189543556330502
2025-01-07,2609,0.10503367,-0.08734176373252767
2025-01-08,2609,0.07492376,-0.0992268073283572
2025-01-09,2609,0.06257377,-0.0426997289070038
2025-01-10,2609,0.08928941,-0.011080329377059717
2025-01-13,2609,0.059777535,0.014306147838399008
2025-01-14,2609,0.09210559,-0.03055556331456888
2025-01-15,2609,0.07083396,-0.014104368655249666
2025-01-16,2609,0.07051388,-0.010028650622722068
2025-01-17,2609,0.060150675,-0.0116279038331355
2025-01-20,2609,0.053434193,0.0566318769991192
2025-01-21,2609,0.056104288,0.05074625456886728
2025-01-22,2609,0.060695626,0.05014747886801496
2025-02-03,2609,0.0473146,0.07413010393124875
2025-02-04,2609,0.04869747,0.09302324868844036
2025-02-05,2609,0.07334082,0.0605613003849339
2025-02-06,2609,0.054069705,0.08208954680048186
2025-02-07,2609,0.05531531,0.15727002076816143
2025-02-10,2609,0.058887415,0.1710914327831019
2025-02-11,2609,0.055675827,0.1725663586321613
2025-02-12,2609,0.05899767,0.22807016440629413
2025-02-13,2609,0.061443917,0.18830242489407722
2025-02-14,2609,0.05736827,0.1877667140119359
2025-02-17,2609,0.054587744,0.1699438248110503
2025-02-18,2609,0.053900473,0.2153846046287724
2025-02-19,2609,0.053717084,0.1673640030329584
2025-02-20,2609,0.056704305,0.1592178656208394
2025-02-21,2609,0.05526706,0.14845937522504227
2025-02-24,2609,0.059046708,0.12292817535402367
2025-02-25,2609,0.056438267,0.09041095035273883
2025-02-26,2609,0.056472458,0.06747638095812447
2025-02-27,2609,0.05435607,0.09739369547680998
2025-03-03,2609,0.047713302,0.08126721152140681
2025-03-04,2609,0.049393594,0.02341597158731612
2025-03-05,2609,0.047299154,0.004098359549258079
2025-03-06,2609,0.04877504,-0.02989129632160037
2025-03-07,2609,0.053943582,-0.034759349105138115
2024-11-28,2615,0.06560793,0.02625297756136047
2024-11-29,2615,0.063857876,0.032530126700122564
2024-12-02,2615,0.039148636,-0.02877698500923198
2024-12-03,2615,0.07388999,-0.06968640884133437
2024-12-04,2615,0.033855185,-0.042873699789553354
2024-12-05,2615,0.0031417534,0.023752963959446927
2024-12-06,2615,0.019044451,0.04523808538412166
2024-12-09,2615,0.13026959,0.022067358841201257
2024-12-10,2615,0.034754522,0.041420109374257885
2024-12-11,2615,0.018941075,0.0386007287282093
2024-12-12,2615,0.027572215,0.03549572172631299
2024-12-13,2615,0.046667792,0.024330908239764693
2024-12-16,2615,0.01208774,0.0464824155256065
2024-12-17,2615,0.044254705,0.009732358058386792
2024-12-18,2615,0.028256081,0.009828007748798662
2024-12-19,2615,0.034853607,-0.03217822428428574
2024-12-20,2615,0.039599143,-0.004860266297709748
2024-12-23,2615,0.04467403,0.019512204149894963
2024-12-24,2615,0.04623685,-0.08282581790462573
2024-12-25,2615,0.039875977,-0.18313253102665117
2024-12-26,2615,0.025442079,-0.2575941660901715
2024-12-27,2615,0.018669315,-0.17037037401220634
2024-12-30,2615,0.031025283,-0.08198757347087138
2024-12-31,2615,0.038036145,0.0012330453608602188
2025-01-02,2615,0.049010344,0.02870812768803166
2025-01-03,2615,0.068777144,-0.016528922049182326
2025-01-06,2615,0.053303383,-0.061538460950581686
2025-01-07,2615,0.052584365,-0.013048645759854427
2025-01-08,2615,0.04624854,-0.022619055505277097
2025-01-09,2615,0.011512086,0.004999998923689741
2025-01-10,2615,0.040816374,0.008652655760110095
2025-01-13,2615,0.025384627,0.05006418829321313
2025-01-14,2615,0.02571965,0.048469377108552036
2025-01-15,2615,0.02028156,0.06193548485655875
2025-01-16,2615,0.035136238,0.07591622841189793
2025-01-17,2615,0.03376489,0.07702349651165208
2025-01-20,2615,0.02733557,0.11244978930183702
2025-01-21,2615,0.031879716,0.11866666982384344
2025-01-22,2615,0.024216771,0.12614980441492252
2025-02-03,2615,0.019396238,0.17486337881846592
2025-02-04,2615,0.027171493,0.18181818866058608
2025-02-05,2615,0.032025687,0.1424802091335995
2025-02-06,2615,0.02854278,0.1782841725775357
2025-02-07,2615,0.030387163,0.22503328356652785
2025-02-10,2615,0.037250802,0.28104574859940734
2025-02-11,2615,0.05162955,0.31168831622664084
2025-02-12,2615,0.04517945,0.4176245116981443
2025-02-13,2615,0.052988864,0.38613861148740525
2025-02-14,2615,0.05381912,0.360874851072281
2025-02-17,2615,0.05414944,0.3625592396210384
2025-02-18,2615,0.05132179,0.4899882172559855
2025-02-19,2615,0.04774306,0.48823529031890534
2025-02-20,2615,0.048762135,0.3895486856316184
2025-02-21,2615,0.044976912,0.40476189347407154
2025-02-24,2615,0.042793326,0.31425233214474413
2025-02-25,2615,0.048944563,0.2587412537410403
2025-02-26,2615,0.053798087,0.28654970922190226
2025-02-27,2615,0.059677772,0.33333332479118916
2025-03-03,2615,0.04758118,0.2882352953838945
2025-03-04,2615,0.048462354,0.2293144220970702
2025-03-05,2615,0.045406274,0.18713450064186476
2025-03-06,2615,0.046678282,0.15874855532172583
2025-03-07,2615,0.048905574,0.14903299774781775
2024-11-28,2880,0.043947004,0.051625271404384554
2024-11-29,2880,0.0543646,0.04414586943388654
2024-12-02,2880,0.059168972,0.0434782972876222
2024-12-03,2880,0.061062165,0.018518547462178736
2024-12-04,2880,0.058601424,0.03148148379697413
2024-12-05,2880,0.059468478,0.029629652495121173
2024-12-06,2880,0.06622358,0.029465913416076406
2024-12-09,2880,0.068477936,0.021778572299210097
2024-12-10,2880,0.058211453,0.034862385107988336
2024-12-11,2880,0.056476258,0.040665411383461914
2024-12-12,2880,0.062405474,0.03308825611341337
2024-12-13,2880,0.05679585,0.04436226696377665
2024-12-16,2880,0.05965563,0.04823744942819008
2024-12-17,2880,0.0715168,0.06779657110677628
2024-12-18,2880,0.06950851,0.07251908335470181
2024-12-19,2880,0.066703804,0.08171205634682344
2024-12-20,2880,0.11726116,0.09001956058305516
2024-12-23,2880,0.10430164,0.06049150069751419
2024-12-24,2880,0.11546621,-0.045368595608303086
2024-12-25,2880,0.10458871,-0.007677538988597465
2024-12-26,2880,0.10361243,-0.04933583671105679
2024-12-27,2880,0.077077724,0.015238127160708048
2024-12-30,2880,0.08448048,0.0037664761725986207
2024-12-31,2880,0.065059416,0.015296399125761084
2025-01-02,2880,0.0716776,0.011363630006047787
2025-01-03,2880,0.061840974,0.013307997374142122
2025-01-06,2880,0.0797511,-0.007421146065875295
2025-01-07,2880,0.064862885,-0.0018726383836221716
2025-01-08,2880,0.06983897,0.0055970315235289725
2025-01-09,2880,0.08216168,-0.007380069778475162
2025-01-10,2880,0.0692256,-0.0055761855071181365
2025-01-13,2880,0.074171014,-0.0167910552050492
2025-01-14,2880,0.08327907,-0.036496330691632495
2025-01-15,2880,0.07978842,-0.03467153340881046
2025-01-16,2880,0.08100256,-0.02545456917016664
2025-01-17,2880,0.07597414,-0.014598532276652865
2025-01-20,2880,0.071910776,-0.014678890842213188
2025-01-21,2880,0.077382594,-0.019891508976817573
2025-01-22,2880,0.076532416,-0.0017857321156916628
2025-02-03,2880,0.06997032,-0.014260241777346638
2025-02-04,2880,0.060828112,0.0
2025-02-05,2880,0.057715915,0.00538601239160541
2025-02-06,2880,0.05579315,0.0017889266594801612
2025-02-07,2880,0.051899776,0.0
2025-02-10,2880,0.051349066,0.0
2025-02-11,2880,0.045404866,0.003623186328378214
2025-02-12,2880,0.04858441,0.005405421434569346
2025-02-13,2880,0.045945898,-0.0017921325855942971
2025-02-14,2880,0.040414564,0.0018083363412495501
2025-02-17,2880,0.045105524,-0.0017921325855942971
2025-02-18,2880,0.042417638,-0.025044709011794564
2025-02-19,2880,0.03954137,-0.023255820098161184
2025-02-20,2880,0.038191378,-0.023297496731780054
2025-02-21,2880,0.040146388,-0.03225808403276942
2025-02-24,2880,0.040024854,-0.025362342523154502
2025-02-25,2880,0.033507526,-0.04363637688921074
2025-02-26,2880,0.038795806,-0.061151082276398316
2025-02-27,2880,0.046057105,-0.05924594690076146
2025-03-03,2880,0.043774784,-0.05000000941961069
2025-03-04,2880,0.044663675,-0.04528988644148835
2025-03-05,2880,0.037921168,-0.043478274165045794
2025-03-06,2880,0.0386618,-0.04520795066661276
2025-03-07,2880,0.042607956,-0.032667858448815146
2024-11-28,2881,0.03656335,0.020247472096919017
2024-11-29,2881,0.038151756,0.019318175474226873
2024-12-02,2881,0.046216555,-0.0011160681399099426
2024-12-03,2881,0.048103042,-0.020902089750627795
2024-12-04,2881,0.04694221,-0.02649007412382587
2024-12-05,2881,0.051139034,-0.014238780037239218
2024-12-06,2881,0.053807974,-0.01739130161019753
2024-12-09,2881,0.05144065,-0.027322396920273828
2024-12-10,2881,0.055272922,-0.022826080336198817
2024-12-11,2881,0.054775618,-0.02838426890758916
2024-12-12,2881,0.052246913,-0.052183162420087914
2024-12-13,2881,0.04822927,-0.041666674601169795
2024-12-16,2881,0.05486855,-0.040554961961570046
2024-12-17,2881,0.05283975,-0.028108109475184162
2024-12-18,2881,0.046276018,-0.04026115605251546
2024-12-19,2881,0.045207616,-0.06160616249008011
2024-12-20,2881,0.037375085,-0.03318584155312998
2024-12-23,2881,0.053504884,-0.04157549159459428
2024-12-24,2881,0.05489052,-0.1405228740324166
2024-12-25,2881,0.0508767,-0.14863388015398638
2024-12-26,2881,0.048520282,-0.21029572969108046
2024-12-27,2881,0.048729368,-0.13616557627130177
2024-12-30,2881,0.043623038,-0.11938663878198941
2024-12-31,2881,0.04478681,-0.10409745442381013
2025-01-02,2881,0.040891238,-0.09040794196841129
2025-01-03,2881,0.03929718,-0.12074643127027296
2025-01-06,2881,0.043970883,-0.133841125320302
2025-01-07,2881,0.042462803,-0.13492927351879647
2025-01-08,2881,0.040104486,-0.13282107562013679
2025-01-09,2881,0.04392027,-0.15148188183369304
2025-01-10,2881,0.049672976,-0.11790878676982297
2025-01-13,2881,0.043029077,-0.12806236726695286
2025-01-14,2881,0.041254334,-0.1255506591715284
2025-01-15,2881,0.03906051,-0.12389379778503673
2025-01-16,2881,0.04379484,-0.1113537124276831
2025-01-17,2881,0.040772706,-0.07362637676081385
2025-01-20,2881,0.037338518,-0.060773474202227895
2025-01-21,2881,0.045387708,-0.125683055053043
2025-01-22,2881,0.044897996,-0.1487069015707867
2025-02-03,2881,0.03461092,-0.14660832144594937
2025-02-04,2881,0.030518264,-0.1351052012932269
2025-02-05,2881,0.04251031,-0.15686274367037767
2025-02-06,2881,0.046048142,-0.16021504881746285
2025-02-07,2881,0.045175187,-0.1440953393562301
2025-02-10,2881,0.05016903,-0.14346894553927825
2025-02-11,2881,0.04969021,-0.1417910428262663
2025-02-12,2881,0.052050166,-0.1231263334132896
2025-02-13,2881,0.056435518,-0.14561027878123312
2025-02-14,2881,0.054109134,-0.1331901090015467
2025-02-17,2881,0.05557417,-0.13297872208046135
2025-02-18,2881,0.05328519,-0.13149522948652748
2025-02-19,2881,0.045061573,-0.11796536915273315
2025-02-20,2881,0.036467932,-0.12065217005667239
2025-02-21,2881,0.045841955,-0.1328293791455829
2025-02-24,2881,0.050986275,-0.13209607026730186
2025-02-25,2881,0.043750167,-0.13195201666657252
2025-02-26,2881,0.046925925,-0.11853449284848894
2025-02-27,2881,0.041303717,-0.09425785483431148
2025-03-03,2881,0.041776083,-0.06142242447801527
2025-03-04,2881,0.04229799,-0.04495614237331014
2025-03-05,2881,0.03749057,-0.04357298974627044
2025-03-06,2881,0.03787384,-0.04324324812565772
2025-03-07,2881,0.038008936,-0.035203526675162355
2024-11-28,2882,0.02279114,0.015082951141853984
2024-11-29,2882,0.025504574,0.003044145646687202
2024-12-02,2882,0.033031285,-0.01627218700727595
2024-12-03,2882,0.04033775,-0.043541365101188
2024-12-04,2882,0.036787435,-0.043478246419618616
2024-12-05,2882,0.03998086,-0.04624276526242799
2024-12-06,2882,0.04342661,-0.03202328513032404
2024-12-09,2882,0.045752145,-0.05635837509495656
2024-12-10,2882,0.04172411,-0.0393585936680948
2024-12-11,2882,0.042149015,-0.04824562278780575
2024-12-12,2882,0.046713255,-0.06609195086701447
2024-12-13,2882,0.038656346,-0.06474821048188484
2024-12-16,2882,0.048924007,-0.06704707422849776
2024-12-17,2882,0.045441873,-0.048104949585272894
2024-12-18,2882,0.03647998,-0.06976744333694307
2024-12-19,2882,0.041626737,-0.0960118159574429
2024-12-20,2882,0.033883758,-0.08469538816581135
2024-12-23,2882,0.037649006,-0.10724636965543011
2024-12-24,2882,0.032011583,-0.1944847694016738
2024-12-25,2882,0.032055423,-0.21251818952116053
2024-12-26,2882,0.029227413,-0.2794759891962586
2024-12-27,2882,0.032734193,-0.21500721746294804
2024-12-30,2882,0.03614071,-0.21676301148135535
2024-12-31,2882,0.032074794,-0.20204978414951913
2025-01-02,2882,0.03551141,-0.17647059295849088
2025-01-03,2882,0.02794858,-0.19174042680506176
2025-01-06,2882,0.03476332,-0.21656976937973782
2025-01-07,2882,0.035578497,-0.22431259431366957
2025-01-08,2882,0.03470683,-0.2136627872833191
2025-01-09,2882,0.029976405,-0.23133236689193704
2025-01-10,2882,0.05348558,-0.1766513129240581
2025-01-13,2882,0.029396452,-0.16666666666666674
2025-01-14,2882,0.026097573,-0.1740457901746194
2025-01-15,2882,0.015701339,-0.1561051007245432
2025-01-16,2882,0.016275913,-0.14961831406923132
2025-01-17,2882,0.009999022,-0.10687022671685142
2025-01-20,2882,0.0013925955,-0.09831028874088599
2025-01-21,2882,0.009268247,-0.16995447424160215
2025-01-22,2882,0.023597114,-0.16317364351757935
2025-02-03,2882,0.019587182,-0.1484848564567719
2025-02-04,2882,0.013603225,-0.1533742309710504
2025-02-05,2882,0.023563273,-0.16992481254863623
2025-02-06,2882,0.023423038,-0.1614349815311098
2025-02-07,2882,0.027040578,-0.1345291512759248
2025-02-10,2882,0.03359785,-0.12759643181341396
2025-02-11,2882,0.040120125,-0.1299270084396218
2025-02-12,2882,0.038092382,-0.08296942634501847
2025-02-13,2882,0.044100896,-0.11935953175415481
2025-02-14,2882,0.04363159,-0.10480349594859706
2025-02-17,2882,0.047221035,-0.07971013426209939
2025-02-18,2882,0.04042355,-0.05202312275552523
2025-02-19,2882,0.043561533,-0.043668123311915386
2025-02-20,2882,0.039951414,-0.08430232207476018
2025-02-21,2882,0.035817526,-0.0972423847008369
2025-02-24,2882,0.035294443,-0.10917030033216768
2025-02-25,2882,0.037719592,-0.12954876317614206
2025-02-26,2882,0.03559865,-0.12716762814226457
2025-02-27,2882,0.03554462,-0.06578948271701546
2025-03-03,2882,0.03492382,-0.05959302187161586
2025-03-04,2882,0.036246426,-0.023633689189238694
2025-03-05,2882,0.023138724,-0.027859240800053975
2025-03-06,2882,0.02489832,-0.014556035805557865
2025-03-07,2882,0.032230586,-0.019316480366554756
2024-11-28,2883,0.0517947,0.08430236846652539
2024-11-29,2883,0.052217864,0.07267445999812439
2024-12-02,2883,0.05849994,0.05698006235288311
2024-12-03,2883,0.06081292,0.025210055468018355
2024-12-04,2883,0.055010147,0.01117318573481385
2024-12-05,2883,0.0586619,0.005555556236561232
2024-12-06,2883,0.05952178,0.019390552934834382
2024-12-09,2883,0.062479794,0.02222222494624515
2024-12-10,2883,0.06311557,0.025000033709783764
2024-12-11,2883,0.057422422,0.030555589946344996
2024-12-12,2883,0.061586738,0.01643835765495405
2024-12-13,2883,0.055501245,0.01381218685583363
2024-12-16,2883,0.05754607,0.016574587655863837
2024-12-17,2883,0.06590272,0.01108033342582937
2024-12-18,2883,0.055913374,-0.01114206230854442
2024-12-19,2883,0.06976665,-0.019999971000830064
2024-12-20,2883,0.05961977,0.011594204010817233
2024-12-23,2883,0.058772393,0.008450673936336361
2024-12-24,2883,0.057570763,-0.09523810406746092
2024-12-25,2883,0.052235372,-0.14447590297283097
2024-12-26,2883,0.050009154,-0.19658118368641386
2024-12-27,2883,0.048952483,-0.11680915925444324
2024-12-30,2883,0.059913494,-0.12138723494836534
2024-12-31,2883,0.061260484,-0.08720931351300654
2025-01-02,2883,0.07066858,-0.038575704181088244
2025-01-03,2883,0.05935476,-0.08959535526438378
2025-01-06,2883,0.059405632,-0.10888253181567764
2025-01-07,2883,0.056703746,-0.10601723364220794
2025-01-08,2883,0.054200657,-0.10315187224643152
2025-01-09,2883,0.05340188,-0.1181556626595811
2025-01-10,2883,0.06669328,-0.07917892566823015
2025-01-13,2883,0.05158142,-0.06906910906385322
2025-01-14,2883,0.05505074,-0.05865103208553035
2025-01-15,2883,0.04753495,-0.06470589075122635
2025-01-16,2883,0.04628881,-0.044247824474207054
2025-01-17,2883,0.046985038,-0.03225809999980589
2025-01-20,2883,0.039378174,-0.026627189771432414
2025-01-21,2883,0.04641241,-0.06725143840777303
2025-01-22,2883,0.05128009,-0.0693641706964826
2025-02-03,2883,0.049833573,-0.06470589075122635
2025-02-04,2883,0.0426135,-0.04166667213903408
2025-02-05,2883,0.05052787,-0.05539362351500676
2025-02-06,2883,0.046131365,-0.05813954234200436
2025-02-07,2883,0.050612405,-0.04913292235810218
2025-02-10,2883,0.059580006,-0.06478876951154167
2025-02-11,2883,0.05155146,-0.05099150619733561
2025-02-12,2883,0.058350943,-0.03107341903658911
2025-02-13,2883,0.06179393,-0.050139280388449725
2025-02-14,2883,0.05953937,-0.03361344849439796
2025-02-17,2883,0.062258705,-0.036111084892390344
2025-02-18,2883,0.058831953,-0.033333337419367726
2025-02-19,2883,0.05899448,-0.019444416182706536
2025-02-20,2883,0.06277444,-0.016574587655863948
2025-02-21,2883,0.06126532,-0.04120876589620037
2025-02-24,2883,0.05803121,-0.04419890041563712
2025-02-25,2883,0.061649747,-0.04419890041563712
2025-02-26,2883,0.06035772,-0.06060606613187691
2025-02-27,2883,0.06249053,-0.04657537691449565
2025-03-03,2883,0.06218721,-0.0355190998227779
2025-03-04,2883,0.060004212,-0.0439560492850104
2025-03-05,2883,0.059845634,-0.0355190998227779
2025-03-06,2883,0.058979012,-0.040871968351569254
2025-03-07,2883,0.06147673,-0.06811992721212035
2024-11-28,2884,0.029899918,0.060439548800000464
2024-11-29,2884,0.020886004,0.0722222199770044
2024-12-02,2884,0.037389174,0.06398535310908304
2024-12-03,2884,0.049751475,0.06474821471074588
2024-12-04,2884,0.032292306,0.07622506866189327
2024-12-05,2884,0.040947508,0.07942239376398952
2024-12-06,2884,0.034630485,0.0889292467722087
2024-12-09,2884,0.03932738,0.08348457637801143
2024-12-10,2884,0.037419062,0.08909093585627992
2024-12-11,2884,0.03566539,0.08727275916031219
2024-12-12,2884,0.034779623,0.0871143698431791
2024-12-13,2884,0.025842167,0.08409506515237264
2024-12-16,2884,0.030008242,0.09689214375353705
2024-12-17,2884,0.034705363,0.0889292467722087
2024-12-18,2884,0.023158677,0.08409506515237264
2024-12-19,2884,0.026591018,0.06481483352496253
2024-12-20,2884,0.03576906,0.08193665539538286
2024-12-23,2884,0.034742184,0.07129798655120823
2024-12-24,2884,0.03421487,-0.04520798600201004
2024-12-25,2884,0.030723013,-0.030797132389988158
2024-12-26,2884,0.0232458,-0.054744530053073115
2024-12-27,2884,0.015336093,0.02018346889874656
2024-12-30,2884,0.012252688,0.01845021302892924
2024-12-31,2884,0.010931015,0.022263428224195803
2025-01-02,2884,0.015088718,0.02777778002299547
2025-01-03,2884,0.004414141,0.03339516258074293
2025-01-06,2884,0.019553766,0.012844040223983777
2025-01-07,2884,0.009411298,0.020295226278864043
2025-01-08,2884,0.020184796,0.009157483169812242
2025-01-09,2884,0.022245854,-0.005484445159039342
2025-01-10,2884,0.021629356,0.016453375373857382
2025-01-13,2884,0.021595761,0.012939005651201763
2025-01-14,2884,0.0319816,0.0
2025-01-15,2884,0.030260593,0.012750459138565873
2025-01-16,2884,0.036453985,0.001801796700614755
2025-01-17,2884,0.030245751,0.025362286180938387
2025-01-20,2884,0.029970057,0.01633397157548311
2025-01-21,2884,0.0354267,0.003603593401229288
2025-01-22,2884,0.036862813,0.028776975593458376
2025-02-03,2884,0.043743923,0.03035713443671728
2025-02-04,2884,0.03692884,0.008741272214870976
2025-02-05,2884,0.036283918,0.04745164998056217
2025-02-06,2884,0.041130997,0.029668442509315884
2025-02-07,2884,0.043046117,0.03327497676617219
2025-02-10,2884,0.04821471,0.034843221604277996
2025-02-11,2884,0.04697869,0.04355403651036349
2025-02-12,2884,0.0512114,0.039723662266495374
2025-02-13,2884,0.051941365,0.030821905010604445
2025-02-14,2884,0.04691817,0.029059821279950437
2025-02-17,2884,0.051873323,0.023769107341097495
2025-02-18,2884,0.049135737,0.01864405168444816
2025-02-19,2884,0.047094963,0.01864405168444816
2025-02-20,2884,0.047283165,0.032423190904971255
2025-02-21,2884,0.048262343,0.01686339542338411
2025-02-24,2884,0.04469374,0.021959433990885957
2025-02-25,2884,0.041785456,0.008460212831348679
2025-02-26,2884,0.049134333,0.010000008001955996
2025-02-27,2884,0.047621414,0.04459689794627608
2025-03-03,2884,0.052292462,0.03565366101164624
2025-03-04,2884,0.044309728,0.042735033488465524
2025-03-05,2884,0.038160145,0.06551724462299591
2025-03-06,2884,0.03315402,0.07056801280202807
2025-03-07,2884,0.03128524,0.0852173764528057
2024-11-28,2885,0.05295614,0.06466166545740148
2024-11-29,2885,0.052849792,0.048120301630315776
2024-12-02,2885,0.05591417,0.032448366031796017
2024-12-03,2885,0.053490125,-0.002873559386961211
2024-12-04,2885,0.0492144,0.0014409202634295681
2024-12-05,2885,0.053155936,0.024390242392031025
2024-12-06,2885,0.055403598,0.017191985139338506
2024-12-09,2885,0.05503416,0.005722453060857946
2024-12-10,2885,0.053107016,0.011444936996484634
2024-12-11,2885,0.050973043,0.010086441844006089
2024-12-12,2885,0.052047893,-0.00142247322893152
2024-12-13,2885,0.04802256,0.00285306327010737
2024-12-16,2885,0.051994115,0.0
2024-12-17,2885,0.051152855,0.01291249583736298
2024-12-18,2885,0.047553778,0.005771998042657822
2024-12-19,2885,0.05360335,-0.04017217486806135
2024-12-20,2885,0.084425904,0.01339287162340419
2024-12-23,2885,0.051874533,0.0
2024-12-24,2885,0.054099612,-0.1079136802346996
2024-12-25,2885,0.05029676,-0.13062407765868755
2024-12-26,2885,0.0507494,-0.20754714735340785
2024-12-27,2885,0.049016707,-0.1391678627555194
2024-12-30,2885,0.047948055,-0.12805756928200773
2024-12-31,2885,0.05029113,-0.09852940737747073
2025-01-02,2885,0.05182869,-0.08827786454955544
2025-01-03,2885,0.048947893,-0.10359713923580449
2025-01-06,2885,0.05348354,-0.14668548911143675
2025-01-07,2885,0.053553917,-0.1550279383493557
2025-01-08,2885,0.054466568,-0.14887641811732288
2025-01-09,2885,0.05604344,-0.1473533515657075
2025-01-10,2885,0.058238663,-0.12499999215789859
2025-01-13,2885,0.056927152,-0.12922171920406045
2025-01-14,2885,0.055913083,-0.12191581625573455
2025-01-15,2885,0.05387543,-0.12209301924357596
2025-01-16,2885,0.056889124,-0.13037250501823117
2025-01-17,2885,0.05503536,-0.09855074848109502
2025-01-20,2885,0.052508526,-0.08467151532305939
2025-01-21,2885,0.051478498,-0.0909090937401894
2025-01-22,2885,0.049207114,-0.08381504125037753
2025-02-03,2885,0.055289052,-0.10285712982017747
2025-02-04,2885,0.04972329,-0.09855074848109502
2025-02-05,2885,0.050857104,-0.08895265965212362
2025-02-06,2885,0.05053904,-0.0943661925594168
2025-02-07,2885,0.04954189,-0.08404556517071571
2025-02-10,2885,0.051997744,-0.06882022386766729
2025-02-11,2885,0.0513288,-0.06145252289112024
2025-02-12,2885,0.054434977,-0.06944444277920814
2025-02-13,2885,0.05695747,-0.09418284825508638
2025-02-14,2885,0.057918742,-0.09340658737988972
2025-02-17,2885,0.056656003,-0.10476188378866547
2025-02-18,2885,0.0537707,-0.1250000072518357
2025-02-19,2885,0.05252569,-0.11517617228721444
2025-02-20,2885,0.05303774,-0.12347352509366338
2025-02-21,2885,0.054275848,-0.14574899646197992
2025-02-24,2885,0.05792048,-0.12894376442113176
2025-02-25,2885,0.054385893,-0.14109588008393126
2025-02-26,2885,0.053321265,-0.14479026702314535
2025-02-27,2885,0.0516292,-0.11186903037371598
2025-03-03,2885,0.052142173,-0.11171662045224695
2025-03-04,2885,0.055884607,-0.11310344560704866
2025-03-05,2885,0.047851413,-0.10482759462392377
2025-03-06,2885,0.047196336,-0.09128630383362302
2025-03-07,2885,0.05058854,-0.07062146565444327
2024-11-28,2886,0.024805732,-0.0025094084899426328
2024-11-29,2886,0.02708456,-0.006289290592102037
2024-12-02,2886,0.030617706,-0.0038022917799711564
2024-12-03,2886,0.029511228,-0.01492536233677677
2024-12-04,2886,0.024141163,-0.013681595060544671
2024-12-05,2886,0.026283883,-0.01736971451244218
2024-12-06,2886,0.025007136,-0.0025031271214923656
2024-12-09,2886,0.021063477,-0.00750938136447743
2024-12-10,2886,0.018419161,0.0037783216824747168
2024-12-11,2886,0.011621445,0.0076142341400591285
2024-12-12,2886,0.0024617314,0.012674262052910112
2024-12-13,2886,-0.0040103495,0.006337144190553312
2024-12-16,2886,-0.0011159927,0.010126574822720613
2024-12-17,2886,0.0026077665,0.0242347162843346
2024-12-18,2886,0.0070946887,0.03732302325027437
2024-12-19,2886,0.0070477687,0.03234154379813314
2024-12-20,2886,0.013738252,0.028497415530592374
2024-12-23,2886,-0.0029159486,0.021992262681843844
2024-12-24,2886,0.0016769245,-0.09079284016550782
2024-12-25,2886,-0.0052264705,-0.01544403082427237
2024-12-26,2886,-0.009875067,-0.049032275530219493
2024-12-27,2886,-0.01540973,-0.02059203218742678
2024-12-30,2886,-0.010028474,-0.0154639063489167
2024-12-31,2886,-0.006998379,-0.023255823939881903
2025-01-02,2886,0.01195864,-0.010498707197575285
2025-01-03,2886,-0.005877573,-0.023437509931727107
2025-01-06,2886,-0.0027486458,-0.03865979264155306
2025-01-07,2886,-0.0030389614,-0.025940318703349896
2025-01-08,2886,-0.0027755946,-0.025839801395598383
2025-01-09,2886,-0.0034429692,-0.023316072144659583
2025-01-10,2886,-0.0006125942,-0.015604670233922868
2025-01-13,2886,-4.241988e-05,-0.02210662967119159
2025-01-14,2886,-0.005393207,-0.03727505074553261
2025-01-15,2886,-0.0017604195,-0.04113110244699458
2025-01-16,2886,-0.0039199106,-0.040920713327062264
2025-01-17,2886,-0.0042968504,-0.027061849495234824
2025-01-20,2886,-0.002870705,-0.028423778851315085
2025-01-21,2886,-0.004629545,-0.02053916436435388
2025-01-22,2886,-0.0004994646,-0.007751932367149772
2025-02-03,2886,-0.00085261464,-0.008939981199819869
2025-02-04,2886,0.0004084371,0.0025839774557165907
2025-02-05,2886,-0.0048473105,0.00645995705850777
2025-02-06,2886,-0.0072705485,0.02179486943896558
2025-02-07,2886,-0.005743351,0.01673101779765651
2025-02-10,2886,-0.0005761236,0.033591733762748266
2025-02-11,2886,0.001188647,0.057142842497736934
2025-02-12,2886,-0.00739222,0.05555555555555558
2025-02-13,2886,-0.008238018,0.06322580005328593
2025-02-14,2886,-0.0069250837,0.0644329966590087
2025-02-17,2886,-0.0047693662,0.05784061531925255
2025-02-18,2886,-0.0068038404,0.02040817516151705
2025-02-19,2886,-0.007999264,0.03831417482214872
2025-02-20,2886,-0.008706588,0.034351160169094896
2025-02-21,2886,-0.0053062215,0.01522844191851025
2025-02-24,2886,-0.0055971406,0.019059719820194276
2025-02-25,2886,-0.00089795515,0.005069704821163867
2025-02-26,2886,0.009176172,-0.021276593532026933
2025-02-27,2886,0.00539995,-0.006305178795216637
2025-03-03,2886,0.015515372,-0.007472000435015946
2025-03-04,2886,0.018978573,0.0
2025-03-05,2886,0.01568918,0.015151504024286444
2025-03-06,2886,0.015854575,0.011349311353232805
2025-03-07,2886,0.014463276,0.013924027233806369
2024-11-28,2887,0.03172776,0.017340990994983763
2024-11-29,2887,0.029515103,0.02923972413018583
2024-12-02,2887,0.045864515,0.005747130628252162
2024-12-03,2887,0.043883644,-0.0028571449289953588
2024-12-04,2887,0.03646014,0.00867046493367818
2024-12-05,2887,0.041713998,0.002865331596636711
2024-12-06,2887,0.038993195,0.008595994789909689
2024-12-09,2887,0.0481575,-0.005665726453176312
2024-12-10,2887,0.047297724,-0.0056497215647151044
2024-12-11,2887,0.04313826,0.005698009818133398
2024-12-12,2887,0.047312282,0.0
2024-12-13,2887,0.03770183,0.014326657983182667
2024-12-16,2887,0.03699243,0.022988522513008425
2024-12-17,2887,0.05744069,0.01714286957397171
2024-12-18,2887,0.05963265,0.0
2024-12-19,2887,0.060931504,-0.005780350707537019
2024-12-20,2887,0.06355681,0.014619831143807493
2024-12-23,2887,0.068053424,-0.011428519286952099
2024-12-24,2887,0.06594009,-0.12359547491139511
2024-12-25,2887,0.05795359,-0.14084505196177255
2024-12-26,2887,0.05464495,-0.19774007552638506
2024-12-27,2887,0.046315007,-0.11363632540002055
2024-12-30,2887,0.05218,-0.1303115885921189
2024-12-31,2887,0.04459741,-0.1005746644417671
2025-01-02,2887,0.05577787,-0.07977207719699997
2025-01-03,2887,0.05255594,-0.09686610665139994
2025-01-06,2887,0.061673954,-0.11830982458295602
2025-01-07,2887,0.056791656,-0.11048154600600191
2025-01-08,2887,0.060488746,-0.11331440923259006
2025-01-09,2887,0.053332306,-0.11714282123074848
2025-01-10,2887,0.05402703,-0.09482753381351505
2025-01-13,2887,0.050741404,-0.08405802769922932
2025-01-14,2887,0.04689022,-0.06916425476617649
2025-01-15,2887,0.0500172,-0.06896550676270308
2025-01-16,2887,0.04875578,-0.06590256612046119
2025-01-17,2887,0.03971178,-0.034682104245222
2025-01-20,2887,0.03853544,-0.04913298101406449
2025-01-21,2887,0.040733576,-0.09195402927571161
2025-01-22,2887,0.043079138,-0.08595988729691684
2025-02-03,2887,0.046346687,-0.0720461012544118
2025-02-04,2887,0.043546572,-0.07471263739095524
2025-02-05,2887,0.037155442,-0.06896550676270308
2025-02-06,2887,0.04458102,-0.06857141786685772
2025-02-07,2887,0.03922105,-0.0630372345238247
2025-02-10,2887,0.043019384,-0.052023156367832946
2025-02-11,2887,0.042547837,-0.040345789883823424
2025-02-12,2887,0.038145497,-0.023054710954411584
2025-02-13,2887,0.040134855,-0.03448272299319022
2025-02-14,2887,0.03636259,-0.028985526792837724
2025-02-17,2887,0.03705141,-0.028901753537684982
2025-02-18,2887,0.03684865,-0.0373562883073163
2025-02-19,2887,0.03677479,-0.020057260574277147
2025-02-20,2887,0.035295814,-0.014367765794307652
2025-02-21,2887,0.03303933,-0.019999954073937842
2025-02-24,2887,0.0311061,-0.017191928977640547
2025-02-25,2887,0.0298073,-0.017191928977640547
2025-02-26,2887,0.03545572,-0.04597698424969443
2025-02-27,2887,0.03787093,-0.04022985362144238
2025-03-03,2887,0.03866855,-0.04285711350590016
2025-03-04,2887,0.032544784,-0.0373562883073163
2025-03-05,2887,0.031459242,-0.022988461736686006
2025-03-06,2887,0.047750287,-0.04249288848335431
2025-03-07,2887,0.04283642,-0.048022573553863857
2024-11-28,2890,0.066302486,-0.04883223871783304
2024-11-29,2890,0.05888258,-0.045161280508660306
2024-12-02,2890,0.065892585,-0.07708331007541813
2024-12-03,2890,0.065434754,-0.09836065213744716
2024-12-04,2890,0.06389187,-0.08659792101313646
2024-12-05,2890,0.06639222,-0.084362155980226
2024-12-06,2890,0.06788167,-0.08793455369393499
2024-12-09,2890,0.06946212,-0.07883815969658714
2024-12-10,2890,0.06631177,-0.06512605486645207
2024-12-11,2890,0.061519735,-0.06553911559554759
2024-12-12,2890,0.067474104,-0.04210528785803158
2024-12-13,2890,0.06388243,-0.04237286211353197
2024-12-16,2890,0.06561747,-0.03218886015317479
2024-12-17,2890,0.06772316,-0.02801723998549477
2024-12-18,2890,0.0625775,-0.04077254699466781
2024-12-19,2890,0.06106939,-0.038876895448183735
2024-12-20,2890,0.07267045,-0.030434791725446497
2024-12-23,2890,0.06690147,-0.0363247811380113
2024-12-24,2890,0.06407388,-0.14164906213438433
2024-12-25,2890,0.06072998,-0.13829786312233172
2024-12-26,2890,0.0632898,-0.19409282528698713
2024-12-27,2890,0.05585421,-0.1101694869072476
2024-12-30,2890,0.068403386,-0.10367170576355489
2024-12-31,2890,0.05738941,-0.08515283566898335
2025-01-02,2890,0.05670718,-0.0767543851402549
2025-01-03,2890,0.055371292,-0.08771930401821548
2025-01-06,2890,0.06268845,-0.09544468647495974
2025-01-07,2890,0.058914073,-0.08913045149665189
2025-01-08,2890,0.060214154,-0.09170303939730307
2025-01-09,2890,0.06004089,-0.10722101364612757
2025-01-10,2890,0.061073825,-0.08388524000410891
2025-01-13,2890,0.060598366,-0.09492277407395289
2025-01-14,2890,0.055764027,-0.08590308058066887
2025-01-15,2890,0.057589628,-0.08771930401821548
2025-01-16,2890,0.05966825,-0.07205238141213721
2025-01-17,2890,0.055792518,-0.06783370059642291
2025-01-20,2890,0.052376777,-0.04635765255669744
2025-01-21,2890,0.055869274,-0.059340667416449944
2025-01-22,2890,0.056616828,-0.028634360193556252
2025-02-03,2890,0.057831697,-0.015384596541103801
2025-02-04,2890,0.054371923,0.008928567156709644
2025-02-05,2890,0.047903225,0.031111120849251828
2025-02-06,2890,0.050164036,0.01982379145804236
2025-02-07,2890,0.044684753,0.024498862491946438
2025-02-10,2890,0.05108463,0.013215876709542496
2025-02-11,2890,0.04441067,0.017777769733226645
2025-02-12,2890,0.04176499,0.03125000897090979
2025-02-13,2890,0.04538963,0.00884955332553572
2025-02-14,2890,0.04410348,0.02227168015496228
2025-02-17,2890,0.0490795,0.008733667371368714
2025-02-18,2890,0.049530566,0.0
2025-02-19,2890,0.052242868,0.026258193065598734
2025-02-20,2890,0.049329534,0.024069998584479002
2025-02-21,2890,0.052376203,0.01739129624404745
2025-02-24,2890,0.053334586,0.008752731021866245
2025-02-25,2890,0.04616116,0.013245003030402103
2025-02-26,2890,0.050146632,-0.002197812965523127
2025-02-27,2890,0.061208986,0.0065933917877902815
2025-03-03,2890,0.052623823,-0.004338415974156629
2025-03-04,2890,0.054196216,0.015283871099688318
2025-03-05,2890,0.048099153,0.013245003030402103
2025-03-06,2890,0.043369718,0.06637167365224084
2025-03-07,2890,0.051621966,0.07589284475445779
2024-11-28,2891,0.052681215,0.059602648636338795
2024-11-29,2891,0.048826687,0.060160427505689285
2024-12-02,2891,0.06328024,0.044041439798382376
2024-12-03,2891,0.05490057,0.025641013151617598
2024-12-04,2891,0.0503939,0.024484535241241057
2024-12-05,2891,0.055460013,0.026888607779190554
2024-12-06,2891,0.05682213,0.030690532804468207
2024-12-09,2891,0.05639021,0.030729856766029684
2024-12-10,2891,0.056013167,0.021739125153900085
2024-12-11,2891,0.05403357,0.021739125153900085
2024-12-12,2891,0.056679077,0.018939384753089206
2024-12-13,2891,0.051452056,0.01641415477298014
2024-12-16,2891,0.05290456,0.013784443718421358
2024-12-17,2891,0.05249867,0.012531322089473829
2024-12-18,2891,0.053290434,0.018891678416905977
2024-12-19,2891,0.054395936,0.0012690509993340537
2024-12-20,2891,0.06267958,0.036363640350809856
2024-12-23,2891,0.05316834,0.027989813273331166
2024-12-24,2891,0.05316472,-0.07496823475343262
2024-12-25,2891,0.051454052,-0.08662421029533351
2024-12-26,2891,0.053458944,-0.1381495526030524
2024-12-27,2891,0.05085039,-0.05196452926472617
2024-12-30,2891,0.051212788,-0.05576680341160278
2024-12-31,2891,0.047182985,-0.05242968494954481
2025-01-02,2891,0.05035446,-0.0245478028776831
2025-01-03,2891,0.04452403,-0.03205129349990621
2025-01-06,2891,0.04939559,-0.05583754754354209
2025-01-07,2891,0.044878915,-0.06250000673058032
2025-01-08,2891,0.046649255,-0.07161126120454342
2025-01-09,2891,0.04756888,-0.08344032067834906
2025-01-10,2891,0.054949507,-0.05966276329498854
2025-01-13,2891,0.04834585,-0.0509138244505416
2025-01-14,2891,0.051010966,-0.04890604645876384
2025-01-15,2891,0.050049327,-0.01935482922136622
2025-01-16,2891,0.053091593,-0.002557548898901918
2025-01-17,2891,0.04898946,0.006402072636152667
2025-01-20,2891,0.043680586,0.04005170421426163
2025-01-21,2891,0.046374053,0.007692320181716061
2025-01-22,2891,0.046440966,0.023017886107763008
2025-02-03,2891,0.05076102,0.015384613303047523
2025-02-04,2891,0.04654699,0.021879016494994685
2025-02-05,2891,0.046619684,0.01395940027871534
2025-02-06,2891,0.04626265,0.012626256502059396
2025-02-07,2891,0.047366492,0.01132075992675552
2025-02-10,2891,0.050371163,0.011207975087629052
2025-02-11,2891,0.047500975,0.027465659723616476
2025-02-12,2891,0.052444234,0.04347823920956562
2025-02-13,2891,0.050331548,0.024691345799881415
2025-02-14,2891,0.049542315,0.045056314350072624
2025-02-17,2891,0.051907025,0.05781058104366954
2025-02-18,2891,0.04718785,0.06319703778720154
2025-02-19,2891,0.0489512,0.0700000089705175
2025-02-20,2891,0.051635884,0.02860697235767984
2025-02-21,2891,0.050421454,0.012406941847556752
2025-02-24,2891,0.050433762,0.017326734613068107
2025-02-25,2891,0.05162219,0.004920057183884552
2025-02-26,2891,0.05060941,0.018270418921175757
2025-02-27,2891,0.049932435,0.05521472265529903
2025-03-03,2891,0.048454776,0.0353227962027991
2025-03-04,2891,0.049944386,0.004878056690941657
2025-03-05,2891,0.04713781,0.02846535345327572
2025-03-06,2891,0.0473912,0.030674831531676272
2025-03-07,2891,0.05655674,0.06117353999213049
2024-11-28,2892,0.04616916,0.003642964647836644
2024-11-29,2892,0.04206086,0.009191197416530628
2024-12-02,2892,0.042633384,0.007326000655288212
2024-12-03,2892,0.046321757,0.0
2024-12-04,2892,0.0436657,-0.008976643089246505
2024-12-05,2892,0.048352532,-0.01607144233351232
2024-12-06,2892,0.04825128,-0.00892859166692983
2024-12-09,2892,0.050772473,-0.019572945832790567
2024-12-10,2892,0.051741257,-0.014234862852242625
2024-12-11,2892,0.045887128,-0.007220210127044213
2024-12-12,2892,0.045130193,-0.01610019249913397
2024-12-13,2892,0.042704225,-0.009008991495050966
2024-12-16,2892,0.04750877,-0.012544801168742126
2024-12-17,2892,0.042429917,0.0
2024-12-18,2892,0.035303652,0.001824844852091445
2024-12-19,2892,0.032449104,-0.007339481592874897
2024-12-20,2892,0.04232624,0.009259280299008799
2024-12-23,2892,0.027332477,-0.012750453337848522
2024-12-24,2892,0.021977596,-0.11272726699246904
2024-12-25,2892,0.015102446,-0.055045879038337464
2024-12-26,2892,0.014203832,-0.11111111539280116
2024-12-27,2892,0.005726211,-0.03846153250047035
2024-12-30,2892,0.006106429,-0.053211028049137465
2024-12-31,2892,0.0023164228,-0.06457567434697475
2025-01-02,2892,0.0074690506,-0.06410255416745059
2025-01-03,2892,0.006395556,-0.07678243869566215
2025-01-06,2892,0.020466954,-0.09549547756944432
2025-01-07,2892,0.010839105,-0.09074407821990305
2025-01-08,2892,0.019418538,-0.09927797516855363
2025-01-09,2892,0.020915471,-0.10688408421584195
2025-01-10,2892,0.019984521,-0.09636365503671673
2025-01-13,2892,0.021692932,-0.0932358349916359
2025-01-14,2892,0.020340554,-0.09601450983359028
2025-01-15,2892,0.020725176,-0.09601450983359028
2025-01-16,2892,0.02487906,-0.09515258386568226
2025-01-17,2892,0.018913567,-0.0813743148934829
2025-01-20,2892,0.016770333,-0.0851449354513385
2025-01-21,2892,0.02202402,-0.10053858491192735
2025-01-22,2892,0.023770183,-0.08468465728049146
2025-02-03,2892,0.02945944,-0.08765655314526255
2025-02-04,2892,0.019949399,-0.07956600783660939
2025-02-05,2892,0.022469625,-0.06654676840693297
2025-02-06,2892,0.023250334,-0.06071428733335438
2025-02-07,2892,0.020811811,-0.048736466091823916
2025-02-10,2892,0.022026472,-0.043321298949685616
2025-02-11,2892,0.01599145,-0.04339963716028916
2025-02-12,2892,0.018371128,-0.04136691626107536
2025-02-13,2892,0.018837094,-0.030520647274226875
2025-02-14,2892,0.019075789,-0.025134646227981894
2025-02-17,2892,0.022353515,-0.012589926072928859
2025-02-18,2892,0.021141283,-0.025044718656974774
2025-02-19,2892,0.020339176,-0.016274878281286487
2025-02-20,2892,0.02154933,0.0
2025-02-21,2892,0.010602199,-0.014466532967937984
2025-02-24,2892,0.0082286,-0.025362353000513815
2025-02-25,2892,0.0059235916,-0.016363650420899156
2025-02-26,2892,0.014843859,-0.04129264936671706
2025-02-27,2892,0.011544995,-0.036166370676320114
2025-03-03,2892,0.018382147,-0.035971228222669405
2025-03-04,2892,0.01723183,-0.0180505444113207
2025-03-05,2892,0.013246983,-0.003623204236010369
2025-03-06,2892,0.009772576,-0.0018050429849060246
2025-03-07,2892,0.007382229,0.010889301672896368
2024-11-28,2912,0.029038958,-0.03505534788159459
2024-11-29,2912,0.0147996545,-0.03881700558774237
2024-12-02,2912,0.014553823,-0.042279414438000984
2024-12-03,2912,0.015270289,-0.05282331466489365
2024-12-04,2912,0.014762402,-0.0495412849196345
2024-12-05,2912,0.013604019,-0.040665433878381396
2024-12-06,2912,0.016797531,-0.05147058817930883
2024-12-09,2912,0.018484596,-0.0481481492702982
2024-12-10,2912,0.015239187,-0.04436229045965967
2024-12-11,2912,0.018244289,-0.035250464919695634
2024-12-12,2912,0.020237405,-0.03917910441273442
2024-12-13,2912,0.030695118,-0.041044779363279105
2024-12-16,2912,0.043512613,-0.03932584274020545
2024-12-17,2912,0.08003785,-0.028355390831721117
2024-12-18,2912,0.065403074,-0.03925233651371851
2024-12-19,2912,0.0595788,-0.054613935382267664
2024-12-20,2912,0.07351294,-0.03625954309348911
2024-12-23,2912,0.06392722,-0.04690431300271125
2024-12-24,2912,0.05554893,-0.11940298818874795
2024-12-25,2912,0.049787264,-0.05925925710018598
2024-12-26,2912,0.04343117,-0.07649253773874098
2024-12-27,2912,0.036945947,-0.048964219542805165
2024-12-30,2912,0.031894322,-0.03409090690686778
2024-12-31,2912,0.037477095,-0.047528514887128726
2025-01-02,2912,0.059497166,-0.04562737476411649
2025-01-03,2912,0.058132164,-0.02656546492546341
2025-01-06,2912,0.056680445,-0.04331449980314339
2025-01-07,2912,0.05094895,-0.022900764475077495
2025-01-08,2912,0.08218849,-0.023032626758451524
2025-01-09,2912,0.08181016,-0.023076920258394362
2025-01-10,2912,0.09903433,-0.007707126818590093
2025-01-13,2912,0.07952783,-0.003846152712615014
2025-01-14,2912,0.07728698,-0.0019379839205335703
2025-01-15,2912,0.07409576,0.0
2025-01-16,2912,0.07158246,0.0019305013593475806
2025-01-17,2912,0.065746546,0.0038461566953189585
2025-01-20,2912,0.06733929,0.005780349104320015
2025-01-21,2912,0.059527665,-0.00574712869412064
2025-01-22,2912,0.064213455,0.005769233051626355
2025-02-03,2912,0.08671751,0.005813951761600489
2025-02-04,2912,0.10012095,0.019531252322676718
2025-02-05,2912,0.08215145,0.01547388723319898
2025-02-06,2912,0.081289195,0.0019120453212440047
2025-02-07,2912,0.076961085,0.0
2025-02-10,2912,0.0814238,-0.015238094674556169
2025-02-11,2912,0.07965152,-0.009633912513615117
2025-02-12,2912,0.06818338,-0.0019157122096697954
2025-02-13,2912,0.06984301,-0.009505704552335237
2025-02-14,2912,0.070482105,-0.007561438338114623
2025-02-17,2912,0.070612185,-0.009469694183930066
2025-02-18,2912,0.06922292,-0.015094339047566852
2025-02-19,2912,0.07044575,-0.018796990812830816
2025-02-20,2912,0.06085395,-0.0170132352820217
2025-02-21,2912,0.062858455,-0.0317164200658232
2025-02-24,2912,0.06030795,-0.02808988711753413
2025-02-25,2912,0.06486493,-0.035849057680195306
2025-02-26,2912,0.065380484,-0.04331449980314339
2025-02-27,2912,0.06771048,-0.036190477317554204
2025-03-03,2912,0.07232835,-0.04528302105025894
2025-03-04,2912,0.06636367,-0.02471482947370729
2025-03-05,2912,0.06553587,-0.01912046113215693
2025-03-06,2912,0.06936735,-0.024809160855950307
2025-03-07,2912,0.06716021,-0.013358778618411615
2024-11-28,3008,0.06870158,0.08588957074590997
2024-11-29,3008,0.059078354,0.07802874721828235
2024-12-02,3008,0.068784915,0.05588822368607005
2024-12-03,3008,0.061330497,-0.013972055710374742
2024-12-04,3008,0.06351994,-0.0236686389273274
2024-12-05,3008,0.06222225,-0.015968063789652653
2024-12-06,3008,0.05827032,0.008048289696461763
2024-12-09,3008,0.08585661,0.03483606550092233
2024-12-10,3008,0.06462894,0.04632202260476781
2024-12-11,3008,0.062860556,0.01505049533791869
2024-12-12,3008,0.07235621,-0.017143818312356007
2024-12-13,3008,0.07283229,0.0011448034374963445
2024-12-16,3008,0.062438235,0.013151123202823856
2024-12-17,3008,0.060979135,0.0010131715867269797
2024-12-18,3008,0.0685219,-0.05007343545657805
2024-12-19,3008,0.07228602,-0.05494963937856823
2024-12-20,3008,0.06356027,0.00499334301127452
2024-12-23,3008,0.06465085,-0.01682658885580912
2024-12-24,3008,0.06026952,-0.11514392972132825
2024-12-25,3008,0.061661575,-0.212691343894317
2024-12-26,3008,0.06928799,-0.3114223221474459
2024-12-27,3008,0.06829636,-0.23252279638485818
2024-12-30,3008,0.064802386,-0.214180574072093
2024-12-31,3008,0.06220513,-0.18135764962024714
2025-01-02,3008,0.062362716,-0.15636093651766458
2025-01-03,3008,0.06695515,-0.14097973857252977
2025-01-06,3008,0.06533677,-0.17333923058261058
2025-01-07,3008,0.063824296,-0.17252614187481863
2025-01-08,3008,0.07087716,-0.17077175702856695
2025-01-09,3008,0.074905865,-0.173865257763813
2025-01-10,3008,0.081078395,-0.18879985269349198
2025-01-13,3008,0.124397494,-0.17519085228770526
2025-01-14,3008,0.076962054,-0.14404171507814367
2025-01-15,3008,0.07974303,-0.1639558249107833
2025-01-16,3008,0.07863314,-0.1769085061413599
2025-01-17,3008,0.06887448,-0.1528700950013958
2025-01-20,3008,0.0685292,-0.17912904051004253
2025-01-21,3008,0.06924363,-0.20985469336751017
2025-01-22,3008,0.06315361,-0.2148475635049848
2025-02-03,3008,0.06603484,-0.24065859716549254
2025-02-04,3008,0.08290724,-0.21270206367633604
2025-02-05,3008,0.067545116,-0.20976249974762784
2025-02-06,3008,0.061727993,-0.19701673359630967
2025-02-07,3008,0.061013937,-0.1872155551279302
2025-02-10,3008,0.07184791,-0.14065167624435182
2025-02-11,3008,0.066383235,-0.14253621193354826
2025-02-12,3008,0.07028395,-0.13617284433845622
2025-02-13,3008,0.060999915,-0.1639558249107833
2025-02-14,3008,0.06668383,-0.14916384903034507
2025-02-17,3008,0.06455545,-0.15254802382411137
2025-02-18,3008,0.0589438,-0.15384342684797214
2025-02-19,3008,0.05419872,-0.12962609880364828
2025-02-20,3008,0.054662522,-0.1565165997896022
2025-02-21,3008,0.05049426,-0.1619017982444657
2025-02-24,3008,0.04734835,-0.15377134104377177
2025-02-25,3008,0.045014966,-0.13384047459662896
2025-02-26,3008,0.04391883,-0.15989234396849383
2025-02-27,3008,0.049050935,-0.14724755177411808
2025-03-03,3008,0.049205117,-0.12557538995153505
2025-03-04,3008,0.04982514,-0.12396206033587087
2025-03-05,3008,0.048050754,-0.136995882853311
2025-03-06,3008,0.045315765,-0.12954012378600555
2025-03-07,3008,0.045270465,-0.11692746450842728
2024-11-28,3017,-0.011811219,-0.1187500002659787
2024-11-29,3017,-0.05007387,-0.1290824269619516
2024-12-02,3017,0.05055938,-0.17994100256363132
2024-12-03,3017,0.04930526,-0.18794835020255118
2024-12-04,3017,0.032406636,-0.19327731156547823
2024-12-05,3017,-0.0032348111,-0.2153846145164081
2024-12-06,3017,0.0050982237,-0.20675105478048406
2024-12-09,3017,0.0009852573,-0.24717514198752932
2024-12-10,3017,-0.16573447,-0.19208211018773702
2024-12-11,3017,0.0009915829,-0.23571428659951388
2024-12-12,3017,-0.0051391944,-0.24963924909732849
2024-12-13,3017,-0.012379192,-0.2332361506731957
2024-12-16,3017,0.011108216,-0.16483516393025488
2024-12-17,3017,-0.003369853,-0.18586789570955142
2024-12-18,3017,-0.02208376,-0.19999999935952484
2024-12-19,3017,-0.051031508,-0.28278041020374367
2024-12-20,3017,-0.04574196,-0.2768138798275407
2024-12-23,3017,-0.04698556,-0.26729559768877154
2024-12-24,3017,-0.044337653,-0.3383280755215592
2024-12-25,3017,-0.047042064,-0.4056603776128622
2024-12-26,3017,-0.042889737,-0.46962616895119
2024-12-27,3017,-0.049468197,-0.4111635218093306
2024-12-30,3017,-0.0579634,-0.34370015871086823
2024-12-31,3017,-0.04627972,-0.32263242278919024
2025-01-02,3017,-0.05502402,-0.2926829269892919
2025-01-03,3017,-0.030116342,-0.33413461524083254
2025-01-06,3017,-0.033449113,-0.3325358853098742
2025-01-07,3017,-0.022726573,-0.3453689164096697
2025-01-08,3017,-0.021020055,-0.34471544675974675
2025-01-09,3017,0.03759849,-0.3057491287713693
2025-01-10,3017,0.07907886,-0.22040072728882576
2025-01-13,3017,0.119261056,-0.1453488384368219
2025-01-14,3017,0.03463677,-0.09423076910392969
2025-01-15,3017,0.12748991,-0.04282868432628695
2025-01-16,3017,0.021413982,-0.09487665934271983
2025-01-17,3017,0.003115259,-0.12452830236800394
2025-01-20,3017,0.020786472,-0.10265486785071565
2025-01-21,3017,0.03577313,-0.09057971097919493
2025-01-22,3017,0.03594739,-0.11398963775705306
2025-02-03,3017,-0.021711148,-0.009578544916475362
2025-02-04,3017,0.12605765,0.035433070443979586
2025-02-05,3017,0.05848599,0.005703421028718347
2025-02-06,3017,0.008670598,0.011214953154725427
2025-02-07,3017,0.017243363,0.02550091232653262
2025-02-10,3017,0.012275688,0.1319702596758836
2025-02-11,3017,-0.024332903,0.11009174384944331
2025-02-12,3017,-0.015171684,0.0867992756435243
2025-02-13,3017,-0.020744525,0.07014388503566371
2025-02-14,3017,-0.022741862,0.06785714392507791
2025-02-17,3017,-0.017676853,0.10142348734966089
2025-02-18,3017,0.021606587,0.06217616509899715
2025-02-19,3017,-0.00048518926,0.06914893632243069
2025-02-20,3017,-0.020554952,0.07104795654378004
2025-02-21,3017,-0.027137414,0.07042253623682515
2025-02-24,3017,-0.035851337,0.13284132879100996
2025-02-25,3017,-0.009347133,0.1742424241555829
2025-02-26,3017,0.020069934,0.14571949034659326
2025-02-27,3017,-0.02991832,0.22718808334642615
2025-03-03,3017,0.009692676,0.3121387288742097
2025-03-04,3017,-0.00029758364,0.26591760187131963
2025-03-05,3017,0.04276961,0.203180212514799
2025-03-06,3017,0.0067274943,0.18402777759535094
2025-03-07,3017,-0.0031780228,0.25402504354765765
2024-11-28,3034,-0.010393135,0.12215320910068339
2024-11-29,3034,-0.011254959,0.10330578475455265
2024-12-02,3034,-0.01323878,0.1228070156713752
2024-12-03,3034,-0.011923112,0.13451511872547228
2024-12-04,3034,-0.009500042,0.11363636388414156
2024-12-05,3034,-0.008920535,0.10769230772561222
2024-12-06,3034,-0.008369163,0.11566018378858445
2024-12-09,3034,-0.009562824,0.10769230772561222
2024-12-10,3034,-0.007937923,0.1279426806658701
2024-12-11,3034,-0.012312733,0.14226804250679193
2024-12-12,3034,-0.016117584,0.15352697046376496
2024-12-13,3034,-0.008944042,0.1466666681964528
2024-12-16,3034,-0.014702611,0.16736401560016168
2024-12-17,3034,-0.012879252,0.16874999990381045
2024-12-18,3034,-0.0039142296,0.1382113823230886
2024-12-19,3034,-0.017584935,0.1237113412156472
2024-12-20,3034,-0.00742941,0.1346351487828592
2024-12-23,3034,0.0025504604,0.06199999817637947
2024-12-24,3034,-0.010775574,-0.03336703643184735
2024-12-25,3034,-0.00023458153,-0.04809619231271878
2024-12-26,3034,0.0046178177,-0.08846918562060557
2024-12-27,3034,0.0019128472,0.003984063560757756
2024-12-30,3034,0.0033539906,0.01999999907130423
2024-12-31,3034,0.006003678,0.0019920307292473627
2025-01-02,3034,0.0071980655,-0.0099009886092698
2025-01-03,3034,0.00010980666,-0.00707785556610474
2025-01-06,3034,0.0016562492,-0.010080643647024545
2025-01-07,3034,0.0052503943,-0.007952285923588098
2025-01-08,3034,0.0034063384,-0.023715416017244917
2025-01-09,3034,-0.0003341362,-0.03042596315884638
2025-01-10,3034,-0.008959655,0.0010245906580470532
2025-01-13,3034,-0.011621665,-0.0041322312157463514
2025-01-14,3034,0.004890576,-0.0019841279396859424
2025-01-15,3034,0.0016891062,0.011834321078537657
2025-01-16,3034,0.0036792606,0.005940594837381186
2025-01-17,3034,0.011346094,0.02569169946872285
2025-01-20,3034,0.006804511,0.029999999662292387
2025-01-21,3034,0.026652433,0.0038610036879489495
2025-01-22,3034,0.02166976,-0.0038167957303281153
2025-02-03,3034,0.02618637,-0.028089887351778642
2025-02-04,3034,0.022126652,-0.05565862844214464
2025-02-05,3034,0.022933498,-0.050092765010544715
2025-02-06,3034,0.028161757,-0.04021937853360058
2025-02-07,3034,0.023802988,-0.011029411272584722
2025-02-10,3034,0.031156138,0.0018587369564151413
2025-02-11,3034,0.029274821,-0.014869887804957682
2025-02-12,3034,0.032785214,-0.043956045782693076
2025-02-13,3034,0.029687643,-0.06363636358403302
2025-02-14,3034,0.023199633,-0.04770642178384932
2025-02-17,3034,0.026276045,-0.034990791270501975
2025-02-18,3034,0.026308022,-0.04419889495246021
2025-02-19,3034,0.023026355,-0.04981549689761977
2025-02-20,3034,0.022550367,-0.0296296282977927
2025-02-21,3034,0.026825167,-0.058715595594799885
2025-02-24,3034,0.025846213,-0.06340579705988758
2025-02-25,3034,0.02477678,-0.06521739213558286
2025-02-26,3034,0.024424993,-0.10454545500770918
2025-02-27,3034,0.024604715,-0.0917431189640483
2025-03-03,3034,0.026038088,-0.0941499076999689
2025-03-04,3034,0.0260951,-0.08240740614614328
2025-03-05,3034,0.026025817,-0.0862385330267712
2025-03-06,3034,0.022864692,-0.08639705787851415
2025-03-07,3034,0.025303409,-0.06985293999965914
2024-11-28,3037,0.02969376,-0.2312925142558495
2024-11-29,3037,0.020976521,-0.2651006708870294
2024-12-02,3037,0.017706446,-0.24579124806861286
2024-12-03,3037,0.02094423,-0.2785234879246876
2024-12-04,3037,0.019832194,-0.2933333294158623
2024-12-05,3037,0.031352125,-0.29967426714447565
2024-12-06,3037,0.021705136,-0.2871287146128102
2024-12-09,3037,0.020139031,-0.29629629195070806
2024-12-10,3037,0.014842056,-0.2601351355328624
2024-12-11,3037,0.014893234,-0.25675675759900274
2024-12-12,3037,0.018894807,-0.2755102024452898
2024-12-13,3037,0.021581978,-0.25088338848934844
2024-12-16,3037,0.012178369,-0.22181818187239255
2024-12-17,3037,0.013331667,-0.26148409382102533
2024-12-18,3037,0.009745598,-0.3076923087949648
2024-12-19,3037,0.0046435893,-0.3462897509609383
2024-12-20,3037,0.004019417,-0.32340425225691694
2024-12-23,3037,0.023120113,-0.33745704459123704
2024-12-24,3037,0.022817805,-0.40343642706573746
2024-12-25,3037,0.014134765,-0.46068965833126285
2024-12-26,3037,0.01556997,-0.5161511998830788
2024-12-27,3037,0.0132134035,-0.46620690038329105
2024-12-30,3037,0.0055760667,-0.44664310780532757
2024-12-31,3037,0.0028281957,-0.39929078023463893
2025-01-02,3037,0.025877133,-0.395918369282092
2025-01-03,3037,0.023862347,-0.4301003346407607
2025-01-06,3037,0.024139568,-0.4409240949902673
2025-01-07,3037,0.028420493,-0.44675324851647524
2025-01-08,3037,0.02445545,-0.4692810445081925
2025-01-09,3037,0.016928628,-0.4432989731388747
2025-01-10,3037,0.010603666,-0.38758620997740445
2025-01-13,3037,0.006361887,-0.38214285803181813
2025-01-14,3037,-0.0019265562,-0.34092526298912373
2025-01-15,3037,-0.008716196,-0.31191335877388926
2025-01-16,3037,0.009409815,-0.3239436631917315
2025-01-17,3037,0.0034500062,-0.33873238933410743
2025-01-20,3037,0.0029612035,-0.32907801183359275
2025-01-21,3037,0.0044062063,-0.33691756225000824
2025-01-22,3037,0.0060591996,-0.33597122119676825
2025-02-03,3037,0.0015135035,-0.2814229240685555
2025-02-04,3037,0.012921959,-0.23786008056881625
2025-02-05,3037,0.00040142983,-0.23658536264252783
2025-02-06,3037,-0.008171849,-0.1821862355233922
2025-02-07,3037,-0.006336421,-0.2015999965103532
2025-02-10,3037,-0.00902503,-0.17004048814828843
2025-02-11,3037,-0.002724871,-0.1887550199150143
2025-02-12,3037,8.548796e-05,-0.16393442939709146
2025-02-13,3037,0.020913184,-0.2265625011885667
2025-02-14,3037,0.007108137,-0.20553359450017517
2025-02-17,3037,0.01498498,-0.180000000983923
2025-02-18,3037,0.01843334,-0.20312500437892966
2025-02-19,3037,0.027554505,-0.18461538352375406
2025-02-20,3037,0.017931573,-0.1843137259000064
2025-02-21,3037,0.030151002,-0.15969581971313696
2025-02-24,3037,0.019339755,-0.16091954230617467
2025-02-25,3037,0.021385431,-0.18146718079491253
2025-02-26,3037,0.028136663,-0.19521912249734097
2025-02-27,3037,0.040130988,-0.13559322004455043
2025-03-03,3037,0.026783876,-0.09649123303862295
2025-03-04,3037,0.024542235,-0.09251101874532186
2025-03-05,3037,0.017223753,-0.11206896833546609
2025-03-06,3037,0.0041810125,-0.11894273322676818
2025-03-07,3037,-0.0002740547,-0.04464285142343882
2024-11-28,3045,0.0073713474,0.030973452391606537
2024-11-29,3045,0.0067648515,0.030973452391606537
2024-12-02,3045,0.0067371503,0.026315783451113184
2024-12-03,3045,0.010828119,0.03999999574833257
2024-12-04,3045,0.011971857,0.03539822855608632
2024-12-05,3045,0.0041025653,0.03571428398106802
2024-12-06,3045,0.008188244,0.030837005544489537
2024-12-09,3045,0.009056076,0.017467248120577095
2024-12-10,3045,0.0072722845,0.03070174577034268
2024-12-11,3045,0.005036179,0.03947367994453854
2024-12-12,3045,0.006483171,0.03947367994453854
2024-12-13,3045,0.010789029,0.021834057777197158
2024-12-16,3045,0.012773499,0.008547012835269152
2024-12-17,3045,0.0070523694,0.01724137850247187
2024-12-18,3045,0.008398529,0.012931026848357785
2024-12-19,3045,0.016031884,0.004310342282785928
2024-12-20,3045,0.018663548,0.026548676227126755
2024-12-23,3045,0.02208427,0.004329011214764034
2024-12-24,3045,0.012211319,-0.013100438463957031
2024-12-25,3045,0.01405238,-0.021645018426234564
2024-12-26,3045,0.010903187,0.004366809656620063
2024-12-27,3045,0.0065660737,0.039301305897774474
2024-12-30,3045,0.0018252693,0.030837005544489537
2024-12-31,3045,0.0035967268,0.0132158608873163
2025-01-02,3045,0.011071552,0.017777776961801273
2025-01-03,3045,0.011280369,0.05357142597160225
2025-01-06,3045,0.00608192,0.0132743381135636
2025-01-07,3045,0.005578477,0.017937218987702952
2025-01-08,3045,0.0110428855,0.022522519081577208
2025-01-09,3045,0.005715929,0.00892856614225801
2025-01-10,3045,0.0068724044,0.03153153259028407
2025-01-13,3045,0.009381544,0.022421531046785903
2025-01-14,3045,0.0064031444,0.00444444182473025
2025-01-15,3045,0.0064968206,0.013513515366330164
2025-01-16,3045,0.007034056,0.018018017223953686
2025-01-17,3045,0.0062393285,0.013392849213386793
2025-01-20,3045,0.0070185885,0.027149315079408876
2025-01-21,3045,0.006358281,0.03153153259028407
2025-01-22,3045,0.0037329495,0.045454548598974576
2025-02-03,3045,0.009420965,0.035874437975406126
2025-02-04,3045,0.009210974,0.0088888836494605
2025-02-05,3045,0.008407131,0.013392849213386793
2025-02-06,3045,0.009277336,0.017777776961801273
2025-02-07,3045,0.0066793263,0.013392849213386793
2025-02-10,3045,0.0063123107,0.013452916678162952
2025-02-11,3045,0.0067396536,0.03153153259028407
2025-02-12,3045,0.011406083,0.013333335137071023
2025-02-13,3045,0.010514285,0.01785714199053401
2025-02-14,3045,0.018672224,0.022222218786531522
2025-02-17,3045,0.014436688,0.031249991203921024
2025-02-18,3045,0.014366098,0.035555553923602545
2025-02-19,3045,0.011836875,0.04464285012332603
2025-02-20,3045,0.009082098,0.04464285012332603
2025-02-21,3045,0.011928715,0.022026438004775217
2025-02-24,3045,0.009169422,0.022026438004775217
2025-02-25,3045,0.007651631,0.0044052933476019795
2025-02-26,3045,0.009567913,0.0
2025-02-27,3045,0.006238669,-0.017467248120577206
2025-03-03,3045,0.0072907656,-0.034334762426686316
2025-03-04,3045,0.0034678504,-0.00869564707761128
2025-03-05,3045,0.0010934621,-0.004347823538805584
2025-03-06,3045,0.0073001795,-0.017167381213343047
2025-03-07,3045,0.0066623837,-0.012820514607287947
2024-11-28,3231,0.03682039,-0.06607929357295861
2024-11-29,3231,0.038612716,-0.07929515984414826
2024-12-02,3231,0.04150922,-0.08333334117026547
2024-12-03,3231,0.04729808,-0.0956521705893546
2024-12-04,3231,0.052499026,-0.09913793888236422
2024-12-05,3231,0.051977776,-0.09401709072774644
2024-12-06,3231,0.05894596,-0.09663865451584253
2024-12-09,3231,0.06378378,-0.13080168757284405
2024-12-10,3231,0.04955841,-0.098712445641008
2024-12-11,3231,0.033142038,-0.0745614065610507
2024-12-12,3231,0.03775301,-0.08810572791252724
2024-12-13,3231,0.040619165,-0.07174887978611455
2024-12-16,3231,0.028769538,-0.009389666493618498
2024-12-17,3231,0.018814452,-0.036866360084490735
2024-12-18,3231,0.033436634,-0.06944445257888976
2024-12-19,3231,0.031231575,-0.10516431506150103
2024-12-20,3231,0.034784913,-0.04245283314657011
2024-12-23,3231,0.034926787,-0.06481482042160769
2024-12-24,3231,0.047948427,-0.15441860358428883
2024-12-25,3231,0.043528333,-0.2416666735326901
2024-12-26,3231,0.04679074,-0.29528302033732845
2024-12-27,3231,0.037526317,-0.22910798324342851
2024-12-30,3231,0.04591147,-0.13173077728930338
2024-12-31,3231,0.03678172,-0.06442307913347434
2025-01-02,3231,0.041989498,-0.0048543716099958
2025-01-03,3231,0.034378678,-0.05497630503207418
2025-01-06,3231,0.042924732,-0.05633802916149522
2025-01-07,3231,0.045295708,-0.02325581673663779
2025-01-08,3231,0.053450935,-0.041860468131357575
2025-01-09,3231,0.05262474,-0.05454545193400728
2025-01-10,3231,0.041444026,-0.0048543716099958
2025-01-13,3231,0.050671205,-0.01941747603132027
2025-01-14,3231,0.04083506,-0.019138756324472705
2025-01-15,3231,0.044067003,0.00985221159760541
2025-01-16,3231,0.031074181,-0.004784681386675649
2025-01-17,3231,0.04558797,-0.0333333312912526
2025-01-20,3231,0.04514046,-0.06222221849504683
2025-01-21,3231,0.061158277,-0.07174887978611455
2025-01-22,3231,0.062302403,-0.009090914052658605
2025-02-03,3231,0.004607536,0.06499999265616752
2025-02-04,3231,0.03847163,0.08080808212071311
2025-02-05,3231,0.06174098,0.049019603103013676
2025-02-06,3231,0.043155976,0.04830917419027747
2025-02-07,3231,0.046795793,0.03827751264894541
2025-02-10,3231,0.05111874,0.10096153177087364
2025-02-11,3231,0.045921907,0.03240740524741326
2025-02-12,3231,0.05767498,0.023041477523065623
2025-02-13,3231,0.06012114,-0.026785719328240365
2025-02-14,3231,0.061792813,-0.017937219946528637
2025-02-17,3231,0.052126862,0.0
2025-02-18,3231,0.060327657,-0.025862073825626553
2025-02-19,3231,0.062677406,-0.025862073825626553
2025-02-20,3231,0.057185672,-0.004291838660797964
2025-02-21,3231,0.058160312,-0.02127659826839301
2025-02-24,3231,0.047840767,0.004347828478391325
2025-02-25,3231,0.029232457,0.04017856463398117
2025-02-26,3231,0.044844784,0.0
2025-02-27,3231,0.047485016,0.011088449866019534
2025-03-03,3231,0.020484798,0.10182882218423939
2025-03-04,3231,0.017619587,0.09612771119551922
2025-03-05,3231,0.028320543,0.029493153264252836
2025-03-06,3231,0.020983823,0.09699624077338043
2025-03-07,3231,0.025916412,0.10666140359509813
2024-11-28,3661,0.012409568,0.33411214922413146
2024-11-29,3661,0.021041341,0.3182844245664558
2024-12-02,3661,0.027621917,0.2604856509593283
2024-12-03,3661,0.02102957,0.29908675802980356
2024-12-04,3661,0.013907947,0.191897654779714
2024-12-05,3661,-0.0069412887,0.07378640795347668
2024-12-06,3661,0.004544452,0.12695312521255198
2024-12-09,3661,-0.0129124895,0.0616822427014716
2024-12-10,3661,0.016741566,0.06994328899554314
2024-12-11,3661,0.023269616,0.057943924916249445
2024-12-12,3661,0.022813596,0.014571949110706361
2024-12-13,3661,-0.011901006,-0.0189655173866089
2024-12-16,3661,-0.027610928,-0.043046357612573916
2024-12-17,3661,0.0018509328,-0.14156626522416493
2024-12-18,3661,0.004759088,-0.11676646707672633
2024-12-19,3661,-0.00074420124,-0.18086696553056592
2024-12-20,3661,0.009699985,-0.1761978359812516
2024-12-23,3661,0.005266115,-0.1975867269801208
2024-12-24,3661,0.01305078,-0.2608024689862801
2024-12-25,3661,0.01897432,-0.32919254665589304
2024-12-26,3661,0.017678052,-0.39218749993839075
2024-12-27,3661,0.011460386,-0.3578947368261274
2024-12-30,3661,0.008770429,-0.33903576966437465
2024-12-31,3661,0.017714739,-0.3201219512204505
2025-01-02,3661,-0.0042144805,-0.2387096773311238
2025-01-03,3661,0.022472002,-0.2754590986105895
2025-01-06,3661,0.00063996017,-0.2843295637551707
2025-01-07,3661,0.0065542758,-0.31093749992853326
2025-01-08,3661,0.014991626,-0.3154471543306323
2025-01-09,3661,0.010248311,-0.35645161275827475
2025-01-10,3661,0.008251645,-0.2920203734172502
2025-01-13,3661,0.0045766607,-0.24508050094743128
2025-01-14,3661,0.0003766641,-0.24077328657286678
2025-01-15,3661,0.015569977,-0.2500000001728434
2025-01-16,3661,0.018845923,-0.25513698651328054
2025-01-17,3661,0.021512978,-0.26850258172329866
2025-01-20,3661,-0.016808793,-0.27330173793507173
2025-01-21,3661,0.024564095,-0.2673107888598909
2025-01-22,3661,0.014494732,-0.27316293915390855
2025-02-03,3661,0.006641619,-0.24406779647794052
2025-02-04,3661,0.011952922,-0.27734976885458273
2025-02-05,3661,-0.016562149,-0.3124065770175557
2025-02-06,3661,0.019506507,-0.24477611921140263
2025-02-07,3661,-0.019694045,-0.25242718448504864
2025-02-10,3661,0.02218832,-0.20833333322456116
2025-02-11,3661,0.02088724,-0.22836879437376412
2025-02-12,3661,0.025835,-0.23743016771354097
2025-02-13,3661,0.0025239065,-0.2892223738333288
2025-02-14,3661,0.013701238,-0.2063711910737699
2025-02-17,3661,0.017595895,-0.1699164344722509
2025-02-18,3661,0.020443521,-0.17613636356630225
2025-02-19,3661,0.021341197,-0.12130177519387364
2025-02-20,3661,0.01962158,-0.13615733749099324
2025-02-21,3661,0.004461728,-0.17101449288422477
2025-02-24,3661,0.014146224,-0.17126269969726826
2025-02-25,3661,0.014865577,-0.1497730713317179
2025-02-26,3661,0.0066953674,-0.1904761904618849
2025-02-27,3661,0.026046745,-0.17199391181207557
2025-03-03,3661,-0.0022329465,-0.08780487775574652
2025-03-04,3661,0.00048324466,-0.08264462806608053
2025-03-05,3661,0.005196467,-0.0698835273223386
2025-03-06,3661,0.030023336,-0.05709342569497011
2025-03-07,3661,-0.000930354,-0.06451612885535363
2024-11-28,3711,-0.011119325,0.09523809150628382
2024-11-29,3711,-0.0155392885,0.029702969886371333
2024-12-02,3711,-0.012476306,0.0291262131973673
2024-12-03,3711,-0.0076071024,0.016129034328653313
2024-12-04,3711,-0.0068580434,-0.018987341562393567
2024-12-05,3711,-0.013291724,0.0
2024-12-06,3711,-0.0028736293,0.006269594596555406
2024-12-09,3711,-0.012048382,-0.012499997709070731
2024-12-10,3711,-0.015514292,0.02848101234359013
2024-12-11,3711,-0.015941095,0.03205127938315733
2024-12-12,3711,-0.013665345,0.022292997879354015
2024-12-13,3711,-0.015277725,0.012618300823773465
2024-12-16,3711,-0.01147183,0.006230525163624767
2024-12-17,3711,-0.017026722,-0.009493670781196673
2024-12-18,3711,-0.013368972,-0.06521739059729803
2024-12-19,3711,-0.016315322,-0.11180124102393962
2024-12-20,3711,-0.015156768,-0.05079365455109486
2024-12-23,3711,-0.012754127,-0.07165109158265548
2024-12-24,3711,1.0423362e-05,-0.1823708243260186
2024-12-25,3711,-0.0032304302,-0.22960725255235903
2024-12-26,3711,-0.0034401678,-0.3030303034149796
2024-12-27,3711,-0.0017369762,-0.2333333324870448
2024-12-30,3711,0.012892593,-0.1773700325790527
2024-12-31,3711,-0.0046073534,-0.18209876523257096
2025-01-02,3711,-0.0072666258,-0.1557632400176816
2025-01-03,3711,-0.009382904,-0.17080744939606662
2025-01-06,3711,0.0005662255,-0.21987951904143166
2025-01-07,3711,0.0119999945,-0.2628571471659601
2025-01-08,3711,-0.0068409443,-0.2507288624574594
2025-01-09,3711,-0.0020657815,-0.23192771584110827
2025-01-10,3711,0.0019502528,-0.18397626129358424
2025-01-13,3711,0.004402645,-0.18461538263236543
2025-01-14,3711,-0.004062947,-0.1459627335050957
2025-01-15,3711,-0.008332703,-0.1517027829044698
2025-01-16,3711,0.004002273,-0.16060606068299588
2025-01-17,3711,0.003400948,-0.1837349412602568
2025-01-20,3711,0.008734785,-0.19186046847930582
2025-01-21,3711,0.0021071658,-0.2209302334785468
2025-01-22,3711,0.020377569,-0.22881355661432412
2025-02-03,3711,0.022031106,-0.1583850914505811
2025-02-04,3711,0.007995814,-0.12698412972832762
2025-02-05,3711,0.0057332367,-0.14860680986061303
2025-02-06,3711,-0.00897567,-0.11801242324911088
2025-02-07,3711,0.0011028871,-0.11854103804017146
2025-02-10,3711,0.0044011474,-0.09909909785243598
2025-02-11,3711,0.0028832108,-0.10149254000104435
2025-02-12,3711,-0.006705437,-0.11178247405313013
2025-02-13,3711,0.014611766,-0.16715542896663516
2025-02-14,3711,0.016022086,-0.17714285666409968
2025-02-17,3711,0.012122788,-0.1882022485296969
2025-02-18,3711,0.01241646,-0.18994413417626932
2025-02-19,3711,0.02476915,-0.22343323847907348
2025-02-20,3711,0.033424467,-0.19777158699614417
2025-02-21,3711,0.022482187,-0.2182320451099643
2025-02-24,3711,0.021451063,-0.19318181824943714
2025-02-25,3711,0.018752806,-0.21813031057256738
2025-02-26,3711,0.018024713,-0.23361823480831723
2025-02-27,3711,0.013537139,-0.21929824292787026
2025-03-03,3711,-0.00044388324,-0.15407854822393074
2025-03-04,3711,0.0015262067,-0.1493902401838404
2025-03-05,3711,-0.0056002587,-0.16265060632421413
2025-03-06,3711,-0.020786319,-0.15662650792437582
2025-03-07,3711,-0.016000539,-0.12307691960663958
2024-11-28,4904,0.02095741,0.025358322408830736
2024-11-29,4904,0.017096683,0.03448276111161075
2024-12-02,4904,0.029575035,0.006557377087963667
2024-12-03,4904,0.053302325,0.03941441286338887
2024-12-04,4904,0.058234114,0.04054054103467242
2024-12-05,4904,0.059779376,0.02125279869568253
2024-12-06,4904,0.05832726,0.03803131633535606
2024-12-09,4904,0.05327513,0.012222220364861869
2024-12-10,4904,0.047839295,0.028921027778664454
2024-12-11,4904,0.033980608,0.035555559991841124
2024-12-12,4904,0.030564405,0.03563474846556547
2024-12-13,4904,0.03197988,0.028888893245000657
2024-12-16,4904,0.033429686,0.023204426193088157
2024-12-17,4904,0.03855664,0.022950813893409805
2024-12-18,4904,0.034338336,0.02292577046133437
2024-12-19,4904,0.0408426,0.012101208208555647
2024-12-20,4904,0.04460422,0.03351955341042623
2024-12-23,4904,0.043527663,0.014223196834289631
2024-12-24,4904,0.03698646,-0.028571421095250016
2024-12-25,4904,0.041850403,-0.03497268174544854
2024-12-26,4904,0.03888314,-0.0504939594179844
2024-12-27,4904,0.03384964,0.016592926605299985
2024-12-30,4904,0.02471327,0.0011160734508532943
2024-12-31,4904,0.03655848,-0.02125279869568253
2025-01-02,4904,0.022303067,0.0
2025-01-03,4904,0.0046902224,-0.004504500496544939
2025-01-06,4904,0.014364384,-0.03232999910202616
2025-01-07,4904,0.0083114095,-0.02491505845628561
2025-01-08,4904,0.006315816,-0.008073819893430922
2025-01-09,4904,0.0045814775,-0.022935784143714333
2025-01-10,4904,0.008236699,0.002309460509260175
2025-01-13,4904,0.0063638613,-0.013698630306240411
2025-01-14,4904,0.01049253,-0.03820225560820101
2025-01-15,4904,0.009329822,-0.03178206219466706
2025-01-16,4904,0.0072951056,-0.027027027356448352
2025-01-17,4904,0.014688835,-0.03815937982284323
2025-01-20,4904,0.020663425,-0.014806380308369893
2025-01-21,4904,0.008802921,-0.0045558169117518865
2025-01-22,4904,-5.1993877e-05,0.00454030337454836
2025-02-03,4904,0.0152726285,-0.028953221828716402
2025-02-04,4904,0.014911525,-0.036625977516186126
2025-02-05,4904,0.01852335,-0.037569057311134024
2025-02-06,4904,0.016676787,-0.037694021604913086
2025-02-07,4904,0.021212801,-0.04328524506342679
2025-02-10,4904,0.018493634,-0.0389754997311309
2025-02-11,4904,0.016774945,0.013513513678224065
2025-02-12,4904,0.016898908,-0.008898768516933386
2025-02-13,4904,0.02504579,-0.002247195083188047
2025-02-14,4904,0.032623697,-0.00788288501039569
2025-02-17,4904,0.017125659,0.01467268850525616
2025-02-18,4904,0.008568473,-0.010101016236136573
2025-02-19,4904,0.010045402,0.01136364474958751
2025-02-20,4904,0.0016124547,0.021615461999341168
2025-02-21,4904,0.0111213885,-0.01783724338035153
2025-02-24,4904,0.006951783,-0.016666660854063653
2025-02-25,4904,0.0050226264,-0.036748324185514436
2025-02-26,4904,0.011135735,-0.04555555409906431
2025-02-27,4904,0.010078229,-0.04894326296149054
2025-03-03,4904,0.018045519,-0.07338444957919654
2025-03-04,4904,0.021738507,-0.05506608370612309
2025-03-05,4904,0.026017547,-0.05470459956515472
2025-03-06,4904,0.029498912,-0.05452561992679461
2025-03-07,4904,0.04618549,-0.050701196649339364
2024-11-28,4938,-0.01841795,-0.022082013979519366
2024-11-29,4938,-0.020058267,-0.016967123484292634
2024-12-02,4938,-0.019905373,-0.01793249100058969
2024-12-03,4938,-0.010866396,-0.010672353960003211
2024-12-04,4938,-0.016671337,-0.03907075350608891
2024-12-05,4938,-0.019854926,-0.021321964056737808
2024-12-06,4938,-0.018299196,-0.026567481477631993
2024-12-09,4938,-0.0120881945,-0.06885920028129588
2024-12-10,4938,-0.017858636,-0.043750001582561704
2024-12-11,4938,-0.016404804,-0.040752351784848706
2024-12-12,4938,-0.012968689,-0.05082987195172772
2024-12-13,4938,-0.015080769,-0.04936974713109843
2024-12-16,4938,-0.008684225,-0.01725998754127067
2024-12-17,4938,-0.010062631,-0.024918746795235536
2024-12-18,4938,-0.012249388,-0.04034895624743351
2024-12-19,4938,-0.015224513,-0.08004386370084193
2024-12-20,4938,-0.019209217,-0.032115165159390724
2024-12-23,4938,-0.019870698,-0.07165775576748878
2024-12-24,4938,-0.02440101,-0.15367965577617948
2024-12-25,4938,-0.021873884,-0.20366378390419948
2024-12-26,4938,-0.020210434,-0.26759062358616714
2024-12-27,4938,-0.020174813,-0.1881720434578802
2024-12-30,4938,-0.012644298,-0.15108695845377518
2024-12-31,4938,-0.012237862,-0.1512513609459829
2025-01-02,4938,-0.011922069,-0.12107623301721593
2025-01-03,4938,-0.016663268,-0.14052288199238794
2025-01-06,4938,-0.014842916,-0.15376344692837274
2025-01-07,4938,-0.0120071955,-0.16824395033655903
2025-01-08,4938,-0.016196154,-0.16983122458766653
2025-01-09,4938,-0.017342217,-0.17716115120521836
2025-01-10,4938,-0.015878104,-0.1338411352887674
2025-01-13,4938,-0.01321616,-0.13710555410237302
2025-01-14,4938,-0.011786465,-0.14164004278647946
2025-01-15,4938,-0.013166286,-0.11871657762857857
2025-01-16,4938,-0.009911284,-0.12499999114650862
2025-01-17,4938,-0.009905629,-0.1385927486995684
2025-01-20,4938,-0.010982648,-0.12723448584448416
2025-01-21,4938,-0.0112845,-0.15844700371373432
2025-01-22,4938,-0.01065724,-0.14684590662312547
2025-02-03,4938,-0.006464705,-0.1591375753831309
2025-02-04,4938,0.005552195,-0.11914894077194405
2025-02-05,4938,-0.0014412552,-0.12916666311789227
2025-02-06,4938,-0.0055456012,-0.11995863341736401
2025-02-07,4938,-0.004785031,-0.09637305170294597
2025-02-10,4938,-0.0037570558,-0.07867495257383716
2025-02-11,4938,-0.0041106343,-0.09362139759814281
2025-02-12,4938,-0.0061989687,-0.09259258690886973
2025-02-13,4938,-0.0016321316,-0.11692306736893388
2025-02-14,4938,-0.004924938,-0.10869565018468685
2025-02-17,4938,0.0015375018,-0.11534500936817182
2025-02-18,4938,-0.004255414,-0.120370361844786
2025-02-19,4938,0.0001748912,-0.13441955851167897
2025-02-20,4938,0.00232568,-0.12474437667088145
2025-02-21,4938,0.0067185536,-0.13715455790800568
2025-02-24,4938,-0.0027542375,-0.12590299209354672
2025-02-25,4938,-0.0035144053,-0.12876428611291435
2025-02-26,4938,-0.0025689937,-0.14757482514395026
2025-02-27,4938,-0.005463131,-0.12210526178669734
2025-03-03,4938,-0.011170346,-0.10830704695039073
2025-03-04,4938,-0.015547484,-0.10454066226385161
2025-03-05,4938,-0.021473497,-0.10126581850630823
2025-03-06,4938,-0.018223405,-0.07559395544750658
2025-03-07,4938,-0.01749421,-0.08012819430727125
2024-11-28,5871,0.041996967,0.024793392089579314
2024-11-29,5871,0.04497067,0.02109704343711627
2024-12-02,5871,0.04550355,0.0
2024-12-03,5871,0.043761592,-0.01626016210577741
2024-12-04,5871,0.0433146,0.0
2024-12-05,5871,0.04112741,-0.004065038348252115
2024-12-06,5871,0.038113862,0.012195123757525295
2024-12-09,5871,0.04027434,0.02066115417012826
2024-12-10,5871,0.051251832,-0.012195123757525406
2024-12-11,5871,0.05359746,0.012295074947064943
2024-12-12,5871,0.050929535,0.0207468850514978
2024-12-13,5871,0.0648122,0.037974679995536276
2024-12-16,5871,0.08807458,0.08771930517238635
2024-12-17,5871,0.094548486,0.10762331502381683
2024-12-18,5871,0.090335585,0.0848214285287121
2024-12-19,5871,0.07939131,0.03571428468909077
2024-12-20,5871,0.06734156,0.07207206963665458
2024-12-23,5871,0.066917345,0.08035714533469784
2024-12-24,5871,0.066531815,-0.02678570873257402
2024-12-25,5871,0.06655072,-0.0585585638207996
2024-12-26,5871,0.06352098,-0.15803570735710393
2024-12-27,5871,0.058788177,-0.0800000019051923
2024-12-30,5871,0.051841646,-0.06086956789150322
2024-12-31,5871,0.0347208,-0.008849561970282971
2025-01-02,5871,0.05052167,-0.03734440376493442
2025-01-03,5871,0.04428707,-0.02991453124540877
2025-01-06,5871,0.04734589,-0.047008547791416944
2025-01-07,5871,0.04773573,-0.03004291971830242
2025-01-08,5871,0.05764889,-0.047210301100348184
2025-01-09,5871,0.049646746,-0.03097345267027407
2025-01-10,5871,0.053265296,0.0044444419041882455
2025-01-13,5871,0.05226367,0.013636365673423523
2025-01-14,5871,0.051674485,0.008849552486472234
2025-01-15,5871,0.043836314,0.01777777714271367
2025-01-16,5871,0.04023043,0.004385971839052871
2025-01-17,5871,0.031043958,0.01777777714271367
2025-01-20,5871,0.033838727,0.03555555428542734
2025-01-21,5871,0.029309198,0.013043480165161547
2025-01-22,5871,0.024798956,0.02164501867267754
2025-02-03,5871,0.026527938,-0.020833339287058994
2025-02-04,5871,0.013264187,0.026086951011447868
2025-02-05,5871,0.023525298,0.0432900466238888
2025-02-06,5871,0.024593823,0.029535866238143083
2025-02-07,5871,0.023483668,0.03813559899276764
2025-02-10,5871,0.024521634,0.0593220368230023
2025-02-11,5871,0.033363737,0.012244899744557447
2025-02-12,5871,0.032954916,0.03688524240956581
2025-02-13,5871,0.035718754,0.012096767293483968
2025-02-14,5871,0.039199226,-0.01581027617756703
2025-02-17,5871,0.040964846,0.0
2025-02-18,5871,0.047283836,0.00787401973465407
2025-02-19,5871,0.046786588,0.007843132772096695
2025-02-20,5871,0.04930711,-0.027450981512858186
2025-02-21,5871,0.049429595,-0.05038759335725718
2025-02-24,5871,0.049581155,-0.046692605543606214
2025-02-25,5871,0.0449929,-0.04330708744471967
2025-02-26,5871,0.046658378,-0.03984063207492072
2025-02-27,5871,0.030325957,-0.04761904599898614
2025-03-03,5871,0.034279026,-0.034883717839060746
2025-03-04,5871,0.029182773,-0.04687499843017007
2025-03-05,5871,0.028690113,-0.04724409309287103
2025-03-06,5871,0.025836114,-0.027888439036761303
2025-03-07,5871,0.027361697,-0.01999999725652324
2024-11-28,5876,0.12266773,0.10606060725477362
2024-11-29,5876,0.111865126,0.11082802456603713
2024-12-02,5876,0.11500228,0.13049096034440133
2024-12-03,5876,0.10695931,0.10366623734441749
2024-12-04,5876,0.10619622,0.12247476230232768
2024-12-05,5876,0.09871893,0.12340965745698584
2024-12-06,5876,0.09242984,0.11654135210915784
2024-12-09,5876,0.095661186,0.10958903186703028
2024-12-10,5876,0.094611466,0.10408922096028705
2024-12-11,5876,0.090302944,0.12094761788594077
2024-12-12,5876,0.09030191,0.1189591059855617
2024-12-13,5876,0.08705979,0.09902200681793638
2024-12-16,5876,0.091227345,0.10012211957179806
2024-12-17,5876,0.09038641,0.13200496667004114
2024-12-18,5876,0.09211654,0.12951432452201717
2024-12-19,5876,0.09404261,0.13493064742876681
2024-12-20,5876,0.09276678,0.12951432452201717
2024-12-23,5876,0.092643425,0.10361446701318244
2024-12-24,5876,0.098442994,0.022304827537911853
2024-12-25,5876,0.09945962,0.10744812522271174
2024-12-26,5876,0.1109494,0.10294117834551386
2024-12-27,5876,0.10804872,0.15252153273892555
2024-12-30,5876,0.1093244,0.20100504929496865
2024-12-31,5876,0.09829635,0.199494963625932
2025-01-02,5876,0.093325295,0.1604477755822986
2025-01-03,5876,0.08866725,0.1832917505493732
2025-01-06,5876,0.08350175,0.15233413173410848
2025-01-07,5876,0.08098204,0.1580246890746584
2025-01-08,5876,0.07052107,0.1609336552498073
2025-01-09,5876,0.06657122,0.1629902011719795
2025-01-10,5876,0.06403208,0.14478528412427094
2025-01-13,5876,0.06432231,0.13936429552883323
2025-01-14,5876,0.06700608,0.11778846640792895
2025-01-15,5876,0.06819649,0.11084624467318327
2025-01-16,5876,0.070622,0.10676156416738936
2025-01-17,5876,0.071444,0.12980768593530256
2025-01-20,5876,0.068181485,0.12635378401506703
2025-01-21,5876,0.0659338,0.09495897034877565
2025-01-22,5876,0.06951167,0.11702127240940086
2025-02-03,5876,0.053867776,0.06363638061742583
2025-02-04,5876,0.058953084,0.04288938760351746
2025-02-05,5876,0.063097686,0.06939704144696912
2025-02-06,5876,0.061030485,0.07183581112703186
2025-02-07,5876,0.061741933,0.09407665648371744
2025-02-10,5876,0.058869563,0.08266360985137333
2025-02-11,5876,0.05575403,0.05681820035763274
2025-02-12,5876,0.054446485,0.05209513408068256
2025-02-13,5876,0.05272877,0.07736065033712936
2025-02-14,5876,0.049601953,0.05131130044085119
2025-02-17,5876,0.045216754,0.06228765724027019
2025-02-18,5876,0.043113068,0.055242392326858125
2025-02-19,5876,0.041364186,0.0529875936223172
2025-02-20,5876,0.038278315,0.05961754072442704
2025-02-21,5876,0.03575533,0.06861642142013658
2025-02-24,5876,0.033191614,0.053227652363426525
2025-02-25,5876,0.032761827,0.06278538904975384
2025-02-26,5876,0.031366922,0.043035129203838896
2025-02-27,5876,0.031928208,0.03750001507337952
2025-03-03,5876,0.029562533,0.049661394936473036
2025-03-04,5876,0.035220288,0.07540604707196108
2025-03-05,5876,0.022845758,0.07437072400946354
2025-03-06,5876,0.023957677,0.0660592251346499
2025-03-07,5876,0.0228089,0.053591809536670976
2024-11-28,5880,-0.0009819493,-0.029880498590131088
2024-11-29,5880,0.0061005056,-0.024096376833223965
2024-12-02,5880,0.0028579906,-0.03976144538822779
2024-12-03,5880,0.0049223527,-0.045454547356722164
2024-12-04,5880,0.0048266836,-0.0492126056458968
2024-12-05,5880,0.004770983,-0.04339252387777037
2024-12-06,5880,0.0068563707,-0.039447745182941585
2024-12-09,5880,0.007834237,-0.041501972562934974
2024-12-10,5880,0.007118527,-0.02976188425509574
2024-12-11,5880,0.0057473555,-0.0358565814356232
2024-12-12,5880,0.0051830783,-0.023952087456512006
2024-12-13,5880,0.00603671,-0.02200000957111381
2024-12-16,5880,0.008380111,-0.01800000398090562
2024-12-17,5880,0.011823624,-0.01600002236083209
2024-12-18,5880,0.010753684,-0.02610443303940868
2024-12-19,5880,0.025015697,-0.02631576240140976
2024-12-20,5880,0.07060254,-0.0020576378225429792
2024-12-23,5880,0.037009217,-0.006122436103479734
2024-12-24,5880,0.033509202,-0.11133603985089358
2024-12-25,5880,0.026123576,-0.07661288308501413
2024-12-26,5880,0.014904007,-0.10101011310888375
2024-12-27,5880,0.011961333,-0.03258656059198317
2024-12-30,5880,0.011478774,-0.018442626863164113
2024-12-31,5880,0.009983335,-0.012345696225193659
2025-01-02,5880,0.0114676505,-0.01237110791472451
2025-01-03,5880,0.00704097,-0.01851852255277986
2025-01-06,5880,0.011301808,-0.0244897876282677
2025-01-07,5880,0.011224892,-0.024590198078522252
2025-01-08,5880,0.014424525,-0.03030305104380071
2025-01-09,5880,0.011312436,-0.026476593957965977
2025-01-10,5880,0.010913499,-0.01237110791472451
2025-01-13,5880,0.018329453,-0.012422334107442201
2025-01-14,5880,0.008863058,-0.01656312675680416
2025-01-15,5880,0.012251347,-0.018480497187981948
2025-01-16,5880,0.013337653,-0.014314926919946291
2025-01-17,5880,0.009809729,0.0
2025-01-20,5880,0.013267364,0.008230420580107811
2025-01-21,5880,0.013114687,-0.0020407976297103225
2025-01-22,5880,0.013503648,0.018442583471708573
2025-02-03,5880,0.01163438,0.010183292098806973
2025-02-04,5880,0.008438937,0.014373715203924275
2025-02-05,5880,0.008519061,0.020449883227717347
2025-02-06,5880,0.009984665,0.014198781306133279
2025-02-07,5880,0.011365108,0.016359897921629507
2025-02-10,5880,0.013726953,0.028806580955430316
2025-02-11,5880,0.011972077,0.028865976680833683
2025-02-12,5880,0.013743959,0.02874743040784855
2025-02-13,5880,0.015654046,0.02254094981812904
2025-02-14,5880,0.011832159,0.02249489753212175
2025-02-17,5880,0.012161918,0.02663931616454951
2025-02-18,5880,0.0143621005,0.008146650929579557
2025-02-19,5880,0.017054375,0.008146650929579557
2025-02-20,5880,0.014634732,0.012269955918263076
2025-02-21,5880,0.015972354,-0.004065046423888052
2025-02-24,5880,0.013247505,0.004098322954964928
2025-02-25,5880,0.013199754,-0.014373715203924164
2025-02-26,5880,0.0153953545,-0.028455281928535636
2025-02-27,5880,0.010222513,-0.026476593957965977
2025-03-03,5880,0.015274007,-0.022177429253091407
2025-03-04,5880,0.0063467026,-0.016359897921629618
2025-03-05,5880,0.007968087,-0.004089985306087618
2025-03-06,5880,0.009116404,-0.0020492048689378928
2025-03-07,5880,0.009401295,-0.002053369251750814
2024-11-28,6446,0.005827237,0.0342960290458294
2024-11-29,6446,0.026492,-0.04475043178515137
2024-12-02,6446,0.014931567,-0.025996532237666625
2024-12-03,6446,0.008547179,-0.041308091205589426
2024-12-04,6446,0.012975313,-0.05602716547256159
2024-12-05,6446,0.020709753,-0.061769614395364214
2024-12-06,6446,0.02237235,-0.043918918348106684
2024-12-09,6446,0.009185575,-0.015463918696028811
2024-12-10,6446,0.0066878498,-0.003436428027162264
2024-12-11,6446,0.007122472,0.01940035155062736
2024-12-12,6446,0.030196026,-0.06040268507826496
2024-12-13,6446,0.025343187,-0.03418803420607597
2024-12-16,6446,0.018079773,0.0035273366455685906
2024-12-17,6446,0.009374987,-0.010619470562280187
2024-12-18,6446,0.01869347,-0.04137931000711015
2024-12-19,6446,0.010015581,-0.09440559517553959
2024-12-20,6446,0.0063892715,-0.0636042407606664
2024-12-23,6446,0.023839567,-0.09152542445249567
2024-12-24,6446,0.033195637,-0.20510708472526828
2024-12-25,6446,0.03388611,-0.19059405896207615
2024-12-26,6446,0.036055572,-0.2672697378208786
2024-12-27,6446,0.043404773,-0.18874172254482746
2024-12-30,6446,0.038733855,-0.1777408651571677
2024-12-31,6446,0.04446991,-0.19105691010385584
2025-01-02,6446,0.045865715,-0.1594684389811737
2025-01-03,6446,0.047334403,-0.2045454542720917
2025-01-06,6446,0.026624016,-0.2688330873835909
2025-01-07,6446,0.022145659,-0.3100828735030001
2025-01-08,6446,0.026887208,-0.32417582473502804
2025-01-09,6446,0.037802123,-0.3282336570196981
2025-01-10,6446,0.04221507,-0.3102493077208526
2025-01-13,6446,0.062339917,-0.30524079288029793
2025-01-14,6446,0.054875523,-0.30763888843033804
2025-01-15,6446,0.053540036,-0.2873082286347406
2025-01-16,6446,0.05753661,-0.2621359220307866
2025-01-17,6446,0.05648952,-0.25847457618989045
2025-01-20,6446,0.06223859,-0.22366522436976388
2025-01-21,6446,0.05977974,-0.22222222301418715
2025-01-22,6446,0.06128701,-0.22707423631021362
2025-02-03,6446,0.061803505,-0.25739644880158485
2025-02-04,6446,0.0528197,-0.23134328425605566
2025-02-05,6446,0.060362518,-0.24264705881017656
2025-02-06,6446,0.074389815,-0.2951977412782367
2025-02-07,6446,0.05572193,-0.2889842635415284
2025-02-10,6446,0.055177167,-0.27116212299703113
2025-02-11,6446,0.066634916,-0.2951048945372493
2025-02-12,6446,0.08189231,-0.3479112276044257
2025-02-13,6446,0.09445711,-0.3372859017230335
2025-02-14,6446,0.07324588,-0.34680573634866985
2025-02-17,6446,0.07696072,-0.3450064849077301
2025-02-18,6446,0.085845836,-0.296829971017466
2025-02-19,6446,0.10461534,-0.26215021972923647
2025-02-20,6446,0.11945259,-0.18571428619031327
2025-02-21,6446,0.10665912,-0.19687499980102174
2025-02-24,6446,0.092300996,-0.20890937079702165
2025-02-25,6446,0.08781524,-0.23076923003853766
2025-02-26,6446,0.07121975,-0.20592823639015123
2025-02-27,6446,0.07823706,-0.19025157252548008
2025-03-03,6446,0.06431442,-0.17693522812179663
2025-03-04,6446,0.06637706,-0.16692913351833172
2025-03-05,6446,0.056858357,-0.18849840286472597
2025-03-06,6446,0.06921493,-0.08542713469093577
2025-03-07,6446,0.08545868,-0.06055363173208461
2024-11-28,6505,0.18754685,-0.054827187743941574
2024-11-29,6505,0.19462371,-0.050122242638882764
2024-12-02,6505,0.19090039,-0.0408415801229276
2024-12-03,6505,0.20125136,-0.08424907835736162
2024-12-04,6505,0.20489028,-0.012422349600387905
2024-12-05,6505,0.21224374,0.012594447625818184
2024-12-06,6505,0.20622966,0.021410582031621717
2024-12-09,6505,0.21520206,0.015345276885244896
2024-12-10,6505,0.21364045,0.013924049426774499
2024-12-11,6505,0.2140792,-0.008951393690541876
2024-12-12,6505,0.21633247,0.017105254071432485
2024-12-13,6505,0.20414254,0.024128699402323983
2024-12-16,6505,0.20481905,0.03934872311667781
2024-12-17,6505,0.20660323,0.05801105211719615
2024-12-18,6505,0.21041006,0.021917800842507162
2024-12-19,6505,0.21424854,-0.002724787645236204
2024-12-20,6505,0.21621653,0.08501441430133472
2024-12-23,6505,0.21674827,0.06950353377285068
2024-12-24,6505,0.21920627,-0.039603962152986893
2024-12-25,6505,0.21148434,-0.04532579288054739
2024-12-26,6505,0.20947695,-0.11697573335634504
2024-12-27,6505,0.21753973,-0.028571433692177073
2024-12-30,6505,0.20571288,-0.005780359920388389
2024-12-31,6505,0.21037588,0.015918956455335476
2025-01-02,6505,0.21349102,0.10207103076305946
2025-01-03,6505,0.20312297,0.04824564058252023
2025-01-06,6505,0.20462319,-0.022038560352301784
2025-01-07,6505,0.2056801,0.019886364564529746
2025-01-08,6505,0.19588,0.027737220885339697
2025-01-09,6505,0.20270064,0.04918032327117561
2025-01-10,6505,0.19771367,0.10030394093619766
2025-01-13,6505,0.19141772,-0.01422476845605003
2025-01-14,6505,0.19216982,-0.030470910998690814
2025-01-15,6505,0.19583285,-0.041322307860883756
2025-01-16,6505,0.1970565,-0.031420772558856225
2025-01-17,6505,0.20018941,-0.07417218821830451
2025-01-20,6505,0.1993373,-0.03499325204113235
2025-01-21,6505,0.19842908,0.04252400953953783
2025-01-22,6505,0.207279,0.02728513462466986
2025-02-03,6505,0.21176219,0.12809317810993615
2025-02-04,6505,0.20821157,0.17469878190157684
2025-02-05,6505,0.2125406,0.16862171045521412
2025-02-06,6505,0.22107866,0.19941348533046477
2025-02-07,6505,0.22601533,0.1684053833780601
2025-02-10,6505,0.2276038,0.17008796646963376
2025-02-11,6505,0.23068163,0.1484149842449456
2025-02-12,6505,0.2295348,0.09444445783570266
2025-02-13,6505,0.23099619,0.03518266015249094
2025-02-14,6505,0.22607967,0.01721853380246441
2025-02-17,6505,0.21888962,0.011523666874648342
2025-02-18,6505,0.21222669,0.010471200606184894
2025-02-19,6505,0.21506968,-0.00130039987602093
2025-02-20,6505,0.22172388,0.03141360181855468
2025-02-21,6505,0.22335145,-0.014120666282024463
2025-02-24,6505,0.22683719,-0.03517588098101487
2025-02-25,6505,0.22511312,-0.0605686178143342
2025-02-26,6505,0.21630546,-0.07760813944752776
2025-02-27,6505,0.21018186,-0.07364339661217112
2025-03-03,6505,0.21232647,-0.06298202051405088
2025-03-04,6505,0.20385137,-0.03780965881984111
2025-03-05,6505,0.19027877,-0.05361597160782894
2025-03-06,6505,0.18669313,-0.02709678857143072
2025-03-07,6505,0.17952502,-0.007802344874530687
2024-11-28,6669,0.05156134,0.010101010263194654
2024-11-29,6669,0.036297,0.012919896846020906
2024-12-02,6669,0.030167975,-0.0051150895944733765
2024-12-03,6669,0.040494524,-0.03217821780360253
2024-12-04,6669,0.053595237,-0.12328767126601958
2024-12-05,6669,0.05549994,-0.17849462376863634
2024-12-06,6669,0.051804718,-0.1763485478711041
2024-12-09,6669,0.047009945,-0.21730382295478645
2024-12-10,6669,0.042037666,-0.172484599320338
2024-12-11,6669,0.04568748,-0.21370967737972568
2024-12-12,6669,0.044107355,-0.23123732232424132
2024-12-13,6669,0.050661273,-0.2385685884968286
2024-12-16,6669,0.055402167,-0.23199999992200504
2024-12-17,6669,0.05612302,-0.2917466412286748
2024-12-18,6669,0.05108867,-0.3157894734015332
2024-12-19,6669,0.059963964,-0.38764044963888034
2024-12-20,6669,0.056751244,-0.34659090903617185
2024-12-23,6669,0.052047014,-0.34339622630946254
2024-12-24,6669,0.0501731,-0.3806706116344296
2024-12-25,6669,0.04757697,-0.36557059971861317
2024-12-26,6669,0.04541251,-0.3754863811761513
2024-12-27,6669,0.04541768,-0.3198458576116733
2024-12-30,6669,0.038472943,-0.2549019610695116
2024-12-31,6669,0.043743614,-0.27099236664223725
2025-01-02,6669,0.035800084,-0.27058823541145616
2025-01-03,6669,0.039328754,-0.2950191572934664
2025-01-06,6669,0.04695005,-0.3037037034885628
2025-01-07,6669,0.041889623,-0.319494584615186
2025-01-08,6669,0.03843324,-0.3321234122155742
2025-01-09,6669,0.049072877,-0.3231357555022025
2025-01-10,6669,0.038124353,-0.2504930968637923
2025-01-13,6669,0.03174924,-0.23092783518850157
2025-01-14,6669,0.019562252,-0.21926229513091589
2025-01-15,6669,0.027847141,-0.1845493564320385
2025-01-16,6669,0.029981904,-0.19415448851312656
2025-01-17,6669,0.025765374,-0.20910973108052844
2025-01-20,6669,0.029050231,-0.15714285706252884
2025-01-21,6669,0.03488238,-0.1374207187923846
2025-01-22,6669,0.061015368,-0.051339285593902106
2025-02-03,6669,0.020498816,0.0346534653673114
2025-02-04,6669,0.06297067,0.06965174134074603
2025-02-05,6669,0.04569546,0.05011933151649095
2025-02-06,6669,0.035881042,0.06367924530188174
2025-02-07,6669,0.04207868,0.01598173541501846
2025-02-10,6669,0.023784153,0.07816091982248419
2025-02-11,6669,0.032428488,0.06966292101438643
2025-02-12,6669,0.022947349,0.07207207177534203
2025-02-13,6669,0.029873982,0.06603773590564499
2025-02-14,6669,0.039469115,0.12469437645843318
2025-02-17,6669,0.02704712,0.12200956926760598
2025-02-18,6669,0.03978347,0.07339449561799039
2025-02-19,6669,0.033262968,0.0780141846459097
2025-02-20,6669,0.02248568,0.1394230765777098
2025-02-21,6669,0.026096597,0.11778846136087906
2025-02-24,6669,0.06296691,0.1666666667532446
2025-02-25,6669,0.07333097,0.250645994979215
2025-02-26,6669,0.071159326,0.19012345663506713
2025-02-27,6669,0.06932363,0.2620865144601039
2025-03-03,6669,0.070172995,0.3203125001595435
2025-03-04,6669,0.06427042,0.28423772623121346
2025-03-05,6669,0.07680594,0.2024390245327159
2025-03-06,6669,0.06857561,0.19660194179626833
2025-03-07,6669,0.04418829,0.2241379308904754
